,meshcode,linkno,snodeno,enodeno,day,shour,ehour,sdate,edate,cartype,geometry
0,513253,2,59,58,100000000,0000,2400,0101,1231,0,
1,513253,3,70,4694,100000000,0000,2400,0101,1231,0,
2,513253,4,71,60,100000000,0000,2400,0101,1231,0,
3,513253,5,141,3320,100000000,0000,2400,0101,1231,0,
4,513253,6,57,4399,100000000,0000,2400,0101,1231,0,
5,513253,7,4399,69,100000000,0000,2400,0101,1231,0,
6,513253,8,8253,4694,100000000,0000,2400,0101,1231,0,
7,513253,9,8549,63,100000000,0000,2400,0101,1231,0,
8,513253,10,64,8550,100000000,0000,2400,0101,1231,0,
9,513253,11,8568,8545,100000000,0000,2400,0101,1231,0,
10,513253,12,8546,8569,100000000,0000,2400,0101,1231,0,
11,513253,13,8570,8568,100000000,0000,2400,0101,1231,0,
12,513253,14,8569,8571,100000000,0000,2400,0101,1231,0,
13,513253,15,8571,8572,100000000,0000,2400,0101,1231,0,
14,513253,16,8572,8570,100000000,0000,2400,0101,1231,0,
15,513253,17,8593,8547,100000000,0000,2400,0101,1231,0,
16,513253,18,56,57,100000000,0000,2400,0101,1231,0,
17,513253,19,59,60,100000000,0000,2400,0101,1231,0,
18,513253,20,64,63,100000000,0000,2400,0101,1231,0,
19,513253,21,67,66,100000000,0000,2400,0101,1231,0,
20,513253,22,65,68,100000000,0000,2400,0101,1231,0,
21,513253,23,62,68,100000000,0000,2400,0101,1231,0,
22,513253,24,67,61,100000000,0000,2400,0101,1231,0,
23,513253,25,74,73,100000000,0000,2400,0101,1231,0,
24,513253,26,76,75,100000000,0000,2400,0101,1231,0,
25,513253,27,140,56,100000000,0000,2400,0101,1231,0,
26,513253,28,3632,76,100000000,0000,2400,0101,1231,0,
27,513253,29,73,3633,100000000,0000,2400,0101,1231,0,
28,513253,30,58,4405,100000000,0000,2400,0101,1231,0,
29,513253,31,4467,2,100000000,0000,2400,0101,1231,0,
30,513253,32,1,4468,100000000,0000,2400,0101,1231,0,
31,513253,33,4468,4469,100000000,0000,2400,0101,1231,0,
32,513253,34,4469,64,100000000,0000,2400,0101,1231,0,
33,513253,35,4470,4467,100000000,0000,2400,0101,1231,0,
34,513253,36,60,4470,100000000,0000,2400,0101,1231,0,
35,513253,37,4473,59,100000000,0000,2400,0101,1231,0,
36,513253,38,4471,4473,100000000,0000,2400,0101,1231,0,
37,513253,39,63,4474,100000000,0000,2400,0101,1231,0,
38,513253,40,4474,4472,100000000,0000,2400,0101,1231,0,
39,513253,41,4475,61,100000000,0000,2400,0101,1231,0,
40,513253,42,65,4476,100000000,0000,2400,0101,1231,0,
41,513253,43,4476,4477,100000000,0000,2400,0101,1231,0,
42,513253,44,4477,66,100000000,0000,2400,0101,1231,0,
43,513253,45,4478,4475,100000000,0000,2400,0101,1231,0,
44,513253,46,62,4478,100000000,0000,2400,0101,1231,0,
45,513253,47,70,4479,100000000,0000,2400,0101,1231,0,
46,513253,48,4479,4480,100000000,0000,2400,0101,1231,0,
47,513253,49,4481,54,100000000,0000,2400,0101,1231,0,
48,513253,50,4480,4481,100000000,0000,2400,0101,1231,0,
49,513253,51,4482,52,100000000,0000,2400,0101,1231,0,
50,513253,52,72,4483,100000000,0000,2400,0101,1231,0,
51,513253,53,4484,78,100000000,0000,2400,0101,1231,0,
52,513253,54,4483,4485,100000000,0000,2400,0101,1231,0,
53,513253,55,4486,4484,100000000,0000,2400,0101,1231,0,
54,513253,56,4485,4487,100000000,0000,2400,0101,1231,0,
55,513253,57,69,4488,100000000,0000,2400,0101,1231,0,
56,513253,58,4488,4486,100000000,0000,2400,0101,1231,0,
57,513253,59,4489,70,100000000,0000,2400,0101,1231,0,
58,513253,60,68,4490,100000000,0000,2400,0101,1231,0,
59,513253,61,4491,67,100000000,0000,2400,0101,1231,0,
60,513253,62,4490,4492,100000000,0000,2400,0101,1231,0,
61,513253,63,4493,4491,100000000,0000,2400,0101,1231,0,
62,513253,64,4496,4495,100000000,0000,2400,0101,1231,0,
63,513253,65,4492,4496,100000000,0000,2400,0101,1231,0,
64,513253,66,4494,4497,100000000,0000,2400,0101,1231,0,
65,513253,67,4497,4493,100000000,0000,2400,0101,1231,0,
66,513253,68,4498,4494,100000000,0000,2400,0101,1231,0,
67,513253,69,4495,4499,100000000,0000,2400,0101,1231,0,
68,513253,70,4500,4498,100000000,0000,2400,0101,1231,0,
69,513253,71,4499,4501,100000000,0000,2400,0101,1231,0,
70,513253,72,4502,4500,100000000,0000,2400,0101,1231,0,
71,513253,73,4501,4503,100000000,0000,2400,0101,1231,0,
72,513253,74,4503,4504,100000000,0000,2400,0101,1231,0,
73,513253,75,4505,4502,100000000,0000,2400,0101,1231,0,
74,513253,76,75,4508,100000000,0000,2400,0101,1231,0,
75,513253,77,4508,4506,100000000,0000,2400,0101,1231,0,
76,513253,78,4509,74,100000000,0000,2400,0101,1231,0,
77,513253,79,4507,4509,100000000,0000,2400,0101,1231,0,
78,513253,80,77,4514,100000000,0000,2400,0101,1231,0,
79,513253,81,4514,51,100000000,0000,2400,0101,1231,0,
80,513253,82,53,4515,100000000,0000,2400,0101,1231,0,
81,513253,83,4518,69,100000000,0000,2400,0101,1231,0,
82,513253,84,52,4692,100000000,0000,2400,0101,1231,0,
83,513253,85,4692,4518,100000000,0000,2400,0101,1231,0,
84,513253,86,4693,141,100000000,0000,2400,0101,1231,0,
85,513253,87,4694,4693,100000000,0000,2400,0101,1231,0,
86,513253,88,8221,71,100000000,0000,2400,0101,1231,0,
87,513253,89,4472,65,100000000,0000,2400,0101,1231,0,
88,513253,90,61,4471,100000000,0000,2400,0101,1231,0,
89,513253,91,4515,55,100000000,0000,2400,0101,1231,0,
90,513253,92,4506,8544,100000000,0000,2400,0101,1231,0,
91,513253,93,8545,4507,100000000,0000,2400,0101,1231,0,
92,513253,94,8546,8545,100000000,0000,2400,0101,1231,0,
93,513253,95,4504,8546,100000000,0000,2400,0101,1231,0,
94,513253,96,8544,8547,100000000,0000,2400,0101,1231,0,
95,513253,97,8547,4505,100000000,0000,2400,0101,1231,0,
96,513253,98,8564,8548,100000000,0000,2400,0101,1231,0,
97,513253,99,8548,8565,100000000,0000,2400,0101,1231,0,
98,513253,100,8566,8564,100000000,0000,2400,0101,1231,0,
99,513253,101,8565,8567,100000000,0000,2400,0101,1231,0,
100,513253,102,102,142,100000000,0000,2400,0101,1231,0,
101,513253,103,104,105,100000000,0000,2400,0101,1231,0,
102,513253,104,122,123,100000000,0000,2400,0101,1231,0,
103,513253,105,130,131,100000000,0000,2400,0101,1231,0,
104,513253,106,132,130,100000000,0000,2400,0101,1231,0,
105,513253,107,134,133,100000000,0000,2400,0101,1231,0,
106,513253,108,107,135,100000000,0000,2400,0101,1231,0,
107,513253,109,138,137,100000000,0000,2400,0101,1231,0,
108,513253,110,139,122,100000000,0000,2400,0101,1231,0,
109,513253,111,3321,144,100000000,0000,2400,0101,1231,0,
110,513253,112,4101,132,100000000,0000,2400,0101,1231,0,
111,513253,113,4325,4323,100000000,0000,2400,0101,1231,0,
112,513253,114,4331,4332,100000000,0000,2400,0101,1231,0,
113,513253,115,4333,4334,100000000,0000,2400,0101,1231,0,
114,513253,116,4334,4335,100000000,0000,2400,0101,1231,0,
115,513253,117,4339,4340,100000000,0000,2400,0101,1231,0,
116,513253,118,4338,4339,100000000,0000,2400,0101,1231,0,
117,513253,119,4401,4402,100000000,0000,2400,0101,1231,0,
118,513253,120,4400,3322,100000000,0000,2400,0101,1231,0,
119,513253,121,4422,3187,100000000,0000,2400,0101,1231,0,
120,513253,122,1086,4401,100000000,0000,2400,0101,1231,0,
121,513253,123,142,1086,100000000,0000,2400,0101,1231,0,
122,513253,124,4409,4322,100000000,0000,2400,0101,1231,0,
123,513253,125,137,4685,100000000,0000,2400,0101,1231,0,
124,513253,126,4335,5028,100000000,0000,2400,0101,1231,0,
125,513253,127,123,5029,100000000,0000,2400,0101,1231,0,
126,513253,128,4337,5030,100000000,0000,2400,0101,1231,0,
127,513253,129,5030,4338,100000000,0000,2400,0101,1231,0,
128,513253,130,4340,5036,100000000,0000,2400,0101,1231,0,
129,513253,131,5048,4329,100000000,0000,2400,0101,1231,0,
130,513253,132,5050,5048,100000000,0000,2400,0101,1231,0,
131,513253,133,5113,4327,100000000,0000,2400,0101,1231,0,
132,513253,134,5115,5113,100000000,0000,2400,0101,1231,0,
133,513253,135,4323,5117,100000000,0000,2400,0101,1231,0,
134,513253,136,5117,5115,100000000,0000,2400,0101,1231,0,
135,513253,137,106,5119,100000000,0000,2400,0101,1231,0,
136,513253,138,5119,107,100000000,0000,2400,0101,1231,0,
137,513253,139,5123,134,100000000,0000,2400,0101,1231,0,
138,513253,140,135,5123,100000000,0000,2400,0101,1231,0,
139,513253,141,4322,5124,100000000,0000,2400,0101,1231,0,
140,513253,142,5124,4325,100000000,0000,2400,0101,1231,0,
141,513253,143,10713,5676,100000000,0000,2400,0101,1231,0,
142,513253,144,5678,4530,100000000,0000,2400,0101,1231,0,
143,513253,145,101,5720,100000000,0000,2400,0101,1231,0,
144,513253,146,5720,5721,100000000,0000,2400,0101,1231,0,
145,513253,147,5828,4333,100000000,0000,2400,0101,1231,0,
146,513253,148,105,5829,100000000,0000,2400,0101,1231,0,
147,513253,149,5829,5832,100000000,0000,2400,0101,1231,0,
148,513253,150,5832,124,100000000,0000,2400,0101,1231,0,
149,513253,151,4330,5844,100000000,0000,2400,0101,1231,0,
150,513253,152,5844,4331,100000000,0000,2400,0101,1231,0,
151,513253,153,5872,106,100000000,0000,2400,0101,1231,0,
152,513253,154,4028,5872,100000000,0000,2400,0101,1231,0,
153,513253,155,5033,8230,100000000,0000,2400,0101,1231,0,
154,513253,156,8230,104,100000000,0000,2400,0101,1231,0,
155,513253,157,4402,8237,100000000,0000,2400,0101,1231,0,
156,513253,158,8237,5678,100000000,0000,2400,0101,1231,0,
157,513253,159,8238,4403,100000000,0000,2400,0101,1231,0,
158,513253,160,5676,8238,100000000,0000,2400,0101,1231,0,
159,513253,161,4327,8242,100000000,0000,2400,0101,1231,0,
160,513253,162,8242,4328,100000000,0000,2400,0101,1231,0,
161,513253,163,3320,8551,100000000,0000,2400,0101,1231,0,
162,513253,164,8551,139,100000000,0000,2400,0101,1231,0,
163,513253,165,5036,8552,100000000,0000,2400,0101,1231,0,
164,513253,166,8552,3321,100000000,0000,2400,0101,1231,0,
165,513253,179,128,127,100000000,0000,2400,0101,1231,0,
166,513253,187,4404,4400,100000000,0000,2400,0101,1231,0,
167,513253,188,4403,4404,100000000,0000,2400,0101,1231,0,
168,513253,190,4318,4422,100000000,0000,2400,0101,1231,0,
169,513253,192,4537,4536,100000000,0000,2400,0101,1231,0,
170,513253,193,9113,4537,100000000,0000,2400,0101,1231,0,
171,513253,194,9120,9113,100000000,0000,2400,0101,1231,0,
172,513253,195,4538,9120,100000000,0000,2400,0101,1231,0,
173,513253,196,4540,4539,100000000,0000,2400,0101,1231,0,
174,513253,197,4541,4540,100000000,0000,2400,0101,1231,0,
175,513253,207,5949,4318,100000000,0000,2400,0101,1231,0,
176,513253,242,6472,380,100000000,0000,2400,0101,1231,0,
177,513253,243,129,8186,100000000,0000,2400,0101,1231,0,
178,513253,244,8224,34,100000000,0000,2400,0101,1231,0,
179,513253,245,8225,8224,100000000,0000,2400,0101,1231,0,
180,513253,246,127,8225,100000000,0000,2400,0101,1231,0,
181,513253,247,380,5949,100000000,0000,2400,0101,1231,0,
182,513253,248,8247,6471,100000000,0000,2400,0101,1231,0,
183,513253,249,33,8249,100000000,0000,2400,0101,1231,0,
184,513253,250,8249,8247,100000000,0000,2400,0101,1231,0,
185,513253,255,4000,3976,100000000,0000,2400,0101,1231,0,
186,513253,290,216,177,100000000,0000,2400,0101,1231,0,
187,513253,291,218,217,100000000,0000,2400,0101,1231,0,
188,513253,293,217,223,100000000,0000,2400,0101,1231,0,
189,513253,299,248,247,100000000,0000,2400,0101,1231,0,
190,513253,300,250,249,100000000,0000,2400,0101,1231,0,
191,513253,301,251,250,100000000,0000,2400,0101,1231,0,
192,513253,302,254,253,100000000,0000,2400,0101,1231,0,
193,513253,303,255,254,100000000,0000,2400,0101,1231,0,
194,513253,304,256,255,100000000,0000,2400,0101,1231,0,
195,513253,305,259,257,100000000,0000,2400,0101,1231,0,
196,513253,306,260,259,100000000,0000,2400,0101,1231,0,
197,513253,317,282,281,100000000,0000,2400,0101,1231,0,
198,513253,323,956,219,100000000,0000,2400,0101,1231,0,
199,513253,324,958,229,100000000,0000,2400,0101,1231,0,
200,513253,325,972,769,100000000,0000,2400,0101,1231,0,
201,513253,326,973,972,100000000,0000,2400,0101,1231,0,
202,513253,329,3352,3351,100000000,0000,2400,0101,1231,0,
203,513253,340,3635,962,100000000,0000,2400,0101,1231,0,
204,513253,354,2760,958,100000000,0000,2400,0101,1231,0,
205,513253,355,3861,3862,100000000,0000,2400,0101,1231,0,
206,513253,356,3862,95,100000000,0000,2400,0101,1231,0,
207,513253,359,3918,224,100000000,0000,2400,0101,1231,0,
208,513253,360,3919,3918,100000000,0000,2400,0101,1231,0,
209,513253,361,223,3919,100000000,0000,2400,0101,1231,0,
210,513253,362,2746,218,100000000,0000,2400,0101,1231,0,
211,513253,363,3941,3940,100000000,0000,2400,0101,1231,0,
212,513253,364,3944,3941,100000000,0000,2400,0101,1231,0,
213,513253,365,3959,3944,100000000,0000,2400,0101,1231,0,
214,513253,366,3962,3959,100000000,0000,2400,0101,1231,0,
215,513253,367,226,956,100000000,0000,2400,0101,1231,0,
216,513253,370,2680,3978,100000000,0000,2400,0101,1231,0,
217,513253,373,4318,4317,100000000,0000,2400,0101,1231,0,
218,513253,374,3977,4340,100000000,0000,2400,0101,1231,0,
219,513253,377,3864,3863,100000000,0000,2400,0101,1231,0,
220,513253,378,3865,3256,100000000,0000,2400,0101,1231,0,
221,513253,379,3866,3352,100000000,0000,2400,0101,1231,0,
222,513253,380,3858,3860,100000000,0000,2400,0101,1231,0,
223,513253,381,3815,4342,100000000,0000,2400,0101,1231,0,
224,513253,382,3260,262,100000000,0000,2400,0101,1231,0,
225,513253,383,281,3260,100000000,0000,2400,0101,1231,0,
226,513253,384,4344,3815,100000000,0000,2400,0101,1231,0,
227,513253,385,4343,4344,100000000,0000,2400,0101,1231,0,
228,513253,386,318,4343,100000000,0000,2400,0101,1231,0,
229,513253,387,4345,318,100000000,0000,2400,0101,1231,0,
230,513253,388,4346,4345,100000000,0000,2400,0101,1231,0,
231,513253,389,1812,1878,100000000,0000,2400,0101,1231,0,
232,513253,390,1801,1812,100000000,0000,2400,0101,1231,0,
233,513253,391,2593,1801,100000000,0000,2400,0101,1231,0,
234,513253,392,2796,2794,100000000,0000,2400,0101,1231,0,
235,513253,393,711,2477,100000000,0000,2400,0101,1231,0,
236,513253,394,438,4347,100000000,0000,2400,0101,1231,0,
237,513253,395,4348,964,100000000,0000,2400,0101,1231,0,
238,513253,396,2765,3312,100000000,0000,2400,0101,1231,0,
239,513253,397,2392,3636,100000000,0000,2400,0101,1231,0,
240,513253,399,777,2389,100000000,0000,2400,0101,1231,0,
241,513253,401,3943,3942,100000000,0000,2400,0101,1231,0,
242,513253,402,3939,3943,100000000,0000,2400,0101,1231,0,
243,513253,403,3917,2739,100000000,0000,2400,0101,1231,0,
244,513253,404,2739,947,100000000,0000,2400,0101,1231,0,
245,513253,405,4350,2741,100000000,0000,2400,0101,1231,0,
246,513253,406,2741,952,100000000,0000,2400,0101,1231,0,
247,513253,407,4351,4350,100000000,0000,2400,0101,1231,0,
248,513253,408,4566,443,100000000,0000,2400,0101,1231,0,
249,513253,409,443,4375,100000000,0000,2400,0101,1231,0,
250,513253,410,4375,4352,100000000,0000,2400,0101,1231,0,
251,513253,413,4352,4351,100000000,0000,2400,0101,1231,0,
252,513253,417,3978,4442,100000000,0000,2400,0101,1231,0,
253,513253,418,4442,3861,100000000,0000,2400,0101,1231,0,
254,513253,419,4317,4422,100000000,0000,2400,0101,1231,0,
255,513253,420,4339,2680,100000000,0000,2400,0101,1231,0,
256,513253,421,3860,4341,100000000,0000,2400,0101,1231,0,
257,513253,422,177,4566,100000000,0000,2400,0101,1231,0,
258,513253,435,5157,4346,100000000,0000,2400,0101,1231,0,
259,513253,436,1878,5157,100000000,0000,2400,0101,1231,0,
260,513253,437,5180,261,100000000,0000,2400,0101,1231,0,
261,513253,438,262,5180,100000000,0000,2400,0101,1231,0,
262,513253,445,5766,3864,100000000,0000,2400,0101,1231,0,
263,513253,446,96,5766,100000000,0000,2400,0101,1231,0,
264,513253,447,4341,5776,100000000,0000,2400,0101,1231,0,
265,513253,450,95,6112,100000000,0000,2400,0101,1231,0,
266,513253,451,6112,3865,100000000,0000,2400,0101,1231,0,
267,513253,453,6184,282,100000000,0000,2400,0101,1231,0,
268,513253,454,6191,6184,100000000,0000,2400,0101,1231,0,
269,513253,455,3351,6191,100000000,0000,2400,0101,1231,0,
270,513253,456,4342,6206,100000000,0000,2400,0101,1231,0,
271,513253,457,6214,3858,100000000,0000,2400,0101,1231,0,
272,513253,458,6206,6214,100000000,0000,2400,0101,1231,0,
273,513253,463,6515,3579,100000000,0000,2400,0101,1231,0,
274,513253,464,527,6515,100000000,0000,2400,0101,1231,0,
275,513253,465,252,6536,100000000,0000,2400,0101,1231,0,
276,513253,466,2794,6537,100000000,0000,2400,0101,1231,0,
277,513253,467,6545,6544,100000000,0000,2400,0101,1231,0,
278,513253,468,3579,6545,100000000,0000,2400,0101,1231,0,
279,513253,469,253,6548,100000000,0000,2400,0101,1231,0,
280,513253,480,257,6587,100000000,0000,2400,0101,1231,0,
281,513253,481,6587,258,100000000,0000,2400,0101,1231,0,
282,513253,482,3514,6866,100000000,0000,2400,0101,1231,0,
283,513253,483,6866,2796,100000000,0000,2400,0101,1231,0,
284,513253,484,2477,6869,100000000,0000,2400,0101,1231,0,
285,513253,485,6869,6870,100000000,0000,2400,0101,1231,0,
286,513253,486,6870,3514,100000000,0000,2400,0101,1231,0,
287,513253,487,6873,246,100000000,0000,2400,0101,1231,0,
288,513253,488,247,6873,100000000,0000,2400,0101,1231,0,
289,513253,489,246,6874,100000000,0000,2400,0101,1231,0,
290,513253,490,6874,6877,100000000,0000,2400,0101,1231,0,
291,513253,491,6877,969,100000000,0000,2400,0101,1231,0,
292,513253,492,249,6885,100000000,0000,2400,0101,1231,0,
293,513253,493,6890,248,100000000,0000,2400,0101,1231,0,
294,513253,494,6885,6890,100000000,0000,2400,0101,1231,0,
295,513253,499,6946,437,100000000,0000,2400,0101,1231,0,
296,513253,500,6948,976,100000000,0000,2400,0101,1231,0,
297,513253,501,436,6948,100000000,0000,2400,0101,1231,0,
298,513253,502,6950,6946,100000000,0000,2400,0101,1231,0,
299,513253,503,976,6950,100000000,0000,2400,0101,1231,0,
300,513253,504,6953,968,100000000,0000,2400,0101,1231,0,
301,513253,505,6954,3516,100000000,0000,2400,0101,1231,0,
302,513253,506,968,6955,100000000,0000,2400,0101,1231,0,
303,513253,507,6955,6954,100000000,0000,2400,0101,1231,0,
304,513253,508,6959,436,100000000,0000,2400,0101,1231,0,
305,513253,509,6962,6960,100000000,0000,2400,0101,1231,0,
306,513253,510,969,6962,100000000,0000,2400,0101,1231,0,
307,513253,511,6966,6959,100000000,0000,2400,0101,1231,0,
308,513253,512,6960,6966,100000000,0000,2400,0101,1231,0,
309,513253,520,7180,966,100000000,0000,2400,0101,1231,0,
310,513253,521,7181,7180,100000000,0000,2400,0101,1231,0,
311,513253,522,437,7181,100000000,0000,2400,0101,1231,0,
312,513253,523,7191,965,100000000,0000,2400,0101,1231,0,
313,513253,524,966,7191,100000000,0000,2400,0101,1231,0,
314,513253,527,964,7201,100000000,0000,2400,0101,1231,0,
315,513253,528,7201,983,100000000,0000,2400,0101,1231,0,
316,513253,529,983,7204,100000000,0000,2400,0101,1231,0,
317,513253,530,7204,7203,100000000,0000,2400,0101,1231,0,
318,513253,531,7203,7208,100000000,0000,2400,0101,1231,0,
319,513253,532,7208,7210,100000000,0000,2400,0101,1231,0,
320,513253,533,7210,438,100000000,0000,2400,0101,1231,0,
321,513253,534,3312,7261,100000000,0000,2400,0101,1231,0,
322,513253,548,7329,3644,100000000,0000,2400,0101,1231,0,
323,513253,549,7336,7329,100000000,0000,2400,0101,1231,0,
324,513253,550,7345,7336,100000000,0000,2400,0101,1231,0,
325,513253,551,3636,7349,100000000,0000,2400,0101,1231,0,
326,513253,552,7349,7345,100000000,0000,2400,0101,1231,0,
327,513253,555,7380,960,100000000,0000,2400,0101,1231,0,
328,513253,556,962,7380,100000000,0000,2400,0101,1231,0,
329,513253,559,959,7432,100000000,0000,2400,0101,1231,0,
330,513253,560,7432,2392,100000000,0000,2400,0101,1231,0,
331,513253,561,2389,7444,100000000,0000,2400,0101,1231,0,
332,513253,562,7444,959,100000000,0000,2400,0101,1231,0,
333,513253,563,7446,2760,100000000,0000,2400,0101,1231,0,
334,513253,564,960,7446,100000000,0000,2400,0101,1231,0,
335,513253,566,228,7456,100000000,0000,2400,0101,1231,0,
336,513253,567,7456,777,100000000,0000,2400,0101,1231,0,
337,513253,570,224,7596,100000000,0000,2400,0101,1231,0,
338,513253,571,7596,216,100000000,0000,2400,0101,1231,0,
339,513253,572,952,7605,100000000,0000,2400,0101,1231,0,
340,513253,573,7605,7607,100000000,0000,2400,0101,1231,0,
341,513253,574,7632,2748,100000000,0000,2400,0101,1231,0,
342,513253,575,947,7632,100000000,0000,2400,0101,1231,0,
343,513253,576,7638,3964,100000000,0000,2400,0101,1231,0,
344,513253,577,7648,3962,100000000,0000,2400,0101,1231,0,
345,513253,578,219,7648,100000000,0000,2400,0101,1231,0,
346,513253,609,8128,4349,100000000,0000,2400,0101,1231,0,
347,513253,610,3964,8128,100000000,0000,2400,0101,1231,0,
348,513253,611,3644,2765,100000000,0000,2400,0101,1231,0,
349,513253,612,8207,973,100000000,0000,2400,0101,1231,0,
350,513253,613,769,3635,100000000,0000,2400,0101,1231,0,
351,513253,621,4349,8420,100000000,0000,2400,0101,1231,0,
352,513253,622,8421,7638,100000000,0000,2400,0101,1231,0,
353,513253,623,3942,8421,100000000,0000,2400,0101,1231,0,
354,513253,626,8420,4407,100000000,0000,2400,0101,1231,0,
355,513253,691,1086,4404,100000000,0000,2400,0101,1231,0,
356,513253,694,4440,4441,100000000,0000,2400,0101,1231,0,
357,513253,695,4572,4573,100000000,0000,2400,0101,1231,0,
358,513253,696,4574,4572,100000000,0000,2400,0101,1231,0,
359,513253,823,1085,1086,100000000,0000,2400,0101,1231,0,
360,513253,836,3392,957,100000000,0000,2400,0101,1231,0,
361,513253,851,102,3819,100000000,0000,2400,0101,1231,0,
362,513253,861,2758,228,100000000,0000,2400,0101,1231,0,
363,513253,947,7464,2758,100000000,0000,2400,0101,1231,0,
364,513253,948,4415,7464,100000000,0000,2400,0101,1231,0,
365,513253,954,7476,971,100000000,0000,2400,0101,1231,0,
366,513253,955,229,7476,100000000,0000,2400,0101,1231,0,
367,513253,956,7482,1594,100000000,0000,2400,0101,1231,0,
368,513253,957,971,7482,100000000,0000,2400,0101,1231,0,
369,513253,958,7505,226,100000000,0000,2400,0101,1231,0,
370,513253,959,957,7505,100000000,0000,2400,0101,1231,0,
371,513253,960,7651,7654,100000000,0000,2400,0101,1231,0,
372,513253,961,7654,2755,100000000,0000,2400,0101,1231,0,
373,513253,962,227,7655,100000000,0000,2400,0101,1231,0,
374,513253,963,7655,7651,100000000,0000,2400,0101,1231,0,
375,513253,972,1594,8127,100000000,0000,2400,0101,1231,0,
376,513253,987,2179,2175,100000000,0000,2400,0101,1231,0,
377,513253,988,2181,1424,100000000,0000,2400,0101,1231,0,
378,513253,989,4205,2179,100000000,0000,2400,0101,1231,0,
379,513253,990,2180,4205,100000000,0000,2400,0101,1231,0,
380,513253,993,6487,2180,100000000,0000,2400,0101,1231,0,
381,513253,994,1424,6487,100000000,0000,2400,0101,1231,0,
382,513253,1009,732,733,100000000,0000,2400,0101,1231,0,
383,513253,1043,756,836,011111000,0730,0830,0101,1231,0,
384,513253,1282,3389,3390,100000000,0000,2400,0101,1231,0,
385,513253,1301,836,3996,011111000,0730,0830,0101,1231,0,
386,513253,1302,3996,831,100000000,0000,2400,0101,1231,0,
387,513253,1314,4104,1077,100000000,0000,2400,0101,1231,0,
388,513253,1322,4260,4564,011111100,0700,0900,0101,1231,0,
389,513253,1334,4320,4319,100000000,0000,2400,0101,1231,0,
390,513253,1339,135,4104,100000000,0000,2400,0101,1231,0,
391,513253,1345,4401,4414,100000000,0000,2400,0101,1231,0,
392,513253,1355,3980,4520,100000000,0000,2400,0101,1231,0,
393,513253,1381,5044,5045,100000000,0000,2400,0101,1231,0,
394,513253,1382,5045,5043,100000000,0000,2400,0101,1231,0,
395,513253,1401,733,5276,100000000,0000,2400,0101,1231,0,
396,513253,1402,5276,386,100000000,0000,2400,0101,1231,0,
397,513253,1408,5328,639,011111100,0700,0830,0101,1231,0,
398,513253,1445,5032,5810,100000000,0000,2400,0101,1231,0,
399,513253,1446,5810,4379,100000000,0000,2400,0101,1231,0,
400,513253,1449,5818,3980,100000000,0000,2400,0101,1231,0,
401,513253,2351,3860,3859,100000000,0000,2400,0101,1231,0,
402,513253,2352,3866,3857,100000000,0000,2400,0101,1231,0,
403,513253,2421,4101,4100,100000000,0000,2400,0101,1231,0,
404,513253,2442,385,733,100000000,0000,2400,0101,1231,0,
405,513253,2452,1096,4563,100000000,0000,2400,0101,1231,0,
406,513253,2518,2860,4594,011111000,0700,0830,0101,1231,0,
407,513253,2519,4594,2861,100000000,0000,2400,0101,1231,0,
408,513253,2520,4595,3352,100000000,0000,2400,0101,1231,0,
409,513253,2521,3817,4595,100000000,0000,2400,0101,1231,0,
410,513253,2571,4520,5029,100000000,0000,2400,0101,1231,0,
411,513253,2574,5031,5035,100000000,0000,2400,0101,1231,0,
412,513253,2579,5051,5049,100000000,0000,2400,0101,1231,0,
413,513253,2587,5114,2223,100000000,0000,2400,0101,1231,0,
414,513253,2589,5115,5116,100000000,0000,2400,0101,1231,0,
415,513253,2590,5118,5116,100000000,0000,2400,0101,1231,0,
416,513253,2672,4336,5787,100000000,0000,2400,0101,1231,0,
417,513253,2673,5787,4521,100000000,0000,2400,0101,1231,0,
418,513253,2680,123,5818,100000000,0000,2400,0101,1231,0,
419,513253,2687,5871,4378,100000000,0000,2400,0101,1231,0,
420,513253,2688,5872,5871,100000000,0000,2400,0101,1231,0,
421,513253,2762,6471,6473,100000000,0000,2400,0101,1231,0,
422,513253,3078,6014,8167,100000000,0000,2400,0101,1231,0,
423,513253,3083,5035,4338,100000000,0000,2400,0101,1231,0,
424,513253,3094,8225,8226,100000000,0000,2400,0101,1231,0,
425,513253,3098,9636,6014,100000000,0000,2400,0101,1231,0,
426,513253,3106,8250,8249,100000000,0000,2400,0101,1231,0,
427,513253,3107,43,8250,100000000,0000,2400,0101,1231,0,
428,513253,3352,8226,8224,100000000,0000,2400,0101,1231,0,
429,513253,3365,4558,4269,011111100,0700,0900,0101,1231,0,
430,513253,3748,8148,8145,100000000,0000,2400,0101,1231,0,
431,513253,3749,8147,8148,100000000,0000,2400,0101,1231,0,
432,513253,4129,117,4006,100000000,0000,2400,0101,1231,0,
433,513253,4148,4048,3058,011111100,0700,0830,0101,1231,0,
434,513253,4199,4103,2218,100000000,0000,2400,0101,1231,0,
435,513253,4200,1077,4105,100000000,0000,2400,0101,1231,0,
436,513253,4201,4105,4106,100000000,0000,2400,0101,1231,0,
437,513253,4203,4106,4103,100000000,0000,2400,0101,1231,0,
438,513253,4684,1069,5282,100000000,0000,2400,0101,1231,0,
439,513253,4686,5282,5284,100000000,0000,2400,0101,1231,0,
440,513253,4689,5287,5286,100000000,0000,2400,0101,1231,0,
441,513253,4959,4356,5831,100000000,0000,2400,0101,1231,0,
442,513253,5043,6010,6011,100000000,0000,2400,0101,1231,0,
443,513253,5565,7125,7117,100000000,0000,2400,0101,1231,0,
444,513253,5566,7121,7125,100000000,0000,2400,0101,1231,0,
445,513253,5979,8149,8147,100000000,0000,2400,0101,1231,0,
446,513253,5980,8152,8150,100000000,0000,2400,0101,1231,0,
447,513253,5982,8151,8152,100000000,0000,2400,0101,1231,0,
448,513253,5984,8156,8154,100000000,0000,2400,0101,1231,0,
449,513253,5986,8158,8156,100000000,0000,2400,0101,1231,0,
450,513253,5988,8160,8158,100000000,0000,2400,0101,1231,0,
451,513253,5990,8162,8160,100000000,0000,2400,0101,1231,0,
452,513253,5992,5317,8162,100000000,0000,2400,0101,1231,0,
453,513253,6102,8503,8151,100000000,0000,2400,0101,1231,0,
454,513253,6103,8154,8503,100000000,0000,2400,0101,1231,0,
455,513253,6229,1333,1332,100000000,0000,2400,0101,1231,0,
456,513253,6232,386,750,100000000,0000,2400,0101,1231,0,
457,513253,6261,1428,1427,100000000,0000,2400,0101,1231,0,
458,513253,6262,1421,1429,100000000,0000,2400,0101,1231,0,
459,513253,6264,1432,334,100000000,0000,2400,0101,1231,0,
460,513253,6272,1456,828,011111100,0700,0830,0101,1231,0,
461,513253,6273,756,1457,100000000,0000,2400,0101,1231,0,
462,513253,6709,1321,2089,011111100,0700,0830,0101,1231,0,
463,513253,6720,1339,2109,100000000,0000,2400,0101,1231,0,
464,513253,6750,1389,1396,100000000,0700,1900,0101,1231,0,
465,513253,6751,1396,2138,100000000,0700,1900,0101,1231,0,
466,513253,6778,2182,2181,100000000,0000,2400,0101,1231,0,
467,513253,6784,1422,2195,100000000,0000,2400,0101,1231,0,
468,513253,6799,2202,1428,100000000,0000,2400,0101,1231,0,
469,513253,6800,2204,2202,100000000,0000,2400,0101,1231,0,
470,513253,6801,2208,2204,100000000,0000,2400,0101,1231,0,
471,513253,6802,2211,2208,100000000,0000,2400,0101,1231,0,
472,513253,6803,2177,1430,100000000,0000,2400,0101,1231,0,
473,513253,6805,2183,2200,100000000,0000,2400,0101,1231,0,
474,513253,6806,2200,2203,100000000,0000,2400,0101,1231,0,
475,513253,6807,2203,2205,100000000,0000,2400,0101,1231,0,
476,513253,6808,2205,2209,100000000,0000,2400,0101,1231,0,
477,513253,6809,1431,2178,100000000,0000,2400,0101,1231,0,
478,513253,6816,2233,756,100000000,0000,2400,0101,1231,0,
479,513253,7003,2450,878,100000000,0000,2400,0101,1231,0,
480,513253,7035,433,1702,011111100,0730,0830,0101,1231,0,
481,513253,7221,344,1622,100000000,0000,2400,0101,1231,0,
482,513253,7255,11,2178,100000000,0000,2400,0101,1231,0,
483,513253,7256,9,1432,100000000,0000,2400,0101,1231,0,
484,513253,7270,920,2692,100000000,0700,1900,0101,1231,0,
485,513253,7428,2906,2913,100000000,0000,2400,0101,1231,0,
486,513253,7579,3159,3160,100000000,0000,2400,0101,1231,0,
487,513253,8340,1465,3826,100000000,0000,2400,0101,1231,0,
488,513253,8344,3831,3832,100000000,0000,2400,0101,1231,0,
489,513253,8345,3832,3834,100000000,0000,2400,0101,1231,0,
490,513253,8347,3834,3835,100000000,0000,2400,0101,1231,0,
491,513253,8351,3838,3839,100000000,0000,2400,0101,1231,0,
492,513253,8415,3392,2756,100000000,0000,2400,0101,1231,0,
493,513253,8476,3938,3936,100000000,0000,2400,0101,1231,0,
494,513253,8517,1455,3997,011111000,0730,0830,0101,1231,0,
495,513253,8629,2145,1388,100000000,0000,2400,0101,1231,0,
496,513253,8644,1416,4113,011111100,0700,0900,0101,1231,0,
497,513253,8644,1416,4113,011111100,1730,1900,0101,1231,0,
498,513253,8645,4123,693,100000000,0700,1900,0101,1231,0,
499,513253,8646,4190,1389,100000000,0700,1900,0101,1231,0,
500,513253,8648,2143,4193,011111100,0730,0830,0101,1231,0,
501,513253,8649,4193,4195,011111100,0730,0830,0101,1231,0,
502,513253,8709,4263,637,011111100,0700,0830,0101,1231,0,
503,513253,8714,3160,4272,100000000,0000,2400,0101,1231,0,
504,513253,8715,2110,3159,100000000,0000,2400,0101,1231,0,
505,513253,8737,4294,2185,100000000,0000,2400,0101,1231,0,
506,513253,8740,1429,2183,100000000,0000,2400,0101,1231,0,
507,513253,8741,2184,2196,100000000,0000,2400,0101,1231,0,
508,513253,8756,4322,4326,100000000,0000,2400,0101,1231,0,
509,513253,8775,4355,4325,100000000,0000,2400,0101,1231,0,
510,513253,8804,4427,1059,100000000,0000,2400,0101,1231,0,
511,513253,8836,969,4580,100000000,0000,2400,0101,1231,0,
512,513253,8839,4582,2182,100000000,0000,2400,0101,1231,0,
513,513253,8840,1427,4582,100000000,0000,2400,0101,1231,0,
514,513253,9051,2089,4996,011111100,0700,0830,0101,1231,0,
515,513253,9052,4996,4263,011111100,0700,0830,0101,1231,0,
516,513253,9074,2086,5069,011111100,0700,0900,0101,1231,0,
517,513253,9075,5069,5070,011111100,0700,0900,0101,1231,0,
518,513253,9076,5070,2087,011111100,0700,0900,0101,1231,0,
519,513253,9097,5093,319,100000000,0000,2400,0101,1231,0,
520,513253,9108,4378,5120,100000000,0000,2400,0101,1231,0,
521,513253,9109,5120,5119,100000000,0000,2400,0101,1231,0,
522,513253,9112,4326,5125,100000000,0000,2400,0101,1231,0,
523,513253,9113,5125,4355,100000000,0000,2400,0101,1231,0,
524,513253,9125,1802,5152,011111000,0730,0830,0101,1231,0,
525,513253,9152,5216,169,100000000,0000,2400,0101,1231,0,
526,513253,9180,5304,408,100000000,0000,2400,0101,1231,0,
527,513253,9264,5519,3827,100000000,0000,2400,0101,1231,0,
528,513253,9267,5524,1465,100000000,0000,2400,0101,1231,0,
529,513253,9268,3827,5524,100000000,0000,2400,0101,1231,0,
530,513253,9309,2252,5705,100000000,0000,2400,0101,1231,0,
531,513253,9333,97,5762,100000000,0700,2100,0101,1231,0,
532,513253,9334,5762,679,100000000,0000,2400,0101,1231,0,
533,513253,9339,5773,5769,100000000,0700,2100,0101,1231,0,
534,513253,9340,5770,5773,100000000,0700,2100,0101,1231,0,
535,513253,9341,5769,5777,100000000,0700,2100,0101,1231,0,
536,513253,9387,5917,746,100000000,0000,2400,0101,1231,0,
537,513253,9486,6116,2248,100000000,0000,2400,0101,1231,0,
538,513253,9487,5777,6116,100000000,0000,2400,0101,1231,0,
539,513253,9569,6266,6267,011111100,0700,0830,0101,1231,0,
540,513253,9570,6267,188,011111100,0700,0830,0101,1231,0,
541,513253,9637,692,6395,011111100,0700,0900,0101,1231,0,
542,513253,9637,692,6395,011111100,1730,1900,0101,1231,0,
543,513253,9638,6395,1416,011111100,0700,0900,0101,1231,0,
544,513253,9638,6395,1416,011111100,1730,1900,0101,1231,0,
545,513253,9669,6479,1431,100000000,0000,2400,0101,1231,0,
546,513253,9670,6480,2211,100000000,0000,2400,0101,1231,0,
547,513253,9671,1430,6480,100000000,0000,2400,0101,1231,0,
548,513253,9695,6540,5151,011111000,0730,0830,0101,1231,0,
549,513253,9696,5152,6540,011111000,0730,0830,0101,1231,0,
550,513253,9781,2144,6751,011111100,0730,0830,0101,1231,0,
551,513253,9782,4195,6753,011111100,0730,0830,0101,1231,0,
552,513253,9783,6753,2144,011111100,0730,0830,0101,1231,0,
553,513253,9784,6751,6758,011111100,0730,0830,0101,1231,0,
554,513253,9785,6758,2145,011111100,0730,0830,0101,1231,0,
555,513253,9789,2692,6769,100000000,0700,1900,0101,1231,0,
556,513253,9792,6769,6772,100000000,0700,1900,0101,1231,0,
557,513253,9793,6772,4190,100000000,0700,1900,0101,1231,0,
558,513253,9794,2138,6773,100000000,0700,1900,0101,1231,0,
559,513253,9795,4189,6776,100000000,0700,1900,0101,1231,0,
560,513253,9796,6776,4122,100000000,0700,1900,0101,1231,0,
561,513253,9821,6803,704,100000000,0000,2400,0101,1231,0,
562,513253,9884,6968,3516,011111100,0730,0830,0101,1231,0,
563,513253,9981,1702,7152,011111100,0730,0830,0101,1231,0,
564,513253,9982,7152,6972,011111100,0730,0830,0101,1231,0,
565,513253,10066,962,7403,100000000,0000,2400,0101,1231,0,
566,513253,10268,750,8146,100000000,0000,2400,0101,1231,0,
567,513253,10269,8146,1340,100000000,0000,2400,0101,1231,0,
568,513253,10275,4272,8153,100000000,0000,2400,0101,1231,0,
569,513253,10276,8153,4276,100000000,0000,2400,0101,1231,0,
570,513253,10277,4276,8155,100000000,0000,2400,0101,1231,0,
571,513253,10278,8155,8157,100000000,0000,2400,0101,1231,0,
572,513253,10279,8157,8159,100000000,0000,2400,0101,1231,0,
573,513253,10280,8159,5317,100000000,0000,2400,0101,1231,0,
574,513253,10319,1453,4333,100000000,0000,2400,0101,1231,0,
575,513253,10320,105,4356,100000000,0000,2400,0101,1231,0,
576,513253,10324,5521,8233,100000000,0000,2400,0101,1231,0,
577,513253,10327,8248,128,100000000,0000,2400,0101,1231,0,
578,513253,10328,4457,8248,100000000,0000,2400,0101,1231,0,
579,513253,10393,8536,1872,011111100,1700,1900,0101,1231,0,
580,513253,10394,26,8536,011111100,1700,1900,0101,1231,0,
581,513253,10394,8536,26,011111100,0730,0830,0101,1231,0,
582,513253,10401,109,8560,100000000,0000,2400,0101,1231,0,
583,513253,10411,8150,8149,100000000,0000,2400,0101,1231,0,
584,513253,10421,8601,8242,100000000,0000,2400,0101,1231,0,
585,513253,10425,2223,8601,100000000,0000,2400,0101,1231,0,
586,513253,10454,8567,8650,100000000,0000,2400,0101,1231,0,
587,513253,10460,8650,45,100000000,0000,2400,0101,1231,0,
588,513253,10467,44,8658,100000000,0000,2400,0101,1231,0,
589,513253,10471,8658,8566,100000000,0000,2400,0101,1231,0,
590,513253,10663,8743,96,100000000,0000,2400,0101,1231,0,
591,513253,10690,8756,103,100000000,0000,2400,0101,1231,0,
592,513253,10695,5029,8756,100000000,0000,2400,0101,1231,0,
593,513253,10778,4685,8803,100000000,0000,2400,0101,1231,0,
594,513253,10782,8803,4028,100000000,0000,2400,0101,1231,0,
595,513253,10793,5867,8807,100000000,0000,2400,0101,1231,0,
596,513253,10852,8819,6953,100000000,0000,2400,0101,1231,0,
597,513253,10857,4347,8819,100000000,0000,2400,0101,1231,0,
598,513253,10864,8861,5287,100000000,0000,2400,0101,1231,0,
599,513253,10868,5285,8861,100000000,0000,2400,0101,1231,0,
600,513253,10940,8961,4348,100000000,0000,2400,0101,1231,0,
601,513253,10945,7261,8961,100000000,0000,2400,0101,1231,0,
602,513253,10974,6536,8881,100000000,0000,2400,0101,1231,0,
603,513253,10977,965,8983,100000000,0000,2400,0101,1231,0,
604,513253,10978,8881,251,100000000,0000,2400,0101,1231,0,
605,513253,10981,8983,8207,100000000,0000,2400,0101,1231,0,
606,513253,10992,8909,8901,100000000,0000,2400,0101,1231,0,
607,513253,11007,2592,8905,011111000,0730,0830,0101,1231,0,
608,513253,11016,8905,8897,011111000,0730,0830,0101,1231,0,
609,513253,11020,8897,2591,100000000,0000,2400,0101,1231,0,
610,513253,11044,5151,8922,011111000,0730,0830,0101,1231,0,
611,513253,11048,8922,2592,011111000,0730,0830,0101,1231,0,
612,513253,11247,6548,6551,100000000,0000,2400,0101,1231,0,
613,513253,11252,6551,252,100000000,0000,2400,0101,1231,0,
614,513253,11400,9163,102,100000000,0000,2400,0101,1231,0,
615,513253,11406,5721,9163,100000000,0000,2400,0101,1231,0,
616,513253,11414,8550,9213,100000000,0000,2400,0101,1231,0,
617,513253,11421,9186,5867,100000000,0000,2400,0101,1231,0,
618,513253,11422,8233,5519,100000000,0000,2400,0101,1231,0,
619,513253,11424,9213,9218,100000000,0000,2400,0101,1231,0,
620,513253,11427,3835,5521,100000000,0000,2400,0101,1231,0,
621,513253,11429,9218,58,100000000,0000,2400,0101,1231,0,
622,513253,11433,9170,4538,100000000,0000,2400,0101,1231,0,
623,513253,11438,9222,8549,100000000,0000,2400,0101,1231,0,
624,513253,11440,71,9225,100000000,0000,2400,0101,1231,0,
625,513253,11442,9225,9222,100000000,0000,2400,0101,1231,0,
626,513253,11452,4405,9234,100000000,0000,2400,0101,1231,0,
627,513253,11456,9234,145,100000000,0000,2400,0101,1231,0,
628,513253,11462,9239,8221,100000000,0000,2400,0101,1231,0,
629,513253,11465,4691,9239,100000000,0000,2400,0101,1231,0,
630,513253,11472,9245,4566,100000000,0000,2400,0101,1231,0,
631,513253,11477,145,9245,100000000,0000,2400,0101,1231,0,
632,513253,11483,153,9252,100000000,0000,2400,0101,1231,0,
633,513253,11490,9252,4691,100000000,0000,2400,0101,1231,0,
634,513253,11495,4569,9257,100000000,0000,2400,0101,1231,0,
635,513253,11499,9257,4691,100000000,0000,2400,0101,1231,0,
636,513253,11512,145,9264,100000000,0000,2400,0101,1231,0,
637,513253,11522,9264,9270,100000000,0000,2400,0101,1231,0,
638,513253,11525,9274,4568,100000000,0000,2400,0101,1231,0,
639,513253,11531,9270,9274,100000000,0000,2400,0101,1231,0,
640,513253,11532,51,4482,100000000,0000,2400,0101,1231,0,
641,513253,11534,54,53,100000000,0000,2400,0101,1231,0,
642,513253,11569,1118,9251,100000000,0700,0830,0101,1231,0,
643,513253,11575,9251,1049,100000000,0700,0830,0101,1231,0,
644,513253,11679,9293,4532,100000000,0000,2400,0101,1231,0,
645,513253,11685,620,9293,011111100,0700,0830,0101,1231,0,
646,513253,11743,9435,144,100000000,0000,2400,0101,1231,0,
647,513253,11748,141,9441,100000000,0000,2400,0101,1231,0,
648,513253,11751,9441,9435,100000000,0000,2400,0101,1231,0,
649,513253,11781,131,9463,100000000,0000,2400,0101,1231,0,
650,513253,11786,9463,4317,100000000,0000,2400,0101,1231,0,
651,513253,11789,3187,9471,100000000,0000,2400,0101,1231,0,
652,513253,11790,6140,9485,100000000,0000,2400,0101,1231,0,
653,513253,11794,9471,4319,100000000,0000,2400,0101,1231,0,
654,513253,11795,9485,208,100000000,0700,0900,0101,1231,0,
655,513253,11797,9370,3077,100000000,0000,2400,0101,1231,0,
656,513253,11799,4407,9498,100000000,0000,2400,0101,1231,0,
657,513253,11802,9498,227,100000000,0000,2400,0101,1231,0,
658,513253,11803,9438,10780,100000000,0000,2400,0101,1231,0,
659,513253,11820,9376,9370,100000000,0000,2400,0101,1231,0,
660,513253,11825,1049,9376,100000000,0000,2400,0101,1231,0,
661,513253,11830,9505,3977,100000000,0000,2400,0101,1231,0,
662,513253,11893,5681,4541,100000000,0000,2400,0101,1231,0,
663,513253,11900,9427,5681,100000000,0000,2400,0101,1231,0,
664,513253,11960,5831,8795,100000000,0000,2400,0101,1231,0,
665,513253,11969,9494,9486,100000000,0000,2400,0101,1231,0,
666,513253,11976,9593,9599,100000000,0000,2400,0101,1231,0,
667,513253,11979,74,9593,100000000,0000,2400,0101,1231,0,
668,513253,11982,9593,4397,100000000,0000,2400,0101,1231,0,
669,513253,11986,4397,9599,100000000,0000,2400,0101,1231,0,
670,513253,11990,9599,73,100000000,0000,2400,0101,1231,0,
671,513253,11995,9607,9613,100000000,0000,2400,0101,1231,0,
672,513253,11999,9613,75,100000000,0000,2400,0101,1231,0,
673,513253,12004,4398,9613,100000000,0000,2400,0101,1231,0,
674,513253,12005,10832,9507,100000000,0000,2400,0101,1231,0,
675,513253,12006,9607,4398,100000000,0000,2400,0101,1231,0,
676,513253,12012,76,9607,100000000,0000,2400,0101,1231,0,
677,513253,12031,1113,4261,100000000,0000,2400,0101,1231,0,
678,513253,12081,9619,4321,100000000,0000,2400,0101,1231,0,
679,513253,12086,4319,9619,100000000,0000,2400,0101,1231,0,
680,513253,12090,9626,8166,100000000,0000,2400,0101,1231,0,
681,513253,12094,4321,9626,100000000,0000,2400,0101,1231,0,
682,513253,12260,9914,4123,100000000,0700,1900,0101,1231,0,
683,513253,12265,4122,9914,100000000,0700,1900,0101,1231,0,
684,513253,12305,5330,9438,011111100,0700,0830,0101,1231,0,
685,513253,12310,9717,4189,100000000,0700,1900,0101,1231,0,
686,513253,12316,6773,9717,100000000,0700,1900,0101,1231,0,
687,513253,12318,3516,711,100000000,0000,2400,0101,1231,0,
688,513253,12328,6970,6968,011111100,0730,0830,0101,1231,0,
689,513253,12338,2109,2110,100000000,0000,2400,0101,1231,0,
690,513253,12379,1340,1339,100000000,0000,2400,0101,1231,0,
691,513253,12392,9649,387,100000000,0000,2400,0101,1231,0,
692,513253,12399,8145,9649,100000000,0000,2400,0101,1231,0,
693,513253,12425,6360,6362,011111100,0700,0900,0101,1231,0,
694,513253,12438,9796,6970,011111100,0730,0830,0101,1231,0,
695,513253,12444,6972,9796,011111100,0730,0830,0101,1231,0,
696,513253,12466,9952,112,100000000,0000,2400,0101,1231,0,
697,513253,12487,9799,4330,100000000,0000,2400,0101,1231,0,
698,513253,12491,4329,9799,100000000,0000,2400,0101,1231,0,
699,513253,12493,9177,9170,100000000,0000,2400,0101,1231,0,
700,513253,12506,9856,2746,100000000,0000,2400,0101,1231,0,
701,513253,12509,9881,9876,100000000,0000,2400,0101,1231,0,
702,513253,12511,3940,9856,100000000,0000,2400,0101,1231,0,
703,513253,12513,8901,9818,100000000,0000,2400,0101,1231,0,
704,513253,12516,9818,129,100000000,0000,2400,0101,1231,0,
705,513253,12523,4328,5050,100000000,0000,2400,0101,1231,0,
706,513253,12542,8250,9820,100000000,0000,2400,0101,1231,0,
707,513253,12548,9820,8251,100000000,0000,2400,0101,1231,0,
708,513253,12568,2748,3939,100000000,0000,2400,0101,1231,0,
709,513253,12569,1108,9807,100000000,0000,2400,0101,1231,0,
710,513253,12571,4113,9952,011111100,0700,0900,0101,1231,0,
711,513253,12571,4113,9952,011111100,1730,1900,0101,1231,0,
712,513253,12575,9807,9814,100000000,0000,2400,0101,1231,0,
713,513253,12579,9814,1109,100000000,0000,2400,0101,1231,0,
714,513253,12616,8186,9716,100000000,0000,2400,0101,1231,0,
715,513253,12617,9716,4457,100000000,0000,2400,0101,1231,0,
716,513253,12619,8186,9710,100000000,0000,2400,0101,1231,0,
717,513253,12621,9710,128,100000000,0000,2400,0101,1231,0,
718,513253,12625,9729,6472,100000000,0000,2400,0101,1231,0,
719,513253,12627,6471,9729,100000000,0000,2400,0101,1231,0,
720,513253,12630,9723,9688,100000000,0000,2400,0101,1231,0,
721,513253,12637,4317,9684,100000000,0000,2400,0101,1231,0,
722,513253,12642,9684,9680,100000000,0000,2400,0101,1231,0,
723,513253,12646,9680,8909,100000000,0000,2400,0101,1231,0,
724,513253,12647,9684,9686,100000000,0000,2400,0101,1231,0,
725,513253,12820,9981,2143,011111100,0730,0830,0101,1231,0,
726,513253,12829,9988,6479,100000000,0000,2400,0101,1231,0,
727,513253,12831,2209,9988,100000000,0000,2400,0101,1231,0,
728,513253,12894,3156,2233,011111000,0730,0830,0101,1231,0,
729,513253,12895,10118,5114,100000000,0000,2400,0101,1231,0,
730,513253,12897,5116,10118,100000000,0000,2400,0101,1231,0,
731,513253,12923,5776,10053,100000000,0000,2400,0101,1231,0,
732,513253,12924,10053,8743,100000000,0000,2400,0101,1231,0,
733,513253,12958,4487,10124,100000000,0000,2400,0101,1231,0,
734,513253,12971,10124,4489,100000000,0000,2400,0101,1231,0,
735,513253,13003,10148,8569,100000000,0000,2400,0101,1231,0,
736,513253,13014,10154,9723,100000000,0000,2400,0101,1231,0,
737,513253,13015,8568,10155,100000000,0000,2400,0101,1231,0,
738,513253,13019,6473,10154,100000000,0000,2400,0101,1231,0,
739,513253,13020,10159,8593,100000000,0000,2400,0101,1231,0,
740,513253,13032,8544,10164,100000000,0000,2400,0101,1231,0,
741,513253,13057,10178,8253,100000000,0000,2400,0101,1231,0,
742,513253,13058,52,10178,100000000,0000,2400,0101,1231,0,
743,513253,13073,10197,4409,100000000,0000,2400,0101,1231,0,
744,513253,13075,8166,10197,100000000,0000,2400,0101,1231,0,
745,513253,13085,133,10202,100000000,0000,2400,0101,1231,0,
746,513253,13086,10202,4101,100000000,0000,2400,0101,1231,0,
747,513253,13105,5284,10213,100000000,0000,2400,0101,1231,0,
748,513253,13198,5286,10229,100000000,0000,2400,0101,1231,0,
749,513253,13213,10456,10690,100000000,0000,2400,0101,1231,0,
750,513253,13245,10495,10494,100000000,0000,2400,0101,1231,0,
751,513253,13246,4539,9177,100000000,0000,2400,0101,1231,0,
752,513253,13248,10500,10148,100000000,0000,2400,0101,1231,0,
753,513253,13252,6537,9497,100000000,0000,2400,0101,1231,0,
754,513253,13255,9497,527,100000000,0000,2400,0101,1231,0,
755,513253,13278,1816,10549,100000000,0000,2400,0101,1231,0,
756,513253,13295,10027,10025,100000000,0000,2400,0101,1231,0,
757,513253,13297,8914,9818,100000000,0000,2400,0101,1231,0,
758,513253,13339,11001,2694,100000000,0000,2400,0101,1231,0,
759,513253,13375,10403,138,100000000,0000,2400,0101,1231,0,
760,513253,13383,66,10435,100000000,0000,2400,0101,1231,0,
761,513253,13389,10439,9505,100000000,0000,2400,0101,1231,0,
762,513253,13416,10917,10827,100000000,0000,2400,0101,1231,0,
763,513253,13437,261,10485,100000000,0000,2400,0101,1231,0,
764,513253,13445,10715,10495,100000000,0000,2400,0101,1231,0,
765,513253,13450,10164,10500,100000000,0000,2400,0101,1231,0,
766,513253,13463,10731,10732,100000000,0000,2400,0101,1231,0,
767,513253,13499,10274,6472,100000000,0000,2400,0101,1231,0,
768,513253,13502,10287,8914,100000000,0000,2400,0101,1231,0,
769,513253,13523,689,10593,100000000,0000,2400,0101,1231,0,
770,513253,13534,10320,3917,100000000,0000,2400,0101,1231,0,
771,513253,13546,10336,3057,011111100,0700,0830,0101,1231,0,
772,513253,13586,10402,5828,100000000,0000,2400,0101,1231,0,
773,513253,13588,124,10403,100000000,0000,2400,0101,1231,0,
774,513253,13597,10675,62,100000000,0000,2400,0101,1231,0,
775,513253,13610,2755,10670,100000000,0000,2400,0101,1231,0,
776,513253,13619,3863,10439,100000000,0000,2400,0101,1231,0,
777,513253,13620,144,10440,100000000,0000,2400,0101,1231,0,
778,513253,13621,3321,10681,100000000,0000,2400,0101,1231,0,
779,513253,13633,10827,10978,100000000,0000,2400,0101,1231,0,
780,513253,13640,10979,10466,100000000,0000,2400,0101,1231,0,
781,513253,13650,10485,260,100000000,0000,2400,0101,1231,0,
782,513253,13655,4530,9427,100000000,0000,2400,0101,1231,0,
783,513253,13680,4535,10731,100000000,0000,2400,0101,1231,0,
784,513253,13696,10565,1816,100000000,0000,2400,0101,1231,0,
785,513253,13704,9688,10274,100000000,0000,2400,0101,1231,0,
786,513253,13706,2196,10276,100000000,0000,2400,0101,1231,0,
787,513253,13725,3187,10596,100000000,0000,2400,0101,1231,0,
788,513253,13732,7607,10320,100000000,0000,2400,0101,1231,0,
789,513253,13745,3030,10336,011111100,0700,0830,0101,1231,0,
790,513253,13785,10401,1453,100000000,0000,2400,0101,1231,0,
791,513253,13786,4332,10402,100000000,0000,2400,0101,1231,0,
792,513253,13795,10422,4337,100000000,0000,2400,0101,1231,0,
793,513253,13799,10670,4415,100000000,0000,2400,0101,1231,0,
794,513253,13803,10822,11215,100000000,0000,2400,0101,1231,0,
795,513253,13806,10437,3866,100000000,0000,2400,0101,1231,0,
796,513253,13809,10440,10981,100000000,0000,2400,0101,1231,0,
797,513253,13810,10681,10441,100000000,0000,2400,0101,1231,0,
798,513253,13818,11210,10917,100000000,0000,2400,0101,1231,0,
799,513253,13819,11019,11044,100000000,0000,2400,0101,1231,0,
800,513253,13823,57,10695,100000000,0000,2400,0101,1231,0,
801,513253,13825,10830,101,100000000,0000,2400,0101,1231,0,
802,513253,13851,6544,10725,100000000,0000,2400,0101,1231,0,
803,513253,13856,4536,10930,100000000,0000,2400,0101,1231,0,
804,513253,13861,10856,4535,100000000,0000,2400,0101,1231,0,
805,513253,13877,8251,10578,100000000,0000,2400,0101,1231,0,
806,513253,13878,10276,10027,100000000,0000,2400,0101,1231,0,
807,513253,13883,9686,10762,100000000,0000,2400,0101,1231,0,
808,513253,13888,10594,132,100000000,0000,2400,0101,1231,0,
809,513253,13889,10596,1076,100000000,0000,2400,0101,1231,0,
810,513253,13944,10665,5033,100000000,0000,2400,0101,1231,0,
811,513253,13945,5028,10422,100000000,0000,2400,0101,1231,0,
812,513253,13949,10822,11156,100000000,0000,2400,0101,1231,0,
813,513253,13950,3256,10437,100000000,0000,2400,0101,1231,0,
814,513253,13960,11084,11066,100000000,0000,2400,0101,1231,0,
815,513253,13962,10695,54,100000000,0000,2400,0101,1231,0,
816,513253,13963,10441,140,100000000,0000,2400,0101,1231,0,
817,513253,13964,3839,10697,100000000,0000,2400,0101,1231,0,
818,513253,13975,10843,10713,100000000,0000,2400,0101,1231,0,
819,513253,13976,10494,10925,100000000,0000,2400,0101,1231,0,
820,513253,13979,10847,10159,100000000,0000,2400,0101,1231,0,
821,513253,13983,10725,2593,100000000,0000,2400,0101,1231,0,
822,513253,13986,10930,10856,100000000,0000,2400,0101,1231,0,
823,513253,13988,11022,10715,100000000,0000,2400,0101,1231,0,
824,513253,14011,5993,10594,100000000,0000,2400,0101,1231,0,
825,513253,14054,103,10665,100000000,0000,2400,0101,1231,0,
826,513253,14063,11233,10674,100000000,0000,2400,0101,1231,0,
827,513253,14074,10831,3320,100000000,0000,2400,0101,1231,0,
828,513253,14075,4403,10832,100000000,0000,2400,0101,1231,0,
829,513253,14076,10919,10830,100000000,0000,2400,0101,1231,0,
830,513253,14081,10925,10843,100000000,0000,2400,0101,1231,0,
831,513253,14085,10155,10847,100000000,0000,2400,0101,1231,0,
832,513253,14105,10549,10755,100000000,0000,2400,0101,1231,0,
833,513253,14112,10762,10287,100000000,0000,2400,0101,1231,0,
834,513253,14124,10883,11001,100000000,0000,2400,0101,1231,0,
835,513253,14161,3322,10831,100000000,0000,2400,0101,1231,0,
836,513253,14162,4404,10832,100000000,0000,2400,0101,1231,0,
837,513253,14163,9507,10919,100000000,0000,2400,0101,1231,0,
838,513253,14168,258,10852,100000000,0000,2400,0101,1231,0,
839,513253,14180,10755,10565,100000000,0000,2400,0101,1231,0,
840,513253,14214,10656,10896,100000000,0000,2400,0101,1231,0,
841,513253,14226,11113,11146,100000000,0000,2400,0101,1231,0,
842,513253,14227,10920,140,100000000,0000,2400,0101,1231,0,
843,513253,14231,10852,256,100000000,0000,2400,0101,1231,0,
844,513253,14265,10371,10656,100000000,0000,2400,0101,1231,0,
845,513253,14282,10435,10822,100000000,0000,2400,0101,1231,0,
846,513253,14285,11044,11156,100000000,0000,2400,0101,1231,0,
847,513253,14286,3322,10920,100000000,0000,2400,0101,1231,0,
848,513253,14316,10792,10371,100000000,0000,2400,0101,1231,0,
849,513253,14332,10674,10675,100000000,0000,2400,0101,1231,0,
850,513253,14335,11066,11113,100000000,0000,2400,0101,1231,0,
851,513253,14336,10981,142,100000000,0000,2400,0101,1231,0,
852,513253,14362,10896,10792,100000000,0000,2400,0101,1231,0,
853,513253,14372,11166,11044,100000000,0000,2400,0101,1231,0,
854,513253,14377,10987,10518,100000000,0000,2400,0101,1231,0,
855,513253,14408,11146,11019,100000000,0000,2400,0101,1231,0,
856,513253,14409,10466,11045,100000000,0000,2400,0101,1231,0,
857,513253,14412,10931,10987,100000000,0000,2400,0101,1231,0,
858,513253,14440,8127,11018,100000000,0000,2400,0101,1231,0,
859,513253,14441,11166,11084,100000000,0000,2400,0101,1231,0,
860,513253,14444,10857,10931,100000000,0000,2400,0101,1231,0,
861,513253,14465,11018,3392,100000000,0000,2400,0101,1231,0,
862,513253,14468,10732,10857,100000000,0000,2400,0101,1231,0,
863,513253,14493,10518,11022,100000000,0000,2400,0101,1231,0,
864,513253,14528,11192,11201,100000000,0000,2400,0101,1231,0,
865,513253,14548,10690,11206,100000000,0000,2400,0101,1231,0,
866,513253,14562,10978,11192,100000000,0000,2400,0101,1231,0,
867,513253,14576,11210,10690,100000000,0000,2400,0101,1231,0,
868,513253,14589,11201,10456,100000000,0000,2400,0101,1231,0,
869,513253,14616,11215,11219,100000000,0000,2400,0101,1231,0,
870,513253,14626,11219,11166,100000000,0000,2400,0101,1231,0,
871,513253,14636,11215,11222,100000000,0000,2400,0101,1231,0,
872,513253,14645,11230,11226,100000000,0000,2400,0101,1231,0,
873,513253,14655,11230,11210,100000000,0000,2400,0101,1231,0,
874,513253,14664,11226,10674,100000000,0000,2400,0101,1231,0,
875,513253,14676,11233,11230,100000000,0000,2400,0101,1231,0,
876,513253,14685,11222,11219,100000000,0000,2400,0101,1231,0,
877,513253,14693,11206,11226,100000000,0000,2400,0101,1231,0,
878,513253,14793,11156,77,100000000,0000,2400,0101,1231,0,
879,513253,14801,55,11233,100000000,0000,2400,0101,1231,0,
880,513253,14892,567,11277,100000000,0900,2200,0101,1231,0,
