,meshcode,tnodeno,inlinkno,signcnt,signno,signaltype,signalx,signaly,slinetype,slinex,sliney,geometry
0,513253,27,687,1,1,3,476837521,123911405,0,476837844,123911935,
1,513253,30,185,2,1,3,476847475,123911094,0,476848126,123911773,
2,513253,30,185,2,2,3,476847035,123911241,0,476848126,123911773,
3,513253,35,7254,1,1,3,476847683,123911094,0,476846956,123911857,
4,513253,42,9666,1,1,3,476837698,123911470,0,476837270,123911814,
5,513253,79,167,2,1,3,476850142,123914667,0,476850891,123915498,
6,513253,79,167,2,2,3,476849847,123914989,0,476850891,123915498,
7,513253,79,1697,1,1,3,476849841,123915240,0,476850811,123914786,
8,513253,79,8672,1,1,3,476850900,123914970,0,476849727,123915524,
9,513253,79,12832,2,1,3,476850281,123915581,0,476849624,123914833,
10,513253,79,12832,2,2,3,476850142,123914667,0,476849624,123914833,
11,513253,81,236,2,1,3,476864077,123951105,0,476865030,123952048,
12,513253,81,236,2,2,3,476864604,123952092,0,476865030,123952048,
13,513253,81,240,2,1,3,476864604,123952092,0,476863744,123951293,
14,513253,81,240,2,2,3,476864077,123951105,0,476863744,123951293,
15,513253,81,2742,1,1,3,476864602,123951459,0,476864091,123952083,
16,513253,81,8593,1,1,3,476864123,123952007,0,476864731,123951382,
17,513253,82,238,2,1,3,476867952,123955295,0,476867495,123955396,
18,513253,82,238,2,2,3,476868362,123956150,0,476867495,123955396,
19,513253,82,6266,1,1,3,476867761,123956344,0,476868412,123955283,
20,513253,82,12436,2,1,3,476868358,123956149,0,476868718,123956039,
21,513253,82,12436,2,2,3,476867948,123955294,0,476868718,123956039,
22,513253,83,234,2,1,3,476873608,123962746,0,476874100,123962929,
23,513253,83,234,2,2,3,476873342,123961696,0,476874100,123962929,
24,513253,83,12432,2,1,3,476873338,123961686,0,476873201,123962257,
25,513253,83,12432,2,2,3,476873608,123962746,0,476873201,123962257,
26,513253,84,209,2,1,3,476875458,123966499,0,476875046,123965722,
27,513253,84,209,2,2,3,476875564,123965822,0,476875046,123965722,
28,513253,84,12865,2,1,3,476875564,123965822,0,476875934,123966470,
29,513253,84,12865,2,2,3,476875461,123966509,0,476875934,123966470,
30,513253,84,12866,1,1,3,476875660,123965879,0,476874744,123966708,
31,513253,85,208,2,1,3,476877741,123970013,0,476878085,123970604,
32,513253,85,208,2,2,3,476877759,123970735,0,476878085,123970604,
33,513253,85,9438,1,1,3,476877299,123970092,0,476878286,123970013,
34,513253,85,11270,2,1,3,476877759,123970735,0,476877301,123970074,
35,513253,85,11270,2,2,3,476877738,123970003,0,476877301,123970074,
36,513253,86,1186,1,1,3,476880582,123975497,0,476879906,123975735,
37,513253,86,12136,2,1,3,476880256,123974960,0,476879938,123975224,
38,513253,86,12136,2,2,3,476880351,123975844,0,476879938,123975224,
39,513253,86,13905,2,1,3,476880258,123974966,0,476880676,123975715,
40,513253,86,13905,2,2,3,476880351,123975844,0,476880676,123975715,
41,513253,87,168,1,1,3,476887905,123993590,0,476887803,123993070,
42,513253,87,220,2,1,3,476887905,123993590,0,476888342,123993754,
43,513253,87,220,2,2,3,476888173,123993132,0,476888342,123993754,
44,513253,87,9105,1,1,3,476888384,123993203,0,476887206,123993449,
45,513253,87,10994,1,1,3,476887792,123993493,0,476888689,123993332,
46,513253,88,168,1,1,3,476887977,123991460,0,476888187,123992341,
47,513253,88,214,2,1,3,476887976,123991452,0,476887522,123991369,
48,513253,88,214,2,2,3,476887778,123992391,0,476887522,123991369,
49,513253,88,10825,1,1,3,476887568,123991942,0,476888369,123991631,
50,513253,89,215,2,1,3,476888981,124002024,0,476889405,124002131,
51,513253,89,215,2,2,3,476889175,124001118,0,476889405,124002131,
52,513253,89,2400,1,1,3,476889428,124001785,0,476888489,124002018,
53,513253,89,12067,2,1,3,476889175,124001118,0,476888882,124001505,
54,513253,89,12067,2,2,3,476888981,124002024,0,476888882,124001505,
55,513253,91,183,2,1,3,476892815,124027548,0,476892133,124026267,
56,513253,91,183,2,2,3,476892326,124027517,0,476892133,124026267,
57,513253,91,371,1,1,3,476892923,124027498,0,476891680,124026558,
58,513253,93,182,2,1,3,476898082,124039259,0,476897582,124039271,
59,513253,93,182,2,2,3,476898229,124039906,0,476897582,124039271,
60,513253,93,224,2,1,3,476898229,124039906,0,476898845,124040105,
61,513253,93,224,2,2,3,476898082,124039259,0,476898845,124040105,
62,513253,93,2393,1,1,3,476898237,124039290,0,476897682,124040095,
63,513253,93,8792,1,1,3,476898057,124039856,0,476898310,124039211,
64,513253,94,225,2,1,3,476904798,124047336,0,476904247,124047231,
65,513253,94,225,2,2,3,476905268,124048325,0,476904247,124047231,
66,513253,94,227,2,1,3,476904798,124047336,0,476905323,124047861,
67,513253,94,227,2,2,3,476905268,124048325,0,476905323,124047861,
68,513253,94,7267,1,1,3,476904355,124047474,0,476905351,124047393,
69,513253,95,226,2,1,3,476908540,124051058,0,476907188,124050067,
70,513253,95,226,2,2,3,476908937,124050760,0,476907188,124050067,
71,513253,95,356,2,1,3,476907262,124050781,0,476908448,124049710,
72,513253,95,356,2,2,3,476907570,124050903,0,476908448,124049710,
73,513253,96,186,2,1,3,476907662,124049948,0,476909048,124050752,
74,513253,96,186,2,2,3,476907297,124050064,0,476909048,124050752,
75,513253,96,10663,2,1,3,476908435,124049773,0,476907914,124051062,
76,513253,96,10663,2,2,3,476908899,124050232,0,476907914,124051062,
77,513253,97,170,2,1,3,476911579,124052505,0,476912114,124052741,
78,513253,97,170,2,2,3,476911595,124052958,0,476912114,124052741,
79,513253,97,176,1,1,3,476911597,124052960,0,476911184,124052755,
80,513253,97,9333,1,1,3,476911378,124052941,0,476911791,124052307,
81,513253,100,171,2,1,3,476916665,124056434,0,476916339,124056483,
82,513253,100,171,2,2,3,476917183,124057414,0,476916339,124056483,
83,513253,100,172,2,1,3,476917598,124057046,0,476917797,124057240,
84,513253,100,172,2,2,3,476916855,124056405,0,476917797,124057240,
85,513253,104,156,2,1,3,476916590,124022384,0,476916934,124023362,
86,513253,104,156,2,2,3,476916187,124022355,0,476916934,124023362,
87,513253,104,1380,1,1,3,476915858,124023098,0,476917556,124022791,
88,513253,107,138,2,1,3,476906051,123981456,0,476906508,123982475,
89,513253,107,138,2,2,3,476905933,123981615,0,476906508,123982475,
90,513253,108,233,2,1,3,476891529,124017963,0,476891141,124017688,
91,513253,108,233,2,2,3,476891369,124018816,0,476891141,124017688,
92,513253,108,1696,1,1,3,476891235,124018452,0,476892074,124018402,
93,513253,108,5097,1,1,3,476891787,124018347,0,476891040,124018537,
94,513253,108,12678,2,1,3,476891369,124018816,0,476891776,124019051,
95,513253,108,12678,2,2,3,476891529,124017963,0,476891776,124019051,
96,513253,109,230,2,1,3,476891822,124022382,0,476892242,124022914,
97,513253,109,230,2,2,3,476892020,124021936,0,476892242,124022914,
98,513253,109,9506,1,1,3,476891676,124022199,0,476892221,124022105,
99,513253,109,12675,2,1,3,476892020,124021936,0,476891703,124022077,
100,513253,109,12675,2,2,3,476891822,124022382,0,476891703,124022077,
101,513253,110,173,2,1,3,476854041,123920657,0,476853486,123920059,
102,513253,110,173,2,2,3,476854524,123920540,0,476853486,123920059,
103,513253,110,177,2,1,3,476854233,123920155,0,476854713,123920652,
104,513253,110,177,2,2,3,476854045,123920667,0,476854713,123920652,
105,513253,110,9651,1,1,3,476854412,123920215,0,476853531,123920771,
106,513253,110,12582,1,1,3,476853895,123920598,0,476854786,123920108,
107,513253,112,241,2,1,3,476856642,123943094,0,476857022,123943414,
108,513253,112,241,2,2,3,476856416,123943347,0,476857022,123943414,
109,513253,112,12557,2,1,3,476856416,123943347,0,476855974,123942984,
110,513253,112,12557,2,2,3,476856642,123943094,0,476855974,123942984,
111,513253,115,175,2,1,3,476881605,123977569,0,476882051,123978392,
112,513253,115,175,2,2,3,476881820,123978456,0,476882051,123978392,
113,513253,117,223,2,1,3,476890263,124009228,0,476889814,124008596,
114,513253,117,223,2,2,3,476889989,124009183,0,476889814,124008596,
115,513253,118,218,2,1,3,476889989,124009183,0,476890366,124009328,
116,513253,118,218,2,2,3,476890130,124008616,0,476890366,124009328,
117,513253,118,9100,1,1,3,476889862,124009106,0,476890607,124008998,
118,513253,119,219,2,1,3,476890775,124012666,0,476890417,124012566,
119,513253,119,219,2,2,3,476890554,124013221,0,476890417,124012566,
120,513253,119,232,2,1,3,476890554,124013221,0,476890962,124013265,
121,513253,119,232,2,2,3,476890775,124012666,0,476890962,124013265,
122,513253,119,8520,1,1,3,476891068,124013006,0,476890384,124013037,
123,513253,119,9101,1,1,3,476890438,124013000,0,476891291,124012885,
124,513253,120,176,2,1,3,476909855,124051380,0,476910349,124051718,
125,513253,120,176,2,2,3,476910034,124051987,0,476910349,124051718,
126,513253,120,186,2,1,3,476909855,124051380,0,476909313,124051618,
127,513253,120,186,2,2,3,476910034,124051987,0,476909313,124051618,
128,513253,120,9336,1,1,3,476909980,124052057,0,476910226,124051332,
129,513253,122,110,2,1,3,476920931,124037001,0,476921921,124038825,
130,513253,122,110,2,2,3,476920543,124037601,0,476921921,124038825,
131,513253,124,1653,2,1,3,476914660,124014847,0,476914981,124014592,
132,513253,124,1653,2,2,3,476913524,124014936,0,476914981,124014592,
133,513253,125,177,2,1,3,476855147,123922721,0,476854703,123922085,
134,513253,125,177,2,2,3,476855359,123922004,0,476854703,123922085,
135,513253,125,178,2,1,3,476855359,123922004,0,476855594,123922718,
136,513253,125,178,2,2,3,476855147,123922721,0,476855594,123922718,
137,513253,126,178,2,1,3,476855257,123927676,0,476855378,123926476,
138,513253,126,178,2,2,3,476855799,123926761,0,476855378,123926476,
139,513253,126,180,2,1,3,476855811,123926783,0,476855747,123927876,
140,513253,126,180,2,2,3,476855255,123927687,0,476855747,123927876,
141,513253,127,179,2,1,3,476874961,123915153,0,476875035,123915888,
142,513253,127,179,2,2,3,476874702,123915146,0,476875035,123915888,
143,513253,127,3108,1,1,3,476873869,123915133,0,476875671,123915415,
144,513253,129,1349,1,1,3,476878148,123926813,0,476880817,123926520,
145,513253,129,12516,2,1,3,476879381,123925954,0,476880429,123927295,
146,513253,129,12516,2,2,3,476879105,123926028,0,476880429,123927295,
147,513253,130,106,2,1,3,476892539,123963043,0,476893072,123963618,
148,513253,130,106,2,2,3,476892411,123963093,0,476893072,123963618,
149,513253,130,7591,1,1,3,476891898,123963803,0,476893286,123962986,
150,513253,133,107,2,1,3,476898316,123969937,0,476899238,123970975,
151,513253,133,107,2,2,3,476898116,123969976,0,476899238,123970975,
152,513253,136,211,2,1,3,476885515,123985271,0,476885796,123985658,
153,513253,136,211,2,2,3,476885568,123986068,0,476885796,123985658,
154,513253,136,10687,1,1,3,476885229,123985536,0,476885736,123985251,
155,513253,136,12161,2,1,3,476885515,123985271,0,476885099,123985264,
156,513253,136,12161,2,2,3,476885567,123986062,0,476885099,123985264,
157,513253,137,109,2,1,3,476910222,123998744,0,476910499,123999575,
158,513253,137,109,2,2,3,476909819,123998785,0,476910499,123999575,
159,513253,137,13929,2,1,3,476909317,123999195,0,476910991,123999439,
160,513253,137,13929,2,2,3,476910551,123999037,0,476910991,123999439,
161,513253,147,271,3,1,3,476987524,124056179,0,476987231,124056139,
162,513253,147,271,3,2,3,476987298,124056553,0,476987231,124056139,
163,513253,147,271,3,3,3,476987653,124056913,0,476987231,124056139,
164,513253,147,425,2,1,3,476987526,124056187,0,476987613,124057032,
165,513253,147,425,2,2,3,476987638,124056931,0,476987613,124057032,
166,513253,148,272,1,1,3,476984724,124043128,0,476984325,124042516,
167,513253,148,1716,1,1,3,476984562,124043072,0,476985125,124042547,
168,513253,148,11244,1,1,3,476984521,124042396,0,476984988,124043086,
169,513253,149,272,1,1,3,476982662,124038738,0,476983117,124039429,
170,513253,149,273,1,1,3,476982721,124039264,0,476982270,124038598,
171,513253,149,6240,1,1,3,476982580,124039240,0,476983034,124038943,
172,513253,154,251,1,1,3,476631464,124167861,0,476631592,124166753,
173,513253,154,268,1,1,3,476631847,124166842,0,476631822,124167892,
174,513253,154,321,1,1,3,476631937,124166974,0,476630839,124167586,
175,513253,156,280,2,1,3,476726678,124084063,0,476726588,124084236,
176,513253,156,280,2,2,3,476727989,124084211,0,476726588,124084236,
177,513253,156,2828,1,1,3,476727179,124084232,0,476727023,124083236,
178,513253,158,274,2,1,3,476855963,124084709,0,476856049,124084464,
179,513253,158,274,2,2,3,476855395,124084975,0,476856049,124084464,
180,513253,158,346,2,1,3,476855963,124084709,0,476855157,124085351,
181,513253,158,346,2,2,3,476855395,124084975,0,476855157,124085351,
182,513253,158,7307,1,1,3,476855170,124085274,0,476856206,124084880,
183,513253,160,1679,2,1,3,476879884,124053864,0,476879962,124053513,
184,513253,160,1679,2,2,3,476879092,124054369,0,476879962,124053513,
185,513253,160,12306,2,1,3,476879092,124054369,0,476879120,124054862,
186,513253,160,12306,2,2,3,476879620,124053445,0,476879120,124054862,
187,513253,162,12655,2,1,3,476886687,124023647,0,476886487,124023394,
188,513253,162,12655,2,2,3,476887918,124023859,0,476886487,124023394,
189,513253,163,9509,1,1,3,476887592,124023857,0,476887822,124023545,
190,513253,163,12693,2,1,3,476886940,124023357,0,476888245,124023859,
191,513253,163,12693,2,2,3,476887655,124023647,0,476888245,124023859,
192,513253,164,471,2,1,3,476817302,124102019,0,476817266,124102078,
193,513253,164,471,2,2,3,476817912,124102005,0,476817266,124102078,
194,513253,164,472,2,1,3,476817912,124102005,0,476818206,124101886,
195,513253,164,472,2,2,3,476817302,124102019,0,476818206,124101886,
196,513253,164,1692,2,1,3,476817526,124101687,0,476818493,124101309,
197,513253,164,1692,2,2,3,476817346,124102083,0,476818493,124101309,
198,513253,181,278,2,1,3,476637606,124139570,0,476637012,124140609,
199,513253,181,278,2,2,3,476636535,124140230,0,476637012,124140609,
200,513253,182,10187,1,1,3,476636872,124139742,0,476637819,124140171,
201,513253,184,518,1,1,3,476759951,124097808,0,476760334,124097976,
202,513253,184,1083,1,1,3,476760122,124097776,0,476760029,124098108,
203,513253,184,1234,1,1,3,476759967,124098047,0,476760090,124097726,
204,513253,184,12365,2,1,3,476759951,124097808,0,476759359,124097622,
205,513253,184,12365,2,2,3,476760168,124098043,0,476759359,124097622,
206,513253,185,339,2,1,3,476765960,124102443,0,476766416,124102531,
207,513253,185,339,2,2,3,476765532,124101908,0,476766416,124102531,
208,513253,185,519,2,1,3,476765950,124102436,0,476765275,124101985,
209,513253,185,519,2,2,3,476765532,124101908,0,476765275,124101985,
210,513253,185,1882,1,1,3,476766114,124102017,0,476765116,124102672,
211,513253,185,1884,1,1,3,476765384,124102272,0,476766193,124101664,
212,513253,186,495,2,1,3,476794043,124106365,0,476794270,124106090,
213,513253,186,495,2,2,3,476793318,124106414,0,476794270,124106090,
214,513253,186,940,1,1,3,476793402,124106317,0,476793895,124106949,
215,513253,186,12447,2,1,3,476793318,124106414,0,476792714,124106748,
216,513253,186,12447,2,2,3,476794043,124106365,0,476792714,124106748,
217,513253,188,460,2,1,3,476877482,124059478,0,476877667,124059594,
218,513253,188,460,2,2,3,476877881,124058832,0,476877667,124059594,
219,513253,188,9570,1,1,3,476877743,124059427,0,476876993,124059129,
220,513253,188,12311,2,1,3,476877482,124059478,0,476877688,124058758,
221,513253,188,12311,2,2,3,476877883,124058824,0,476877688,124058758,
222,513253,189,368,2,1,3,476879914,124048504,0,476880975,124048023,
223,513253,189,368,2,2,3,476880743,124048800,0,476880975,124048023,
224,513253,189,10413,2,1,3,476880327,124049175,0,476880786,124049128,
225,513253,189,10413,2,2,3,476880256,124047805,0,476880786,124049128,
226,513253,189,10468,2,1,3,476880327,124049175,0,476879704,124048001,
227,513253,189,10468,2,2,3,476880619,124048816,0,476879704,124048001,
228,513253,193,253,1,1,3,476629703,124194165,0,476629971,124193255,
229,513253,193,282,1,1,3,476630103,124193376,0,476629889,124194308,
230,513253,193,2897,1,1,3,476630015,124193882,0,476629216,124193801,
231,513253,194,283,2,1,3,476841732,124094637,0,476841749,124094378,
232,513253,194,283,2,2,3,476841331,124094761,0,476841749,124094378,
233,513253,194,9704,1,1,3,476841644,124094754,0,476841170,124094546,
234,513253,194,11956,2,1,3,476841331,124094761,0,476841286,124095039,
235,513253,194,11956,2,2,3,476841732,124094637,0,476841286,124095039,
236,513253,196,284,2,1,3,476812583,124102138,0,476812555,124101925,
237,513253,196,284,2,2,3,476811424,124101963,0,476812555,124101925,
238,513253,196,285,2,1,3,476811424,124101963,0,476811197,124102158,
239,513253,196,285,2,2,3,476812583,124102139,0,476811197,124102158,
240,513253,197,284,2,1,3,476814337,124101924,0,476813456,124102172,
241,513253,197,284,2,2,3,476815061,124102161,0,476813456,124102172,
242,513253,197,470,2,1,3,476815061,124102161,0,476815246,124101865,
243,513253,197,470,2,2,3,476814337,124101924,0,476815246,124101865,
244,513253,204,565,2,1,3,476682383,124071431,0,476682401,124071041,
245,513253,204,565,2,2,3,476681770,124072167,0,476682401,124071041,
246,513253,204,832,1,1,3,476682362,124071833,0,476681375,124071978,
247,513253,204,1358,1,1,3,476681640,124071816,0,476683131,124071757,
248,513253,204,13412,2,1,3,476682376,124071439,0,476681943,124072356,
249,513253,204,13412,2,2,3,476681770,124072167,0,476681943,124072356,
250,513253,206,2714,2,1,3,476886659,124048405,0,476886813,124048636,
251,513253,206,2714,2,2,3,476887198,124048219,0,476886813,124048636,
252,513253,206,2719,3,1,3,476886666,124048399,0,476887056,124048058,
253,513253,206,2719,3,2,3,476887198,124048219,0,476887056,124048058,
254,513253,206,2719,3,3,3,476887036,124048537,0,476887056,124048058,
255,513253,206,11762,1,1,3,476886916,124048110,0,476887376,124048459,
256,513253,207,2710,2,1,3,476894673,124042233,0,476894751,124042114,
257,513253,207,2710,2,2,3,476894344,124042489,0,476894751,124042114,
258,513253,207,2716,2,1,3,476894711,124042419,0,476894100,124043010,
259,513253,207,2716,2,2,3,476894344,124042489,0,476894100,124043010,
260,513253,207,2718,1,1,3,476894370,124042331,0,476895044,124042842,
261,513253,207,9502,1,1,3,476894924,124042836,0,476894029,124042013,
262,513253,216,571,3,1,3,476639432,123965538,0,476640318,123966752,
263,513253,216,571,3,2,3,476638610,123965573,0,476640318,123966752,
264,513253,216,571,3,3,3,476640048,123966721,0,476640318,123966752,
265,513253,216,2505,1,1,3,476638670,123966419,0,476640048,123965620,
266,513253,217,291,2,1,3,476652025,123992495,0,476652631,123994151,
267,513253,217,291,2,2,3,476651442,123992887,0,476652631,123994151,
268,513253,217,2512,2,1,3,476651183,123993349,0,476652629,123992676,
269,513253,217,2512,2,2,3,476651200,123993902,0,476652629,123992676,
270,513253,218,362,2,1,3,476653195,123998501,0,476654409,123999865,
271,513253,218,362,2,2,3,476653899,123998736,0,476654409,123999865,
272,513253,218,1879,1,1,3,476653154,123999034,0,476654655,123999254,
273,513253,219,323,2,1,3,476656922,124035899,0,476657364,124036939,
274,513253,219,323,2,2,3,476656940,124036361,0,476657364,124036939,
275,513253,219,2891,2,1,3,476656414,124036570,0,476657472,124036516,
276,513253,219,2891,2,2,3,476657358,124036377,0,476657472,124036516,
277,513253,222,292,2,1,3,476660305,124054686,0,476659607,124053773,
278,513253,222,292,2,2,3,476659988,124053971,0,476659607,124053773,
279,513253,222,833,1,1,3,476659991,124053977,0,476660818,124054742,
280,513253,222,13395,2,1,3,476659564,124054329,0,476659195,124054779,
281,513253,222,13395,2,2,3,476660679,124054260,0,476659195,124054779,
282,513253,222,13800,1,1,3,476659564,124054329,0,476661202,124053774,
283,513253,224,359,2,1,3,476648078,123979695,0,476648244,123980486,
284,513253,224,359,2,2,3,476647347,123979509,0,476648244,123980486,
285,513253,224,7300,2,1,3,476646925,123979862,0,476648402,123979860,
286,513253,224,7300,2,2,3,476648325,123980209,0,476648402,123979860,
287,513253,226,958,2,1,3,476660342,124044448,0,476660713,124045303,
288,513253,226,958,2,2,3,476660622,124045100,0,476660713,124045303,
289,513253,226,2389,2,1,3,476660622,124045100,0,476660517,124044164,
290,513253,226,2389,2,2,3,476659470,124045295,0,476660517,124044164,
291,513253,227,400,3,1,3,476659323,124045257,0,476659357,124045708,
292,513253,227,400,3,2,3,476660856,124044706,0,476659357,124045708,
293,513253,227,400,3,3,3,476659464,124045298,0,476659357,124045708,
294,513253,227,11802,2,1,3,476659905,124045417,0,476659619,124044642,
295,513253,227,11802,2,2,3,476659653,124044689,0,476659619,124044642,
296,513253,228,861,2,1,3,476687518,124070555,0,476686436,124069248,
297,513253,228,861,2,2,3,476687708,124070529,0,476686436,124069248,
298,513253,229,295,1,1,3,476686129,124069609,0,476688252,124069938,
299,513253,229,324,3,1,3,476687321,124069362,0,476688117,124070443,
300,513253,229,324,3,2,3,476686884,124069200,0,476688117,124070443,
301,513253,229,324,3,3,3,476686479,124069241,0,476688117,124070443,
302,513253,230,295,1,1,3,476690069,124070358,0,476689036,124070238,
303,513253,230,327,2,1,3,476690069,124070358,0,476690202,124070171,
304,513253,230,327,2,2,3,476689114,124070101,0,476690202,124070171,
305,513253,230,1198,1,1,3,476689452,124070309,0,476689348,124069893,
306,513253,231,1880,1,1,3,476700833,124078035,0,476700214,124078510,
307,513253,231,12420,1,1,3,476700915,124078487,0,476700117,124077511,
308,513253,233,541,2,1,3,476712168,124083580,0,476711921,124083726,
309,513253,233,541,2,2,3,476712704,124083739,0,476711921,124083726,
310,513253,233,542,3,1,3,476712712,124083740,0,476712898,124083607,
311,513253,233,542,3,2,3,476712168,124083580,0,476712898,124083607,
312,513253,233,542,3,3,3,476712139,124083775,0,476712898,124083607,
313,513253,233,10059,1,1,3,476712522,124083537,0,476712279,124083874,
314,513253,236,536,1,1,3,476740385,124091918,0,476738981,124091275,
315,513253,236,546,1,1,3,476739493,124091313,0,476740665,124091855,
316,513253,236,2837,2,1,3,476739867,124091883,0,476740216,124090839,
317,513253,236,2837,2,2,3,476740403,124091245,0,476740216,124090839,
318,513253,238,296,2,1,3,476746611,124094846,0,476746515,124094937,
319,513253,238,296,2,2,3,476747681,124095311,0,476746515,124094937,
320,513253,238,8067,1,1,3,476747386,124095040,0,476747386,124095483,
321,513253,238,10969,2,1,3,476747681,124095311,0,476748029,124095275,
322,513253,238,10969,2,2,3,476746611,124094846,0,476748029,124095275,
323,513253,239,525,2,1,3,476750977,124095751,0,476752431,124095848,
324,513253,239,525,2,2,3,476752520,124095989,0,476752431,124095848,
325,513253,239,2822,1,1,3,476751601,124095769,0,476751632,124096282,
326,513253,239,10965,2,1,3,476750977,124095751,0,476750891,124095890,
327,513253,239,10965,2,2,3,476752520,124095989,0,476750891,124095890,
328,513253,241,297,2,1,3,476774241,124107713,0,476775569,124107888,
329,513253,241,297,2,2,3,476775259,124108056,0,476775569,124107888,
330,513253,241,515,2,1,3,476774241,124107713,0,476774098,124107846,
331,513253,241,515,2,2,3,476775252,124108055,0,476774098,124107846,
332,513253,241,1725,1,1,3,476774840,124107762,0,476774658,124108439,
333,513253,242,297,1,1,3,476781797,124107745,0,476780670,124107914,
334,513253,242,338,1,1,3,476781210,124107673,0,476782097,124107539,
335,513253,242,2250,1,1,3,476781665,124107512,0,476781697,124108012,
336,513253,243,338,2,1,3,476785203,124107287,0,476785129,124107479,
337,513253,243,338,2,2,3,476785487,124107378,0,476785129,124107479,
338,513253,243,497,2,1,3,476785487,124107378,0,476785892,124107167,
339,513253,243,497,2,2,3,476785203,124107287,0,476785892,124107167,
340,513253,244,298,2,1,3,476861120,124080881,0,476861088,124080624,
341,513253,244,298,2,2,3,476860576,124081125,0,476861088,124080624,
342,513253,244,349,2,1,3,476861037,124080882,0,476860671,124081322,
343,513253,244,349,2,2,3,476860576,124081125,0,476860671,124081322,
344,513253,246,487,2,1,3,476795523,124112060,0,476797301,124112137,
345,513253,246,487,2,2,3,476795496,124112320,0,476797301,124112137,
346,513253,246,936,2,1,3,476796156,124112005,0,476795797,124111621,
347,513253,246,936,2,2,3,476796407,124112906,0,476795797,124111621,
348,513253,248,493,2,1,3,476800631,124112620,0,476801139,124112362,
349,513253,248,493,2,2,3,476800331,124112362,0,476801139,124112362,
350,513253,250,301,2,1,3,476811785,124113041,0,476812764,124113065,
351,513253,250,301,2,2,3,476811447,124113242,0,476812764,124113065,
352,513253,250,9854,1,1,3,476811289,124113555,0,476812066,124112876,
353,513253,251,9694,1,1,3,476819212,124114186,0,476819112,124113250,
354,513253,251,10978,2,1,3,476818961,124113475,0,476819623,124113428,
355,513253,251,10978,2,2,3,476818678,124113703,0,476819623,124113428,
356,513253,252,1067,1,1,3,476830082,124112061,0,476829302,124110542,
357,513253,252,11252,2,1,3,476829170,124111446,0,476830195,124110779,
358,513253,252,11252,2,2,3,476829567,124111908,0,476830195,124110779,
359,513253,254,303,2,1,3,476838959,124104945,0,476839744,124104393,
360,513253,254,303,2,2,3,476839075,124105046,0,476839744,124104393,
361,513253,254,6448,1,1,3,476839835,124105167,0,476839048,124104369,
362,513253,257,305,1,1,3,476851445,124097581,0,476852666,124096909,
363,513253,257,1243,1,1,3,476852588,124097927,0,476851982,124096857,
364,513253,258,481,3,1,3,476845554,124100677,0,476845482,124100594,
365,513253,258,481,3,2,3,476844670,124101153,0,476845482,124100594,
366,513253,258,481,3,3,3,476844863,124101443,0,476845482,124100594,
367,513253,260,7154,1,1,3,476862030,124092890,0,476861928,124091620,
368,513253,260,13650,2,1,3,476861488,124092302,0,476862466,124091749,
369,513253,260,13650,2,2,3,476861574,124092409,0,476862466,124091749,
370,513253,261,437,2,1,3,476868688,124088696,0,476868650,124087579,
371,513253,261,437,2,2,3,476868129,124088352,0,476868650,124087579,
372,513253,262,382,2,1,3,476870032,124083451,0,476870315,124082542,
373,513253,262,382,2,2,3,476870190,124083390,0,476870315,124082542,
374,513253,262,2306,1,1,3,476871035,124082970,0,476869754,124083385,
375,513253,264,308,1,1,3,476978928,124028196,0,476979089,124028675,
376,513253,264,427,1,1,3,476978774,124028205,0,476978588,124027849,
377,513253,264,4656,1,1,3,476978737,124028293,1,476979029,124028226,
378,513253,264,11164,1,1,3,476979038,124028283,0,476978504,124028374,
379,513253,266,309,1,1,3,476882445,124044105,0,476882221,124044925,
380,513253,267,310,2,1,3,476875054,124066881,0,476874886,124066610,
381,513253,267,310,2,2,3,476874774,124067050,0,476874886,124066610,
382,513253,267,316,2,1,3,476874774,124067050,0,476874931,124067289,
383,513253,267,316,2,2,3,476875051,124066888,0,476874931,124067289,
384,513253,281,317,2,1,3,476876443,124072719,0,476876762,124072430,
385,513253,281,317,2,2,3,476875881,124073308,0,476876762,124072430,
386,513253,281,7647,1,1,3,476877029,124073160,0,476875892,124073065,
387,513253,282,453,1,1,3,476880235,124070142,0,476880946,124069675,
388,513253,283,318,2,1,3,476868854,124076117,0,476868817,124075987,
389,513253,283,318,2,2,3,476868292,124076256,0,476868817,124075987,
390,513253,283,439,2,1,3,476868854,124076117,0,476868523,124076334,
391,513253,283,439,2,2,3,476868166,124076305,0,476868523,124076334,
392,513253,283,7306,1,1,3,476868482,124075986,0,476868821,124076347,
393,513253,283,11102,1,1,3,476868664,124076349,0,476868389,124076062,
394,513253,284,318,1,1,3,476872667,124072481,0,476872423,124072944,
395,513253,284,319,2,1,3,476872650,124072387,0,476872727,124071918,
396,513253,284,319,2,2,3,476872416,124072660,0,476872727,124071918,
397,513253,284,4640,1,1,3,476872685,124072620,0,476872190,124072576,
398,513253,284,7647,1,1,3,476872374,124072491,0,476872929,124072544,
399,513253,289,2870,1,1,3,476642526,123923412,0,476643624,123923094,
400,513253,289,2873,1,1,3,476643182,123922838,0,476643377,123924154,
401,513253,289,3092,2,1,3,476643615,123923438,0,476642485,123923639,
402,513253,289,3092,2,2,3,476642462,123923361,0,476642485,123923639,
403,513253,289,3093,1,1,3,476643066,123924176,0,476642797,123922837,
404,513253,308,932,2,1,3,476799112,124136323,0,476799330,124137188,
405,513253,308,932,2,2,3,476799081,124136872,0,476799330,124137188,
406,513253,308,1689,1,1,3,476798861,124136494,0,476799988,124136731,
407,513253,308,9824,1,1,3,476799468,124136652,0,476798855,124136679,
408,513253,308,11437,2,1,3,476799112,124136321,0,476798822,124136319,
409,513253,308,11437,2,2,3,476799082,124136951,0,476798822,124136319,
410,513253,310,1690,1,1,3,476820210,124137919,0,476819821,124138739,
411,513253,310,1703,1,1,3,476819630,124138165,0,476820463,124138291,
412,513253,310,1755,1,1,3,476820241,124138384,0,476819460,124138115,
413,513253,310,1938,1,1,3,476819652,124138527,0,476820022,124137851,
414,513253,312,772,1,1,3,476842283,124148039,0,476841099,124147940,
415,513253,312,1691,1,1,3,476841840,124148103,0,476841869,124147402,
416,513253,312,7808,1,1,3,476842058,124147565,0,476841972,124148272,
417,513253,312,12241,1,1,3,476841570,124147792,0,476842390,124147844,
418,513253,315,767,1,1,3,476864753,124111200,0,476863027,124110886,
419,513253,315,804,1,1,3,476864032,124110723,0,476864111,124111601,
420,513253,315,1693,1,1,3,476863443,124110729,0,476865106,124110918,
421,513253,318,387,2,1,3,476868688,124088696,0,476868450,124088890,
422,513253,318,387,2,2,3,476869285,124088087,0,476868450,124088890,
423,513253,318,2468,1,1,3,476868074,124088238,0,476869596,124088583,
424,513253,319,1384,3,1,3,476902084,124085206,0,476902425,124084943,
425,513253,319,1384,3,2,3,476901207,124085445,0,476902425,124084943,
426,513253,319,1384,3,3,3,476901071,124085697,0,476902425,124084943,
427,513253,319,2510,2,1,3,476901490,124085095,0,476901182,124084640,
428,513253,319,2510,2,2,3,476901981,124085311,0,476901182,124084640,
429,513253,319,9097,1,1,3,476901674,124085052,0,476901943,124085419,
430,513253,320,779,2,1,3,476897463,124079422,0,476898356,124078858,
431,513253,320,779,2,2,3,476898310,124079153,0,476898356,124078858,
432,513253,320,795,2,1,3,476898301,124079160,0,476897148,124079772,
433,513253,320,795,2,2,3,476897463,124079422,0,476897148,124079772,
434,513253,320,2582,2,1,3,476897620,124078732,0,476898286,124079860,
435,513253,320,2582,2,2,3,476898041,124079757,0,476898286,124079860,
436,513253,320,3280,2,1,3,476898035,124079748,0,476897206,124078925,
437,513253,320,3280,2,2,3,476897618,124078728,0,476897206,124078925,
438,513253,321,820,1,1,3,476881020,124088330,0,476880512,124088791,
439,513253,321,1695,1,1,3,476880965,124088448,0,476880580,124087588,
440,513253,327,768,1,1,3,476836970,123931534,0,476837550,123930805,
441,513253,327,855,1,1,3,476836906,123931197,0,476837999,123931454,
442,513253,327,1861,1,1,3,476836946,123931136,0,476836199,123930805,
443,513253,327,2765,1,1,3,476836806,123931265,0,476835963,123930907,
444,513253,328,768,1,1,3,476844384,123923754,0,476843800,123924417,
445,513253,328,809,1,1,3,476843728,123923418,0,476842843,123923019,
446,513253,328,2755,1,1,3,476843728,123923418,0,476844883,123924063,
447,513253,328,12644,1,1,3,476843504,123923629,0,476842622,123923253,
448,513253,329,769,1,1,3,476969394,124076792,0,476968904,124075474,
449,513253,329,1789,1,1,3,476969322,124076175,0,476969051,124075468,
450,513253,329,2547,2,1,3,476968811,124076301,0,476968402,124076460,
451,513253,329,2547,2,2,3,476969477,124076624,0,476968402,124076460,
452,513253,329,11681,1,1,3,476968825,124076302,0,476970046,124076382,
453,513253,329,13224,1,1,3,476969322,124076175,0,476969336,124076933,
454,513253,331,770,1,1,3,476936674,123991674,0,476937020,123990743,
455,513253,331,13364,1,1,3,476936239,123990956,0,476937606,123991242,
456,513253,344,1007,1,1,3,476699782,124049890,0,476699463,124050738,
457,513253,344,1700,1,1,3,476699686,124049899,0,476700142,124050564,
458,513253,344,2356,1,1,3,476699770,124050466,0,476699275,124049608,
459,513253,344,6165,1,1,3,476699417,124050101,0,476699933,124049845,
460,513253,352,784,2,1,3,476795826,124127574,0,476795931,124127921,
461,513253,352,784,2,2,3,476796065,124126936,0,476795931,124127921,
462,513253,352,12307,1,1,3,476796084,124127030,0,476794588,124127255,
463,513253,352,12340,2,1,3,476796066,124126928,0,476795923,124126190,
464,513253,352,12340,2,2,3,476795826,124127563,0,476795923,124126190,
465,513253,355,1704,2,1,3,476816270,124145426,0,476816447,124145453,
466,513253,355,1704,2,2,3,476815483,124145098,0,476816447,124145453,
467,513253,355,2133,1,1,3,476816139,124145103,0,476815726,124145727,
468,513253,355,2138,2,1,3,476816142,124145097,0,476816114,124144601,
469,513253,355,2138,2,2,3,476815478,124145593,0,476816114,124144601,
470,513253,355,8852,1,1,3,476816270,124145426,0,476815408,124145230,
471,513253,364,773,2,1,3,476877900,124089516,0,476878045,124089203,
472,513253,364,773,2,2,3,476876197,124089513,0,476878045,124089203,
473,513253,364,790,1,1,3,476877569,124089338,0,476877659,124089943,
474,513253,366,791,2,1,3,476881880,124087912,0,476882176,124087681,
475,513253,366,791,2,2,3,476881020,124088330,0,476882176,124087681,
476,513253,368,1707,1,1,3,476877540,124081028,0,476877128,124080375,
477,513253,368,1819,1,1,3,476877770,124080590,0,476876965,124081031,
478,513253,368,1919,1,1,3,476877119,124080817,0,476877760,124080468,
479,513253,368,13050,1,1,3,476877403,124080580,0,476877802,124081148,
480,513253,369,1707,1,1,3,476876217,124078271,0,476876577,124078734,
481,513253,369,6215,1,1,3,476876495,124078400,0,476876004,124078733,
482,513253,373,664,1,1,3,476881008,124002530,0,476880953,124001833,
483,513253,373,783,1,1,3,476880851,124002291,0,476881051,124002790,
484,513253,373,2401,1,1,3,476881129,124002440,0,476880462,124002530,
485,513253,373,2702,1,1,3,476880725,124002348,0,476881571,124002265,
486,513253,375,668,1,1,3,476864278,123976447,0,476864875,123976995,
487,513253,375,750,1,1,3,476864425,123976741,0,476863873,123976213,
488,513253,375,1708,1,1,3,476864273,123976719,0,476864507,123976283,
489,513253,375,1968,1,1,3,476864390,123976438,0,476863885,123976962,
490,513253,377,13056,2,1,3,476856001,123927006,0,476856755,123927059,
491,513253,377,13056,2,2,3,476854707,123926875,0,476856755,123927059,
492,513253,379,1966,1,1,3,476863062,123927513,0,476864005,123926949,
493,513253,379,2761,2,1,3,476864029,123927462,0,476864054,123927251,
494,513253,379,2761,2,2,3,476862746,123927124,0,476864054,123927251,
495,513253,379,13053,1,1,3,476864029,123927462,0,476862793,123927413,
496,513253,380,242,2,1,3,476878969,123927247,0,476878264,123926263,
497,513253,380,242,2,2,3,476879452,123927346,0,476878264,123926263,
498,513253,380,2463,2,1,3,476880383,123926888,0,476878315,123927174,
499,513253,380,2463,2,2,3,476880224,123926562,0,476878315,123927174,
500,513253,381,1046,1,1,3,476861878,124006135,0,476862143,124006575,
501,513253,381,2735,1,1,3,476862018,124006600,0,476861400,124005710,
502,513253,381,12848,2,1,3,476862058,124006159,0,476862427,124005986,
503,513253,381,12848,2,2,3,476861871,124006525,0,476862427,124005986,
504,513253,381,13937,1,1,3,476862485,124005997,0,476861563,124006690,
505,513253,382,1824,1,1,3,476871852,124003578,0,476872429,124003411,
506,513253,382,2738,1,1,3,476872420,124003563,0,476871912,124003759,
507,513253,384,777,1,1,3,476958257,123956375,0,476957822,123957368,
508,513253,384,895,1,1,3,476957732,123957185,0,476958172,123956176,
509,513253,384,1405,2,1,3,476957514,123956509,0,476957310,123956657,
510,513253,384,1405,2,2,3,476958278,123956868,0,476957310,123956657,
511,513253,384,1711,1,1,3,476957514,123956509,0,476958487,123956691,
512,513253,386,1402,1,1,3,476959765,123957273,0,476959792,123956609,
513,513253,386,1711,1,1,3,476960223,123957049,0,476959315,123957129,
514,513253,386,1712,1,1,3,476959662,123957178,0,476960353,123956869,
515,513253,386,6232,1,1,3,476959991,123956678,1,476959953,123957257,
516,513253,388,665,2,1,3,476982527,124076163,0,476982663,124075846,
517,513253,388,665,2,2,3,476981637,124075869,0,476982663,124075846,
518,513253,388,873,1,1,3,476982022,124076547,0,476981669,124075320,
519,513253,388,11677,2,1,3,476981637,124075869,0,476981401,124076149,
520,513253,388,11677,2,2,3,476982527,124076163,0,476981401,124076149,
521,513253,388,11716,1,1,3,476982070,124075728,0,476982301,124076539,
522,513253,389,665,1,1,3,476984912,124076022,0,476984333,124076176,
523,513253,389,699,2,1,3,476984930,124075607,0,476984661,124075274,
524,513253,389,699,2,2,3,476984339,124076196,0,476984661,124075274,
525,513253,389,1835,1,1,3,476984454,124075537,0,476984965,124076330,
526,513253,396,925,2,1,3,476795658,124200266,0,476795684,124199908,
527,513253,396,925,2,2,3,476795517,124201466,0,476795684,124199908,
528,513253,396,1715,1,1,3,476796049,124200766,0,476795277,124201532,
529,513253,396,11246,1,1,3,476795658,124200266,0,476796332,124201642,
530,513253,400,1796,1,1,3,476857115,123912015,0,476856508,123912308,
531,513253,400,1965,1,1,3,476856935,123911605,0,476857161,123912259,
532,513253,405,12233,1,1,3,476952271,124115039,0,476952038,124114934,
533,513253,408,857,1,1,3,476955297,123963911,0,476955474,123963397,
534,513253,408,9180,1,1,3,476955580,123963813,0,476954844,123963627,
535,513253,408,12427,1,1,3,476955495,123963853,0,476955366,123964316,
536,513253,410,777,1,1,3,476956401,123960759,0,476956499,123960415,
537,513253,410,857,1,1,3,476956635,123960537,0,476956541,123960961,
538,513253,410,4341,1,1,3,476956356,123960698,0,476956855,123960712,
539,513253,411,862,1,1,3,476969692,123944622,0,476969665,123944107,
540,513253,411,12185,1,1,3,476969976,123944474,0,476969414,123944433,
541,513253,411,13718,1,1,3,476969830,123944117,0,476969855,123944636,
542,513253,413,778,1,1,3,476974097,123932612,0,476974313,123932111,
543,513253,413,893,1,1,3,476974407,123932146,0,476974318,123932809,
544,513253,413,1958,1,1,3,476974424,123932561,0,476973942,123932395,
545,513253,415,799,2,1,3,476979915,123926840,0,476979878,123927141,
546,513253,415,799,2,2,3,476980033,123925880,0,476979878,123927141,
547,513253,415,829,2,1,3,476979893,123925813,0,476979865,123925816,
548,513253,415,829,2,2,3,476979915,123926840,0,476979865,123925816,
549,513253,416,2460,1,1,3,476979819,123925949,0,476980880,123926555,
550,513253,420,780,2,1,3,476926438,124090037,0,476925979,124089767,
551,513253,420,780,2,2,3,476926620,124090420,0,476925979,124089767,
552,513253,420,9306,1,1,3,476926326,124090202,0,476927033,124089867,
553,513253,420,12385,2,1,3,476926438,124090037,0,476926937,124090692,
554,513253,420,12385,2,2,3,476926323,124090115,0,476926937,124090692,
555,513253,420,12409,1,1,3,476926569,124090068,0,476925905,124090595,
556,513253,424,756,1,1,3,476853565,123953519,0,476854150,123954280,
557,513253,424,758,1,1,3,476853821,123954067,0,476853425,123953325,
558,513253,424,2746,1,1,3,476853435,123954005,0,476854252,123953392,
559,513253,424,6774,1,1,3,476853958,123953825,1,476853772,123954067,
560,513253,426,1721,2,1,3,476894138,124073127,0,476894203,124072869,
561,513253,426,1721,2,2,3,476893242,124073651,0,476894203,124072869,
562,513253,426,1920,2,1,3,476893771,124074044,0,476893373,124073833,
563,513253,426,1920,2,2,3,476894138,124073127,0,476893373,124073833,
564,513253,426,3295,2,1,3,476893852,124074023,0,476894297,124073687,
565,513253,426,3295,2,2,3,476893537,124072920,0,476894297,124073687,
566,513253,426,3296,1,1,3,476893848,124074016,0,476893262,124073418,
567,513253,433,1723,1,1,3,476782163,124123380,0,476781334,124123228,
568,513253,433,7034,1,1,3,476782188,124123032,0,476781614,124123471,
569,513253,433,7035,1,1,3,476781520,124123367,0,476782088,124122986,
570,513253,433,11600,2,1,3,476782212,124123214,0,476782255,124123157,
571,513253,433,11600,2,2,3,476781595,124123067,0,476782255,124123157,
572,513253,436,508,2,1,3,476773925,124109467,0,476775489,124109787,
573,513253,436,508,2,2,3,476774113,124110244,0,476775489,124109787,
574,513253,436,1725,1,1,3,476774455,124110601,0,476774425,124109167,
575,513253,437,499,2,1,3,476760679,124106270,0,476762027,124106793,
576,513253,437,499,2,2,3,476760577,124106935,0,476762027,124106793,
577,513253,437,2818,2,1,3,476761259,124106097,0,476761351,124105890,
578,513253,437,2818,2,2,3,476760876,124107443,0,476761351,124105890,
579,513253,438,533,2,1,3,476761847,124107261,0,476760336,124106849,
580,513253,438,533,2,2,3,476761960,124106822,0,476760336,124106849,
581,513253,438,2470,1,1,3,476761259,124106097,0,476761092,124107650,
582,513253,439,1727,2,1,3,476762052,124084611,0,476762307,124084687,
583,513253,439,1727,2,2,3,476762312,124083533,0,476762307,124084687,
584,513253,439,2287,2,1,3,476762312,124083527,0,476762029,124083434,
585,513253,439,2287,2,2,3,476762052,124084611,0,476762029,124083434,
586,513253,439,2836,1,1,3,476762312,124084055,0,476761503,124083981,
587,513253,457,1023,2,1,3,476673403,124013235,0,476673697,124014498,
588,513253,457,1023,2,2,3,476673468,124014177,0,476673697,124014498,
589,513253,457,1864,1,1,3,476673468,124014177,0,476673641,124013095,
590,513253,457,2399,2,1,3,476674046,124014268,0,476672729,124013392,
591,513253,457,2399,2,2,3,476673980,124014036,0,476672729,124013392,
592,513253,457,2852,2,1,3,476672721,124013127,0,476674272,124014179,
593,513253,457,2852,2,2,3,476673227,124013636,0,476674272,124014179,
594,513253,491,1131,1,1,3,476808910,124134435,0,476810084,124133641,
595,513253,491,1152,1,1,3,476809527,124133885,0,476809475,124134756,
596,513253,491,1752,1,1,3,476810072,124133863,0,476808680,124134495,
597,513253,491,1753,1,1,3,476809336,124133979,0,476810266,124134202,
598,513253,527,13255,2,1,3,476829561,124111913,0,476829676,124111883,
599,513253,527,13255,2,2,3,476830486,124111364,0,476829676,124111883,
600,513253,527,13982,1,1,3,476829687,124110935,0,476830196,124111860,
601,513253,561,1956,1,1,3,476944354,123954497,0,476944506,123953778,
602,513253,561,2444,1,1,3,476944695,123953780,0,476944478,123954532,
603,513253,561,2445,1,1,3,476944993,123954382,0,476944109,123954192,
604,513253,561,13151,1,1,3,476944120,123954154,0,476945139,123954158,
605,513253,617,793,1,1,3,476891973,124082658,0,476891500,124082942,
606,513253,617,794,1,1,3,476891598,124082641,0,476891907,124082402,
607,513253,617,7118,1,1,3,476891914,124082755,0,476891520,124082375,
608,513253,617,8225,1,1,3,476891672,124082320,0,476892013,124082811,
609,513253,626,666,1,1,3,476878724,123993304,0,476879040,123993918,
610,513253,626,9455,1,1,3,476878664,123993633,0,476878991,123993423,
611,513253,627,743,2,1,3,476878724,123993304,0,476878583,123993160,
612,513253,627,743,2,2,3,476878764,123993677,0,476878583,123993160,
613,513253,629,1047,1,1,3,476869194,123981795,0,476869538,123981199,
614,513253,629,12304,1,1,3,476869340,123981859,0,476868633,123981204,
615,513253,629,12322,1,1,3,476869115,123981412,0,476869520,123981826,
616,513253,637,797,1,1,3,476944419,123975615,0,476944677,123975184,
617,513253,637,6710,1,1,3,476944432,123975404,0,476945001,123975576,
618,513253,637,12446,1,1,3,476944814,123975327,0,476944534,123975801,
619,513253,639,798,1,1,3,476948640,123971608,0,476949446,123970958,
620,513253,639,859,1,1,3,476949280,123971247,0,476948853,123971633,
621,513253,639,1408,1,1,3,476949185,123971447,0,476948688,123971291,
622,513253,639,8713,1,1,3,476948719,123971255,0,476949256,123971408,
623,513253,645,2776,1,1,3,476846844,124099725,0,476846409,124099922,
624,513253,645,2777,1,1,3,476846469,124099836,0,476846771,124099518,
625,513253,645,6445,1,1,3,476846589,124099867,0,476846416,124099581,
626,513253,647,12999,2,1,3,476610434,123918190,0,476609206,123917337,
627,513253,647,12999,2,2,3,476610981,123917913,0,476609206,123917337,
628,513253,647,13497,1,1,3,476609592,123917957,0,476610943,123916824,
629,513253,647,13701,2,1,3,476609658,123917028,0,476611056,123917912,
630,513253,647,13701,2,2,3,476609209,123917307,0,476611056,123917912,
631,513253,671,724,2,1,3,476930578,124095286,0,476929637,124094240,
632,513253,671,724,2,2,3,476930144,124094713,0,476929637,124094240,
633,513253,671,905,2,1,3,476930578,124095286,0,476930888,124095445,
634,513253,671,905,2,2,3,476930144,124094713,0,476930888,124095445,
635,513253,671,10620,1,1,3,476930544,124094640,0,476930053,124095129,
636,513253,671,10631,1,1,3,476930115,124094957,0,476930553,124094587,
637,513253,677,880,2,1,3,476918145,124076434,0,476917857,124075957,
638,513253,677,880,2,2,3,476917748,124077408,0,476917857,124075957,
639,513253,677,977,2,1,3,476917748,124077416,0,476918194,124077576,
640,513253,677,977,2,2,3,476918145,124076436,0,476918194,124077576,
641,513253,677,3314,2,1,3,476918517,124077015,0,476918560,124076474,
642,513253,677,3314,2,2,3,476917335,124076471,0,476918560,124076474,
643,513253,677,14374,2,1,3,476917334,124076471,0,476917122,124076941,
644,513253,677,14374,2,2,3,476918517,124077015,0,476917122,124076941,
645,513253,689,672,1,1,3,476856836,123963990,0,476856805,123962866,
646,513253,689,755,1,1,3,476856976,123963160,0,476857128,123964494,
647,513253,689,1898,2,1,3,476857546,123963532,0,476857429,123963317,
648,513253,689,1898,2,2,3,476855947,123963854,0,476857429,123963317,
649,513253,689,3084,2,1,3,476857546,123963532,0,476856573,123963879,
650,513253,689,3084,2,2,3,476857474,123963343,0,476856573,123963879,
651,513253,693,923,2,1,3,476847633,123941640,0,476847424,123941418,
652,513253,693,923,2,2,3,476848066,123942129,0,476847424,123941418,
653,513253,693,8645,1,1,3,476848134,123941830,0,476847216,123942190,
654,513253,693,9639,1,1,3,476847586,123942002,0,476848173,123941632,
655,513253,693,12286,2,1,3,476847633,123941640,0,476848105,123942103,
656,513253,693,12286,2,2,3,476848069,123942137,0,476848105,123942103,
657,513253,710,808,1,1,3,476796866,124113931,0,476796573,124113436,
658,513253,710,7043,1,1,3,476796438,124113722,0,476797304,124113557,
659,513253,710,9837,1,1,3,476797694,124113629,0,476796398,124113934,
660,513253,710,12325,1,1,3,476796826,124113409,0,476796990,124113957,
661,513253,711,808,1,1,3,476796158,124112013,0,476796650,124112953,
662,513253,711,12318,2,1,3,476797116,124112711,0,476795373,124112668,
663,513253,711,12318,2,2,3,476797124,124112492,0,476795373,124112668,
664,513253,769,325,2,1,3,476723273,124093508,0,476723080,124093435,
665,513253,769,325,2,2,3,476721324,124093142,0,476723080,124093435,
666,513253,769,1538,1,1,3,476721513,124093837,0,476722644,124092963,
667,513253,829,911,1,1,3,476918957,123995128,0,476920657,123995550,
668,513253,829,1459,2,1,3,476919728,123995665,0,476920295,123996029,
669,513253,829,1459,2,2,3,476920016,123995248,0,476920295,123996029,
670,513253,829,2690,1,1,3,476919727,123995658,0,476919677,123994743,
671,513253,838,673,1,1,1,476932638,124051603,0,476933007,124051424,
672,513253,838,726,1,1,1,476932638,124051603,0,476932493,124051702,
673,513253,838,8357,1,1,1,476932638,124051603,0,476932509,124051538,
674,513253,838,9325,1,1,1,476932638,124051603,0,476932730,124051647,
675,513253,839,822,2,1,3,476927422,124052619,0,476927571,124053033,
676,513253,839,822,2,2,3,476929011,124052580,0,476927571,124053033,
677,513253,839,2660,1,1,3,476928038,124052252,0,476928555,124053180,
678,513253,839,2662,1,1,3,476928161,124053237,0,476927714,124052146,
679,513253,844,1045,1,1,3,476875407,124035059,0,476875131,124034288,
680,513253,844,2733,1,1,3,476875265,124034765,0,476875338,124035953,
681,513253,844,9576,1,1,3,476875477,124034922,0,476874422,124035409,
682,513253,844,10380,1,1,3,476874920,124035153,0,476875918,124034733,
683,513253,851,13566,1,1,3,476856290,124004828,0,476857341,124004242,
684,513253,913,1313,1,1,3,476825867,123970040,0,476825425,123971213,
685,513253,913,13544,1,1,3,476824946,123970481,0,476826536,123970283,
686,513253,914,1498,1,1,3,476825417,123970876,0,476825805,123969546,
687,513253,914,9748,1,1,3,476825945,123970091,0,476825467,123969870,
688,513253,920,1874,1,1,3,476832680,123947462,0,476832805,123948513,
689,513253,920,1875,1,1,3,476832579,123948230,0,476832559,123947274,
690,513253,920,6749,1,1,3,476832886,123947688,0,476832229,123948020,
691,513253,920,7270,2,1,3,476832522,123947654,0,476832993,123947571,
692,513253,920,7270,2,2,3,476832886,123947688,0,476832993,123947571,
693,513253,924,1079,1,1,3,476830888,123931331,0,476830372,123931687,
694,513253,924,1877,1,1,3,476830458,123931418,0,476830971,123931065,
695,513253,924,6757,1,1,3,476830530,123931031,0,476830910,123931574,
696,513253,924,6758,1,1,3,476830830,123931408,0,476830341,123931099,
697,513253,927,1080,1,1,3,476795912,124101454,0,476796629,124100987,
698,513253,927,1505,1,1,3,476796404,124101230,0,476795514,124101692,
699,513253,927,2045,1,1,3,476796049,124101404,0,476795572,124100994,
700,513253,940,1290,1,1,3,476626664,124005990,0,476626959,124007573,
701,513253,940,2953,1,1,3,476626758,124007586,0,476626440,124005926,
702,513253,940,3283,2,1,3,476626011,124006611,0,476627455,124006356,
703,513253,940,3283,2,2,3,476626145,124007070,0,476627455,124006356,
704,513253,940,3303,3,1,3,476624860,124007032,0,476626101,124007087,
705,513253,940,3303,3,2,3,476627672,124006884,0,476626101,124007087,
706,513253,940,3303,3,3,3,476627488,124006401,0,476626101,124007087,
707,513253,947,404,2,1,3,476651940,123994239,0,476651383,123992902,
708,513253,947,404,2,2,3,476652546,123994167,0,476651383,123992902,
709,513253,947,12566,2,1,3,476652977,123993538,0,476651142,123993974,
710,513253,947,12566,2,2,3,476652763,123993034,0,476651142,123993974,
711,513253,952,406,2,1,3,476647473,123980430,0,476647297,123979530,
712,513253,952,406,2,2,3,476648189,123980255,0,476647297,123979530,
713,513253,952,2879,2,1,3,476648264,123980141,0,476646154,123980248,
714,513253,952,2879,2,2,3,476646909,123979774,0,476646154,123980248,
715,513253,955,3305,3,1,3,476646197,123995200,0,476644783,123996104,
716,513253,955,3305,3,2,3,476644688,123995273,0,476644783,123996104,
717,513253,955,3305,3,3,3,476645988,123994682,0,476644783,123996104,
718,513253,955,4096,1,1,3,476645545,123996117,0,476645142,123994514,
719,513253,955,7298,1,1,3,476645488,123994571,0,476645864,123995943,
720,513253,955,12566,2,1,3,476644693,123995273,0,476645992,123994641,
721,513253,955,12566,2,2,3,476645993,123994664,0,476645992,123994641,
722,513253,957,836,2,1,3,476662238,124048320,0,476663135,124049057,
723,513253,957,836,2,2,3,476661861,124048402,0,476663135,124049057,
724,513253,957,2054,2,1,3,476661413,124048944,0,476662992,124048638,
725,513253,957,2054,2,2,3,476663077,124048920,0,476662992,124048638,
726,513253,959,562,2,1,3,476695356,124084147,0,476694641,124083557,
727,513253,959,562,2,2,3,476695738,124084209,0,476694641,124083557,
728,513253,959,2847,1,1,3,476696002,124083496,0,476694450,124084278,
729,513253,960,555,2,1,3,476695170,124083113,0,476696045,124083866,
730,513253,960,555,2,2,3,476694995,124083241,0,476696045,124083866,
731,513253,960,2848,1,1,3,476695094,124084032,0,476695766,124083262,
732,513253,962,340,2,1,3,476705214,124090763,0,476706666,124091096,
733,513253,962,340,2,2,3,476704788,124091179,0,476706666,124091096,
734,513253,962,1244,1,1,3,476704908,124091664,0,476706244,124090677,
735,513253,964,395,3,1,3,476749677,124101565,0,476748152,124101749,
736,513253,964,395,3,2,3,476748290,124101430,0,476748152,124101749,
737,513253,964,395,3,3,3,476749569,124101940,0,476748152,124101749,
738,513253,964,1881,2,1,3,476749458,124101104,0,476748767,124102366,
739,513253,964,1881,2,2,3,476748822,124102339,0,476748767,124102366,
740,513253,965,523,2,1,3,476748299,124101432,0,476749702,124101485,
741,513253,965,523,2,2,3,476748902,124101180,0,476749702,124101485,
742,513253,965,2823,2,1,3,476749458,124101104,0,476749375,124100819,
743,513253,965,2823,2,2,3,476748607,124102254,0,476749375,124100819,
744,513253,966,520,2,1,3,476753669,124103291,0,476754426,124103570,
745,513253,966,520,2,2,3,476753218,124103281,0,476754426,124103570,
746,513253,966,1360,1,1,3,476753380,124103874,0,476754609,124103066,
747,513253,968,504,2,1,3,476775111,124110392,0,476773673,124110197,
748,513253,968,504,2,2,3,476775442,124109861,0,476773673,124110197,
749,513253,968,2805,1,1,3,476774834,124109576,0,476774736,124110733,
750,513253,969,491,2,1,3,476787663,124111668,0,476788268,124111647,
751,513253,969,491,2,2,3,476787207,124111865,0,476788268,124111647,
752,513253,971,954,2,1,3,476680132,124062398,0,476680964,124063011,
753,513253,971,954,2,2,3,476680052,124062475,0,476680964,124063011,
754,513253,971,10097,1,1,3,476680052,124063301,0,476680719,124062299,
755,513253,973,612,2,1,3,476735490,124099055,0,476736496,124099469,
756,513253,973,612,2,2,3,476735287,124099323,0,476736496,124099469,
757,513253,973,7305,1,1,3,476735429,124099937,0,476736037,124099057,
758,513253,976,500,2,1,3,476768175,124108286,0,476769410,124108552,
759,513253,976,500,2,2,3,476768094,124108533,0,476769410,124108552,
760,513253,976,9879,1,1,3,476768531,124109112,0,476768730,124108117,
761,513253,1005,921,1,1,3,476889220,124188088,0,476889007,124187716,
762,513253,1019,819,2,1,3,476865993,124133836,0,476865949,124132858,
763,513253,1019,819,2,2,3,476866199,124133215,0,476865949,124132858,
764,513253,1019,840,2,1,3,476865993,124133845,0,476866257,124133875,
765,513253,1019,840,2,2,3,476866199,124133215,0,476866257,124133875,
766,513253,1019,2063,1,1,3,476865925,124133439,0,476866468,124133356,
767,513253,1025,9900,1,1,3,476808570,123983183,0,476808272,123982771,
768,513253,1025,13900,1,1,3,476807733,123983337,0,476809112,123982762,
769,513253,1025,14472,1,1,3,476808097,123983032,0,476808512,123983303,
770,513253,1027,1896,2,1,3,476833946,123969718,0,476835384,123969300,
771,513253,1027,1896,2,2,3,476835065,123969395,0,476835384,123969300,
772,513253,1027,2786,2,1,3,476835240,123969590,0,476833618,123969820,
773,513253,1027,2786,2,2,3,476835065,123969395,0,476833618,123969820,
774,513253,1027,3286,2,1,3,476834559,123969333,0,476834990,123970008,
775,513253,1027,3286,2,2,3,476834444,123970035,0,476834990,123970008,
776,513253,1027,9752,1,1,3,476833988,123969769,0,476834553,123969064,
777,513253,1030,2073,1,1,3,476836617,123973453,0,476835700,123973831,
778,513253,1030,3286,2,1,3,476836267,123974020,0,476835823,123973239,
779,513253,1030,3286,2,2,3,476836246,123973193,0,476835823,123973239,
780,513253,1030,3293,2,1,3,476836249,123973203,0,476836641,123973850,
781,513253,1030,3293,2,2,3,476836267,123974020,0,476836641,123973850,
782,513253,1030,7469,1,1,3,476835503,123973832,0,476836755,123973295,
783,513253,1031,3287,2,1,3,476842792,123980792,0,476842102,123980103,
784,513253,1031,3287,2,2,3,476843150,123980609,0,476842102,123980103,
785,513253,1031,3291,2,1,3,476842407,123979696,0,476843181,123980561,
786,513253,1031,3291,2,2,3,476843158,123980613,0,476843181,123980561,
787,513253,1031,7489,1,1,3,476843275,123980154,0,476842145,123980646,
788,513253,1031,12812,1,1,3,476842065,123980548,0,476843229,123980091,
789,513253,1033,1497,1,1,3,476850492,123992097,0,476849130,123992566,
790,513253,1033,2409,1,1,3,476849252,123992095,0,476850353,123991838,
791,513253,1033,3288,2,1,3,476849895,123992571,0,476849190,123991823,
792,513253,1033,3288,2,2,3,476850234,123992510,0,476849190,123991823,
793,513253,1033,14314,1,1,3,476849782,123991684,0,476850352,123992526,
794,513253,1035,3289,2,1,3,476845980,123984642,0,476846433,123985412,
795,513253,1035,3289,2,2,3,476845571,123984813,0,476846433,123985412,
796,513253,1035,3290,2,1,3,476845997,123985558,0,476845584,123984940,
797,513253,1035,3290,2,2,3,476846317,123985460,0,476845584,123984940,
798,513253,1035,7501,1,1,3,476845462,123985409,0,476846817,123984856,
799,513253,1035,8547,1,1,3,476846492,123985050,0,476845582,123985482,
800,513253,1043,1316,1,1,3,476860063,123962756,0,476859691,123962179,
801,513253,1043,1898,2,1,3,476860079,123962612,0,476859659,123962803,
802,513253,1043,1898,2,2,3,476859547,123962572,0,476859659,123962803,
803,513253,1043,1899,2,1,3,476859547,123962572,0,476860125,123962246,
804,513253,1043,1899,2,2,3,476859627,123962784,0,476860125,123962246,
805,513253,1043,12735,1,1,3,476859838,123962245,0,476860260,123963000,
806,513253,1050,10783,2,1,3,476962957,124099491,0,476962058,124099483,
807,513253,1050,10783,2,2,3,476964191,124099978,0,476962058,124099483,
808,513253,1051,2540,1,1,3,476962957,124099491,0,476964280,124099794,
809,513253,1051,3317,2,1,3,476963497,124100268,0,476963562,124100291,
810,513253,1051,3317,2,2,3,476963068,124099444,0,476963562,124100291,
811,513253,1052,1901,2,1,3,476943410,124087626,0,476943294,124087772,
812,513253,1052,1901,2,2,3,476944328,124088408,0,476943294,124087772,
813,513253,1052,1903,2,1,3,476943417,124087633,0,476944452,124088270,
814,513253,1052,1903,2,2,3,476944328,124088408,0,476944452,124088270,
815,513253,1052,2080,1,1,3,476944176,124087942,0,476943623,124088366,
816,513253,1063,7633,1,1,3,476961784,124110161,0,476960240,124109490,
817,513253,1068,897,2,1,3,476961753,123951386,0,476961542,123951663,
818,513253,1068,897,2,2,3,476961462,123951464,0,476961542,123951663,
819,513253,1068,899,1,1,3,476961462,123951464,0,476961936,123950989,
820,513253,1068,1403,1,1,3,476961745,123951393,0,476961657,123950883,
821,513253,1078,676,1,1,3,476898632,123990122,0,476898695,123990630,
822,513253,1078,737,1,1,3,476898574,123991085,0,476898489,123990019,
823,513253,1078,821,1,1,3,476898287,123990270,0,476899160,123990295,
824,513253,1078,10929,1,1,3,476898893,123990390,0,476897959,123990391,
825,513253,1086,123,2,1,3,476919844,124073226,0,476919416,124073112,
826,513253,1086,123,2,2,3,476919693,124073648,0,476919416,124073112,
827,513253,1086,823,2,1,3,476918984,124073498,0,476919288,124073621,
828,513253,1086,823,2,2,3,476921133,124073118,0,476919288,124073621,
829,513253,1121,2097,1,1,3,476935151,124080506,0,476934364,124081105,
830,513253,1121,2633,2,1,3,476934522,124080752,0,476935228,124080171,
831,513253,1121,2633,2,2,3,476935157,124080501,0,476935228,124080171,
832,513253,1121,14083,1,1,3,476934556,124080666,0,476935246,124080896,
833,513253,1333,9188,1,1,3,476950065,123981652,0,476950494,123980843,
834,513253,1440,8585,1,1,3,476873159,123962266,0,476874548,123962276,
835,513253,1440,8586,1,1,3,476873995,123962736,0,476873907,123962094,
836,513253,1474,3297,2,1,3,476885665,124059179,0,476886269,124060350,
837,513253,1474,3297,2,2,3,476885274,124059368,0,476886269,124060350,
838,513253,1474,3298,2,1,3,476885588,124060427,0,476885177,124059324,
839,513253,1474,3298,2,2,3,476886183,124060357,0,476885177,124059324,
840,513253,1474,9523,1,1,3,476886237,124059893,0,476885191,124060333,
841,513253,1474,14064,1,1,3,476885424,124059885,0,476886364,124059462,
842,513253,1594,956,2,1,3,476668183,124053097,0,476668949,124053573,
843,513253,1594,956,2,2,3,476667920,124053090,0,476668949,124053573,
844,513253,1594,1573,2,1,3,476667843,124053598,0,476668724,124052955,
845,513253,1594,1573,2,2,3,476668183,124053021,0,476668724,124052955,
846,513253,1767,8218,2,1,3,476901207,124085445,0,476900909,124085733,
847,513253,1767,8218,2,2,3,476902084,124085206,0,476900909,124085733,
848,513253,1767,9098,1,1,3,476901118,124085437,0,476901455,124085910,
849,513253,1801,391,2,1,3,476844952,124101575,0,476845055,124101731,
850,513253,1801,391,2,2,3,476845598,124101276,0,476845055,124101731,
851,513253,1801,8766,2,1,3,476845358,124101579,0,476845526,124101966,
852,513253,1801,8766,2,2,3,476845330,124100668,0,476845526,124101966,
853,513253,1812,390,2,1,3,476853138,124097348,0,476852139,124097928,
854,513253,1812,390,2,2,3,476852661,124096929,0,476852139,124097928,
855,513253,1812,8765,1,1,3,476851950,124096558,0,476852901,124098150,
856,513253,2173,9642,1,1,3,476853383,123953965,0,476852948,123954854,
857,513253,2184,9649,1,1,3,476855557,123922371,0,476854549,123922919,
858,513253,2185,8736,1,1,3,476854830,123922606,0,476855787,123921988,
859,513253,2185,8737,1,1,3,476855530,123921972,0,476855955,123922639,
860,513253,2226,886,2,1,3,476933721,124000990,0,476932837,124000690,
861,513253,2226,886,2,2,3,476932905,124000358,0,476932837,124000690,
862,513253,2226,978,1,1,3,476933197,124000872,0,476933342,124000065,
863,513253,2236,1967,1,1,3,476919102,124030615,0,476917364,124031094,
864,513253,2389,399,2,1,3,476688428,124075790,0,476688204,124074753,
865,513253,2389,399,2,2,3,476688808,124075986,0,476688204,124074753,
866,513253,2643,8777,2,1,3,476904986,123981789,0,476906981,123982016,
867,513253,2643,8777,2,2,3,476906481,123982167,0,476906981,123982016,
868,513253,2681,9356,2,1,3,476919102,124030615,0,476919467,124030235,
869,513253,2681,9356,2,2,3,476917889,124030828,0,476919467,124030235,
870,513253,2689,2468,2,1,3,476876196,124089513,0,476876309,124089677,
871,513253,2689,2468,2,2,3,476877900,124089516,0,476876309,124089677,
872,513253,2689,7269,1,1,3,476876846,124089740,0,476876448,124089180,
873,513253,2746,10176,1,1,3,476654854,124004361,0,476656060,124004202,
874,513253,2746,12506,2,1,3,476655675,124003807,0,476655933,124004576,
875,513253,2746,12506,2,2,3,476656024,124004473,0,476655933,124004576,
876,513253,2748,574,2,1,3,476653675,123999958,0,476653164,123998614,
877,513253,2748,574,2,2,3,476654361,123999859,0,476653164,123998614,
878,513253,2748,8930,2,1,3,476653146,123999034,0,476652968,123999135,
879,513253,2748,8930,2,2,3,476654053,123998966,0,476652968,123999135,
880,513253,2754,849,2,1,3,476669269,124063532,0,476668975,124063368,
881,513253,2754,849,2,2,3,476669264,124063893,0,476668975,124063368,
882,513253,2754,945,1,1,3,476669305,124063606,0,476669480,124063862,
883,513253,2754,10090,1,1,3,476669377,124063664,0,476668997,124063883,
884,513253,2755,961,2,1,3,476662311,124049323,0,476661395,124048441,
885,513253,2755,961,2,2,3,476662381,124049200,0,476661395,124048441,
886,513253,2755,2894,1,1,3,476662778,124048663,0,476661502,124049217,
887,513253,2758,947,2,1,3,476680524,124063461,0,476679701,124062826,
888,513253,2758,947,2,2,3,476680644,124063451,0,476679701,124062826,
889,513253,2758,10087,1,1,3,476680631,124062480,0,476679769,124063397,
890,513253,2760,563,2,1,3,476688979,124075063,0,476689186,124075873,
891,513253,2760,563,2,2,3,476688143,124075006,0,476689186,124075873,
892,513253,2760,10084,1,1,3,476688009,124075116,0,476689460,124075329,
893,513253,2794,392,2,1,3,476819733,124114043,0,476818594,124114027,
894,513253,2794,392,2,2,3,476819543,124113806,0,476818594,124114027,
895,513253,2794,9683,1,1,3,476819128,124113349,0,476819313,124114220,
896,513253,2796,483,2,1,3,476812395,124113606,0,476811311,124113594,
897,513253,2796,483,2,2,3,476812629,124113395,0,476811311,124113594,
898,513253,3011,2072,1,1,3,476831163,123975340,0,476831953,123974943,
899,513253,3011,2792,1,1,3,476832139,123975007,0,476831284,123975349,
900,513253,3011,9738,2,1,3,476831352,123974618,0,476831894,123975359,
901,513253,3011,9738,2,2,3,476831713,123975393,0,476831894,123975359,
902,513253,3011,9756,1,1,3,476831713,123975393,0,476831285,123974621,
903,513253,3117,2503,1,1,3,476960407,124109378,0,476961847,124110002,
904,513253,3117,3318,2,1,3,476960363,124110132,0,476960928,124109115,
905,513253,3117,3318,2,2,3,476960708,124110379,0,476960928,124109115,
906,513253,3117,13857,2,1,3,476961398,124109417,0,476960790,124110410,
907,513253,3117,13857,2,2,3,476960845,124109306,0,476960790,124110410,
908,513253,3227,2616,1,1,3,476946181,124006935,0,476945603,124006749,
909,513253,3260,383,3,1,3,476870680,124081587,0,476871072,124080549,
910,513253,3260,383,3,2,3,476871479,124081445,0,476871072,124080549,
911,513253,3260,383,3,3,3,476870986,124080861,0,476871072,124080549,
912,513253,3260,7649,1,1,3,476871910,124080970,0,476870500,124081532,
913,513253,3312,396,2,1,3,476736220,124099870,0,476735084,124099572,
914,513253,3312,396,2,2,3,476736168,124100020,0,476735084,124099572,
915,513253,3312,10015,1,1,3,476736225,124099136,0,476735541,124100120,
916,513253,3350,2105,1,1,3,476882537,124051862,0,476881490,124052815,
917,513253,3350,2583,2,1,3,476882494,124051895,0,476882625,124051470,
918,513253,3350,2583,2,2,3,476881452,124052416,0,476882625,124051470,
919,513253,3350,12922,1,1,3,476882238,124052945,0,476881581,124051498,
920,513253,3351,329,2,1,3,476887422,124065528,0,476889038,124064573,
921,513253,3351,329,2,2,3,476887658,124065626,0,476889038,124064573,
922,513253,3351,3320,2,1,3,476888743,124066160,0,476887795,124064645,
923,513253,3351,3320,2,2,3,476889236,124065898,0,476887795,124064645,
924,513253,3354,3296,1,1,3,476892209,124071303,0,476892976,124072071,
925,513253,3354,3299,2,1,3,476892209,124071303,0,476891894,124071699,
926,513253,3354,3299,2,2,3,476892593,124072460,0,476891894,124071699,
927,513253,3354,7707,1,1,3,476892934,124071848,0,476892110,124072436,
928,513253,3354,9536,2,1,3,476893016,124071929,0,476893019,124071382,
929,513253,3354,9536,2,2,3,476892100,124072178,0,476893019,124071382,
930,513253,3516,505,3,1,3,476780785,124111574,0,476780098,124111491,
931,513253,3516,505,3,2,3,476788021,124112233,0,476787127,124112229,
932,513253,3516,505,3,3,3,476788073,124112100,0,476787127,124112229,
933,513253,3516,9884,1,1,3,476787732,124111616,0,476787737,124112427,
934,513253,3636,397,3,1,3,476704780,124091177,0,476704744,124091223,
935,513253,3636,397,3,2,3,476706347,124091638,0,476704744,124091223,
936,513253,3636,397,3,3,3,476706682,124091134,0,476704744,124091223,
937,513253,3636,1540,1,1,3,476705876,124090871,0,476704988,124091781,
938,513253,3644,548,2,1,3,476722883,124094016,0,476720982,124093694,
939,513253,3644,548,2,2,3,476722949,124093771,0,476720982,124093694,
940,513253,3644,2509,1,1,3,476722331,124093141,0,476722387,124094152,
941,513253,3644,10041,1,1,3,476722800,124093081,0,476721355,124093980,
942,513253,3689,345,2,1,3,476850077,124088343,0,476849912,124088654,
943,513253,3689,345,2,2,3,476850566,124088152,0,476849912,124088654,
944,513253,3689,346,2,1,3,476850084,124088337,0,476850692,124087926,
945,513253,3689,346,2,2,3,476850566,124088152,0,476850692,124087926,
946,513253,3689,3246,1,1,3,476850118,124088247,0,476850650,124088464,
947,513253,3737,11973,1,1,3,476918482,124079791,0,476918998,124080865,
948,513253,3740,1267,1,1,3,476940295,124077601,0,476940266,124077239,
949,513253,3740,2630,1,1,3,476940154,124077402,0,476941062,124077349,
950,513253,3740,2632,1,1,3,476940366,124077522,0,476939816,124077754,
951,513253,3756,2349,1,1,3,476960609,124076654,0,476959806,124076705,
952,513253,3815,384,2,1,3,476877215,124072844,0,476876274,124073473,
953,513253,3815,384,2,2,3,476876729,124072964,0,476876274,124073473,
954,513253,3815,8330,1,1,3,476876055,124072936,0,476877215,124073055,
955,513253,3836,2348,1,1,3,476953430,124076757,0,476954067,124076728,
956,513253,3836,2495,1,1,3,476953785,124076867,0,476953286,124076916,
957,513253,3836,8348,1,1,3,476953698,124076915,0,476953492,124076558,
958,513253,3844,702,1,1,3,476991759,124062552,0,476990187,124063474,
959,513253,3858,457,2,1,3,476889583,124065171,0,476888067,124066152,
960,513253,3858,457,2,2,3,476889451,124065138,0,476888067,124066152,
961,513253,3858,3306,2,1,3,476888242,124064240,0,476889295,124065869,
962,513253,3858,3306,2,2,3,476887919,124064710,0,476889295,124065869,
963,513253,3861,418,2,1,3,476912996,124045278,0,476913561,124044504,
964,513253,3861,418,2,2,3,476913060,124045959,0,476913561,124044504,
965,513253,3861,729,1,1,3,476913481,124045858,0,476912856,124044634,
966,513253,3863,377,2,1,3,476913053,124045964,0,476913091,124046063,
967,513253,3863,377,2,2,3,476913917,124045168,0,476913091,124046063,
968,513253,3863,688,2,1,3,476913481,124045858,0,476913707,124045969,
969,513253,3863,688,2,2,3,476913103,124044670,0,476913707,124045969,
970,513253,3865,451,1,1,3,476903124,124054779,0,476903670,124054191,
971,513253,3865,9483,1,1,3,476903984,124055044,0,476903047,124054440,
972,513253,3919,361,2,1,3,476648512,123986111,0,476648708,123986553,
973,513253,3919,361,2,2,3,476648301,123986129,0,476648708,123986553,
974,513253,3919,8469,1,1,3,476647946,123986447,0,476648928,123986230,
975,513253,3924,2377,1,1,3,476604997,124008315,0,476605232,124009352,
976,513253,3924,3301,2,1,3,476604404,124008372,0,476605966,124008373,
977,513253,3924,3301,2,2,3,476604330,124008950,0,476605966,124008373,
978,513253,3924,12522,2,1,3,476605864,124008960,0,476604327,124009004,
979,513253,3924,12522,2,2,3,476605965,124008443,0,476604327,124009004,
980,513253,3939,10173,1,1,3,476655979,124004426,0,476654752,124004636,
981,513253,3939,12568,2,1,3,476655058,124004699,0,476654854,124003904,
982,513253,3939,12568,2,2,3,476655406,124004698,0,476654854,124003904,
983,513253,3940,363,2,1,3,476654854,124008787,0,476654923,124009771,
984,513253,3940,363,2,2,3,476654438,124009798,0,476654923,124009771,
985,513253,3940,11098,1,1,3,476654009,124009142,0,476655276,124009315,
986,513253,3941,364,2,1,3,476654861,124016573,0,476655001,124017861,
987,513253,3941,364,2,2,3,476654582,124016641,0,476655001,124017861,
988,513253,3941,8493,1,1,3,476653923,124016287,0,476655611,124017533,
989,513253,3942,401,2,1,3,476654097,124017560,0,476654006,124016188,
990,513253,3942,401,2,2,3,476654358,124017580,0,476654006,124016188,
991,513253,3942,2524,1,1,3,476655032,124017655,0,476653583,124016663,
992,513253,3943,402,2,1,3,476654061,124009732,0,476654331,124008651,
993,513253,3943,402,2,2,3,476654370,124009785,0,476654331,124008651,
994,513253,3943,5787,1,1,3,476655245,124009441,0,476653938,124009177,
995,513253,3959,366,2,1,3,476655212,124024894,0,476655269,124025552,
996,513253,3959,366,2,2,3,476655074,124024864,0,476655269,124025552,
997,513253,3959,8492,1,1,3,476654314,124024960,0,476655492,124025123,
998,513253,3962,577,2,1,3,476655198,124029976,0,476655572,124030943,
999,513253,3962,577,2,2,3,476655465,124029903,0,476655572,124030943,
1000,513253,3962,13595,1,1,3,476654792,124030583,0,476655671,124030209,
1001,513253,3964,576,2,1,3,476654555,124025593,0,476654544,124024818,
1002,513253,3964,576,2,2,3,476654831,124025530,0,476654544,124024818,
1003,513253,3964,3241,1,1,3,476655288,124025442,0,476653516,124025009,
1004,513253,4028,10782,2,1,3,476909008,123992098,0,476909375,123993362,
1005,513253,4028,10782,2,2,3,476908731,123991664,0,476909375,123993362,
1006,513253,4028,12520,1,1,3,476907324,123992165,0,476909947,123992781,
1007,513253,4263,9052,1,1,3,476944780,123975615,0,476944202,123975445,
1008,513253,4272,4368,1,1,3,476954499,123973026,0,476954003,123972872,
1009,513253,4272,8714,1,1,3,476954241,123973087,0,476954355,123972760,
1010,513253,4302,985,2,1,3,476619918,123922541,0,476621288,123923099,
1011,513253,4302,985,2,2,3,476620808,123923443,0,476621288,123923099,
1012,513253,4302,12975,2,1,3,476620801,123923440,0,476619579,123922927,
1013,513253,4302,12975,2,2,3,476621318,123923187,0,476619579,123922927,
1014,513253,4302,12997,2,1,3,476619927,123923085,0,476620564,123922498,
1015,513253,4302,12997,2,2,3,476620665,123922484,0,476620564,123922498,
1016,513253,4317,11786,2,1,3,476892745,123938936,0,476892991,123941159,
1017,513253,4317,11786,2,2,3,476893171,123939343,0,476892991,123941159,
1018,513253,4317,12633,3,1,3,476892125,123938412,0,476893571,123939747,
1019,513253,4317,12633,3,2,3,476892237,123938688,0,476893571,123939747,
1020,513253,4317,12633,3,3,3,476893398,123940203,0,476893571,123939747,
1021,513253,4318,207,2,1,3,476893306,123940327,0,476891294,123939411,
1022,513253,4318,207,2,2,3,476892525,123940848,0,476891294,123939411,
1023,513253,4323,113,2,1,3,476905463,123982241,0,476905021,123981419,
1024,513253,4323,113,2,2,3,476905760,123982399,0,476905021,123981419,
1025,513253,4324,12687,2,1,3,476892955,123963391,0,476891659,123964121,
1026,513253,4324,12687,2,2,3,476891897,123963806,0,476891659,123964121,
1027,513253,4328,162,2,1,3,476908318,123992864,0,476908088,123991811,
1028,513253,4328,162,2,2,3,476908586,123993307,0,476908088,123991811,
1029,513253,4329,131,2,1,3,476909623,123999665,0,476909428,123998924,
1030,513253,4329,131,2,2,3,476909764,123999661,0,476909428,123998924,
1031,513253,4332,114,2,1,3,476913831,124015591,0,476913453,124014690,
1032,513253,4332,114,2,2,3,476913829,124015159,0,476913453,124014690,
1033,513253,4334,115,2,1,3,476916089,124023497,0,476915803,124022563,
1034,513253,4334,115,2,2,3,476916271,124023722,0,476915803,124022563,
1035,513253,4334,12928,1,1,3,476917036,124022879,0,476915045,124023238,
1036,513253,4339,118,2,1,3,476921790,124038787,0,476920326,124037295,
1037,513253,4339,118,2,2,3,476921234,124039195,0,476920326,124037295,
1038,513253,4340,374,2,1,3,476921340,124037143,0,476920522,124038951,
1039,513253,4340,374,2,2,3,476921601,124037498,0,476920522,124038951,
1040,513253,4341,421,2,1,3,476901002,124057593,0,476901080,124057524,
1041,513253,4341,421,2,2,3,476901648,124056978,0,476901080,124057524,
1042,513253,4341,8759,2,1,3,476901703,124057018,0,476901610,124057456,
1043,513253,4341,8759,2,2,3,476901135,124056498,0,476901610,124057456,
1044,513253,4343,386,1,1,3,476871110,124082497,0,476870780,124083640,
1045,513253,4343,2467,1,1,3,476869971,124083151,0,476871313,124082716,
1046,513253,4344,385,2,1,3,476871634,124080546,0,476871475,124081435,
1047,513253,4344,385,2,2,3,476870985,124080868,0,476871475,124081435,
1048,513253,4344,8763,1,1,3,476870627,124081310,0,476871826,124080928,
1049,513253,4345,388,2,1,3,476862781,124092282,0,476861684,124092948,
1050,513253,4345,388,2,2,3,476862802,124092099,0,476861684,124092948,
1051,513253,4345,12105,1,1,3,476862278,124091815,0,476862224,124092950,
1052,513253,4347,394,2,1,3,476769201,124109129,0,476767959,124108846,
1053,513253,4347,394,2,2,3,476769192,124109005,0,476767959,124108846,
1054,513253,4347,10841,1,1,3,476768825,124108326,0,476768590,124109259,
1055,513253,4352,410,2,1,3,476639577,123966841,0,476638561,123965592,
1056,513253,4352,410,2,2,3,476640013,123966654,0,476638561,123965592,
1057,513253,4352,3310,2,1,3,476638772,123966867,0,476638710,123966942,
1058,513253,4352,3310,2,2,3,476640230,123966070,0,476638710,123966942,
1059,513253,4376,2860,2,1,3,476667395,123979908,0,476667081,123979728,
1060,513253,4376,2860,2,2,3,476666527,123980427,0,476667081,123979728,
1061,513253,4376,10171,1,1,3,476666561,123980015,0,476667381,123980315,
1062,513253,4376,11226,2,1,3,476667395,123979908,0,476666884,123980598,
1063,513253,4376,11226,2,2,3,476666527,123980427,0,476666884,123980598,
1064,513253,4376,11232,1,1,3,476667412,123980388,0,476666523,123980055,
1065,513253,4380,9064,2,1,3,476913524,124014936,0,476913108,124015305,
1066,513253,4380,9064,2,2,3,476914660,124014847,0,476913108,124015305,
1067,513253,4402,119,2,1,3,476921516,124077879,0,476920499,124076269,
1068,513253,4402,119,2,2,3,476922098,124077403,0,476920499,124076269,
1069,513253,4402,3313,2,1,3,476921951,124076735,0,476920155,124077114,
1070,513253,4402,3313,2,2,3,476922564,124077016,0,476920155,124077114,
1071,513253,4403,159,3,1,3,476921799,124076652,0,476922278,124077634,
1072,513253,4403,159,3,2,3,476921148,124076610,0,476922278,124077634,
1073,513253,4403,159,3,3,3,476921518,124077886,0,476922278,124077634,
1074,513253,4403,2490,2,1,3,476920225,124076637,0,476922605,124076747,
1075,513253,4403,2490,2,2,3,476920342,124077063,0,476922605,124076747,
1076,513253,4404,188,1,1,3,476920118,124073153,0,476920819,124073927,
1077,513253,4407,626,2,1,3,476656748,124037187,0,476656429,124036561,
1078,513253,4407,626,2,2,3,476656886,124037005,0,476656429,124036561,
1079,513253,4407,10355,1,1,3,476657455,124036765,0,476656214,124036844,
1080,513253,4408,894,1,1,3,476970498,123940091,0,476970692,123939510,
1081,513253,4410,189,2,1,3,476883520,123982057,0,476882917,123981005,
1082,513253,4410,189,2,2,3,476883552,123981420,0,476882917,123981005,
1083,513253,4410,210,2,1,3,476883554,123981426,0,476883912,123982022,
1084,513253,4410,210,2,2,3,476883524,123982066,0,476883912,123982022,
1085,513253,4410,3322,1,1,3,476883711,123981469,0,476883011,123982088,
1086,513253,4415,2893,1,1,3,476668754,124053357,0,476668007,124054012,
1087,513253,4415,13799,2,1,3,476668336,124053907,0,476667531,124053355,
1088,513253,4415,13799,2,2,3,476668499,124053940,0,476667531,124053355,
1089,513253,4420,412,2,1,3,476804107,124102194,0,476804350,124101995,
1090,513253,4420,412,2,2,3,476803763,124102145,0,476804350,124101995,
1091,513253,4420,514,2,1,3,476803763,124102145,0,476803631,124102330,
1092,513253,4420,514,2,2,3,476804107,124102194,0,476803631,124102330,
1093,513253,4420,10397,1,1,3,476804082,124102323,0,476803913,124101887,
1094,513253,4441,692,1,1,3,476892017,124026560,0,476893332,124027500,
1095,513253,4510,3319,2,1,3,476617047,123917834,0,476616782,123916346,
1096,513253,4510,3319,2,2,3,476617804,123916365,0,476616782,123916346,
1097,513253,4510,11351,2,1,3,476617499,123916352,0,476617662,123917755,
1098,513253,4510,11351,2,2,3,476617709,123917496,0,476617662,123917755,
1099,513253,4510,13702,2,1,3,476617739,123916972,0,476616527,123917235,
1100,513253,4510,13702,2,2,3,476616483,123917156,0,476616527,123917235,
1101,513253,4512,866,1,1,3,476955490,124116980,0,476956525,124117520,
1102,513253,4512,867,1,1,3,476956357,124117636,0,476955084,124116938,
1103,513253,4512,2513,1,1,3,476955744,124117347,0,476955924,124116781,
1104,513253,4531,199,2,1,3,476989628,124133966,0,476988831,124133563,
1105,513253,4531,199,2,2,3,476990104,124133685,0,476988831,124133563,
1106,513253,4531,202,2,1,3,476989628,124133966,0,476989998,124133549,
1107,513253,4531,202,2,2,3,476989560,124133370,0,476989998,124133549,
1108,513253,4531,868,1,1,3,476989365,124133894,0,476989977,124133008,
1109,513253,4532,198,2,1,3,476981943,124128935,0,476983203,124129594,
1110,513253,4532,198,2,2,3,476981740,124129391,0,476983203,124129594,
1111,513253,4532,205,2,1,3,476982764,124129971,0,476981485,124129290,
1112,513253,4532,205,2,2,3,476982982,124129515,0,476981485,124129290,
1113,513253,4532,7935,1,1,3,476982268,124129749,0,476982275,124128966,
1114,513253,4532,11679,1,1,3,476982317,124129013,0,476982426,124130063,
1115,513253,4533,191,2,1,3,476974989,124124835,0,476974003,124124913,
1116,513253,4533,191,2,2,3,476974949,124125381,0,476974003,124124913,
1117,513253,4533,206,2,1,3,476974311,124124440,0,476975345,124125012,
1118,513253,4533,206,2,2,3,476974949,124125381,0,476975345,124125012,
1119,513253,4533,2532,1,1,3,476974968,124124759,0,476975182,124125745,
1120,513253,4533,8951,1,1,3,476974862,124125402,0,476974765,124124272,
1121,513253,4536,192,2,1,3,476959422,124113179,0,476957674,124112571,
1122,513253,4536,192,2,2,3,476959169,124113978,0,476957674,124112571,
1123,513253,4536,2558,1,1,3,476959207,124112483,0,476958441,124114062,
1124,513253,4538,2561,2,1,3,476947151,124099029,0,476945583,124100208,
1125,513253,4538,2561,2,2,3,476945500,124100028,0,476945583,124100208,
1126,513253,4538,11433,2,1,3,476946527,124100127,0,476945448,124099186,
1127,513253,4538,11433,2,2,3,476947146,124099703,0,476945448,124099186,
1128,513253,4539,2308,1,1,3,476939194,124090586,0,476937547,124091567,
1129,513253,4540,197,2,1,3,476939165,124091401,0,476937503,124090612,
1130,513253,4540,197,2,2,3,476938347,124091683,0,476937503,124090612,
1131,513253,4543,629,2,1,3,476991035,124062263,0,476990705,124062656,
1132,513253,4543,629,2,2,3,476991717,124063135,0,476990705,124062656,
1133,513253,4544,641,2,1,3,476986261,124059758,0,476987600,124060402,
1134,513253,4544,641,2,2,3,476986096,124060164,0,476987600,124060402,
1135,513253,4544,3321,2,1,3,476987385,124060348,0,476985921,124060172,
1136,513253,4544,3321,2,2,3,476987408,124060862,0,476985921,124060172,
1137,513253,4546,980,2,1,3,476975510,124051425,0,476975069,124051750,
1138,513253,4546,980,2,2,3,476975901,124052476,0,476975069,124051750,
1139,513253,4546,12953,2,1,3,476975198,124052018,0,476975765,124052728,
1140,513253,4546,12953,2,2,3,476975583,124051401,0,476975765,124052728,
1141,513253,4546,13065,1,1,3,476975510,124051425,0,476976309,124052140,
1142,513253,4548,442,2,1,3,476969345,124004308,0,476969585,124004475,
1143,513253,4548,442,2,2,3,476968574,124002733,0,476969585,124004475,
1144,513253,4548,981,2,1,3,476968635,124004172,0,476969134,124004469,
1145,513253,4548,981,2,2,3,476969014,124002593,0,476969134,124004469,
1146,513253,4549,979,2,1,3,476965797,124035319,0,476966337,124035200,
1147,513253,4549,979,2,2,3,476966164,124033880,0,476966337,124035200,
1148,513253,4549,982,2,1,3,476966164,124033880,0,476965610,124033789,
1149,513253,4549,982,2,2,3,476965796,124035313,0,476965610,124033789,
1150,513253,4549,2504,2,1,3,476966582,124035018,0,476966648,124034489,
1151,513253,4549,2504,2,2,3,476965578,124034034,0,476966648,124034489,
1152,513253,4551,981,1,1,3,476968035,124014352,0,476968019,124013227,
1153,513253,4551,982,1,1,3,476968486,124013305,0,476968527,124014579,
1154,513253,4551,8807,2,1,3,476968791,124014267,0,476969024,124014285,
1155,513253,4551,8807,2,2,3,476967947,124013646,0,476969024,124014285,
1156,513253,4552,631,2,1,3,476941713,123979188,0,476943025,123979394,
1157,513253,4552,631,2,2,3,476942604,123979970,0,476943025,123979394,
1158,513253,4552,770,2,1,3,476941947,123979899,0,476942294,123980234,
1159,513253,4552,770,2,2,3,476942593,123979243,0,476942294,123980234,
1160,513253,4552,12446,2,1,3,476942594,123979236,0,476942576,123978865,
1161,513253,4552,12446,2,2,3,476941948,123979891,0,476942576,123978865,
1162,513253,4553,449,2,1,3,476895460,123942049,0,476896092,123941837,
1163,513253,4553,449,2,2,3,476895076,123941215,0,476896092,123941837,
1164,513253,4553,1354,1,1,3,476895218,123942022,0,476895565,123941218,
1165,513253,4553,12633,1,1,3,476895460,123942049,0,476894839,123941728,
1166,513253,4555,651,2,1,3,476899573,123943934,0,476900875,123944687,
1167,513253,4555,651,2,2,3,476900526,123945005,0,476900875,123944687,
1168,513253,4555,652,2,1,3,476900519,123945000,0,476899806,123944636,
1169,513253,4555,652,2,2,3,476899573,123943934,0,476899806,123944636,
1170,513253,4555,12628,2,1,3,476900585,123944307,0,476900969,123944087,
1171,513253,4555,12628,2,2,3,476899599,123944567,0,476900969,123944087,
1172,513253,4557,630,2,1,3,476911840,123956894,0,476911364,123957009,
1173,513253,4557,630,2,2,3,476912224,123957796,0,476911364,123957009,
1174,513253,4557,1383,1,1,3,476912872,123957628,0,476913397,123957864,
1175,513253,4557,7586,1,1,3,476911467,123957140,0,476912636,123957085,
1176,513253,4557,10939,2,1,3,476911925,123956888,0,476912794,123957707,
1177,513253,4557,10939,2,2,3,476912224,123957796,0,476912794,123957707,
1178,513253,4558,645,2,1,3,476932105,123974663,0,476933128,123975320,
1179,513253,4558,645,2,2,3,476932465,123975405,0,476933128,123975320,
1180,513253,4558,648,2,1,3,476932465,123975405,0,476931612,123974817,
1181,513253,4558,648,2,2,3,476932105,123974663,0,476931612,123974817,
1182,513253,4558,1038,1,1,3,476932346,123975419,0,476932817,123974842,
1183,513253,4559,649,2,1,3,476925884,123969392,0,476926782,123970017,
1184,513253,4559,649,2,2,3,476925878,123969827,0,476926782,123970017,
1185,513253,4559,8805,1,1,3,476925942,123970030,0,476926488,123969466,
1186,513253,4559,10926,2,1,3,476926507,123970303,0,476925572,123969687,
1187,513253,4559,10926,2,2,3,476926682,123970094,0,476925572,123969687,
1188,513253,4560,631,2,1,3,476949820,123981077,0,476949723,123981556,
1189,513253,4560,631,2,2,3,476950869,123981870,0,476949723,123981556,
1190,513253,4560,632,2,1,3,476949820,123981077,0,476951020,123981390,
1191,513253,4560,632,2,2,3,476950873,123981871,0,476951020,123981390,
1192,513253,4562,633,2,1,3,476958147,123984818,0,476957372,123984496,
1193,513253,4562,633,2,2,3,476957622,123984083,0,476957372,123984496,
1194,513253,4562,647,2,1,3,476957622,123984083,0,476958677,123984530,
1195,513253,4562,647,2,2,3,476958147,123984818,0,476958677,123984530,
1196,513253,4562,9197,1,1,3,476958002,123984827,0,476958209,123984001,
1197,513253,4565,635,2,1,3,476966232,123990984,0,476965729,123991056,
1198,513253,4565,635,2,2,3,476966308,123992078,0,476965729,123991056,
1199,513253,4565,8706,1,1,3,476965897,123991465,0,476966825,123991175,
1200,513253,4565,13175,2,1,3,476966310,123992085,0,476966963,123992102,
1201,513253,4565,13175,2,2,3,476966234,123990990,0,476966963,123992102,
1202,513253,4567,660,2,1,3,476630309,123925885,0,476630558,123924349,
1203,513253,4567,660,2,2,3,476630883,123925788,0,476630558,123924349,
1204,513253,4567,661,2,1,3,476631150,123924435,0,476631002,123925764,
1205,513253,4567,661,2,2,3,476630606,123924373,0,476631002,123925764,
1206,513253,4567,986,2,1,3,476631827,123925420,0,476629712,123925270,
1207,513253,4567,986,2,2,3,476629584,123924738,0,476629712,123925270,
1208,513253,4567,2966,3,1,3,476630078,123924762,0,476632034,123925350,
1209,513253,4567,2966,3,2,3,476631832,123925422,0,476632034,123925350,
1210,513253,4567,2966,3,3,3,476629715,123925205,0,476632034,123925350,
1211,513253,4569,637,2,1,3,476636893,123955915,0,476636694,123955911,
1212,513253,4569,637,2,2,3,476636692,123956395,0,476636694,123955911,
1213,513253,4569,638,2,1,3,476637288,123955970,0,476637321,123956455,
1214,513253,4569,638,2,2,3,476637060,123955953,0,476637321,123956455,
1215,513253,4674,10331,1,1,3,476841450,124094505,0,476842488,124095234,
1216,513253,4815,424,1,1,3,476986703,124060618,0,476986925,124059218,
1217,513253,4868,429,1,1,3,476977260,124024344,0,476977165,124024175,
1218,513253,4868,433,1,1,3,476977415,124024293,0,476977665,124024672,
1219,513253,5131,10486,1,1,3,476899138,123970394,0,476897580,123971410,
1220,513253,5165,891,1,1,3,476864807,124093897,0,476864995,124094380,
1221,513253,5165,892,1,1,3,476864833,124093827,0,476865489,124093455,
1222,513253,5165,2603,1,1,3,476865226,124093899,0,476864843,124093798,
1223,513253,5167,2604,1,1,3,476854850,124093398,0,476854265,124093934,
1224,513253,5167,2605,1,1,3,476854362,124093629,0,476855115,124093002,
1225,513253,5167,9134,1,1,3,476854830,124093517,0,476854419,124093295,
1226,513253,5183,4636,1,1,3,476875946,124078557,0,476876631,124077897,
1227,513253,5183,9139,1,1,3,476875946,124078557,0,476876869,124077954,
1228,513253,5217,643,2,1,3,476969014,124002593,0,476968517,124002549,
1229,513253,5217,643,2,2,3,476968635,124004172,0,476968517,124002549,
1230,513253,5269,894,1,1,3,476970828,123939634,0,476970661,123940086,
1231,513253,5334,902,1,1,3,476937151,123991630,0,476936067,123991192,
1232,513253,5335,645,2,1,3,476941713,123979188,0,476941416,123979675,
1233,513253,5335,645,2,2,3,476942604,123979970,0,476941416,123979675,
1234,513253,5336,14142,1,1,3,476937120,123991130,0,476937020,123991868,
1235,513253,5358,2616,2,1,3,476946132,124007023,0,476946712,124007005,
1236,513253,5358,2616,2,2,3,476945985,124006717,0,476946712,124007005,
1237,513253,5584,12233,1,1,3,476952337,124114905,0,476952727,124115094,
1238,513253,5751,726,1,1,3,476927488,124052682,0,476928846,124052365,
1239,513253,5770,9340,1,1,3,476910062,124051405,0,476909862,124052213,
1240,513253,5776,447,1,1,3,476904234,124054554,0,476903712,124055141,
1241,513253,5776,10405,1,1,3,476903451,124054338,0,476904201,124054987,
1242,513253,5779,996,2,1,3,476917329,124056477,0,476917442,124056334,
1243,513253,5779,996,2,2,3,476916634,124056888,0,476917442,124056334,
1244,513253,5832,149,2,1,3,476914410,124014374,0,476914734,124015425,
1245,513253,5832,149,2,2,3,476913796,124013861,0,476914734,124015425,
1246,513253,5860,2685,1,1,3,476932916,124000360,0,476934137,124000999,
1247,513253,6106,224,2,1,3,476900830,124042620,0,476900312,124042500,
1248,513253,6106,224,2,2,3,476900998,124043222,0,476900312,124042500,
1249,513253,6106,225,2,1,3,476900830,124042620,0,476901714,124043540,
1250,513253,6106,225,2,2,3,476900998,124043222,0,476901714,124043540,
1251,513253,6127,3327,1,1,3,476881879,124051397,0,476882536,124052940,
1252,513253,6133,12707,1,1,3,476882267,124044064,0,476882300,124043794,
1253,513253,6214,458,1,1,3,476881606,124069994,0,476881185,124070333,
1254,513253,6252,921,1,1,3,476889256,124187750,0,476889469,124188090,
1255,513253,6269,462,2,1,3,476879277,124053729,0,476879328,124053377,
1256,513253,6269,462,2,2,3,476879865,124053998,0,476879328,124053377,
1257,513253,6431,2752,2,1,3,476868433,123955503,0,476867804,123956355,
1258,513253,6431,2752,2,2,3,476867761,123956344,0,476867804,123956355,
1259,513253,6545,468,2,1,3,476833468,124109075,0,476833231,124109570,
1260,513253,6545,468,2,2,3,476833847,124109133,0,476833231,124109570,
1261,513253,6548,469,2,1,3,476833048,124108887,0,476833734,124108401,
1262,513253,6548,469,2,2,3,476833357,124108980,0,476833734,124108401,
1263,513253,6562,474,1,1,3,476827384,124101791,0,476826968,124101952,
1264,513253,6562,475,1,1,3,476826986,124101911,0,476827377,124101748,
1265,513253,6683,9749,1,1,3,476826532,123970580,0,476824921,123970825,
1266,513253,6869,484,2,1,3,476800622,124112699,0,476800043,124112921,
1267,513253,6869,484,2,2,3,476801088,124112931,0,476800043,124112921,
1268,513253,6899,1503,1,1,3,476811494,124101699,0,476812835,124102444,
1269,513253,6900,12234,1,1,3,476814283,124101883,0,476815225,124102527,
1270,513253,6901,12541,1,1,3,476812518,124102243,0,476811447,124101709,
1271,513253,6902,9865,1,1,3,476815012,124102336,0,476813699,124101573,
1272,513253,6959,511,1,1,3,476780195,124110837,0,476780621,124110875,
1273,513253,7201,527,2,1,3,476753811,124103962,0,476752956,124103648,
1274,513253,7201,527,2,2,3,476754092,124103878,0,476752956,124103648,
1275,513253,7202,1518,1,1,3,476754397,124103233,0,476753106,124104195,
1276,513253,7372,554,1,1,3,476700673,124077895,0,476701503,124078954,
1277,513253,7401,558,2,1,3,476727998,124084211,0,476728183,124084081,
1278,513253,7401,558,2,2,3,476726678,124084063,0,476728183,124084081,
1279,513253,7457,568,3,1,3,476686120,124069608,0,476686109,124069736,
1280,513253,7457,568,3,2,3,476688411,124070127,0,476686109,124069736,
1281,513253,7457,568,3,3,3,476688201,124069965,0,476686109,124069736,
1282,513253,7837,965,2,1,3,476610331,123918289,0,476609647,123918305,
1283,513253,7837,965,2,2,3,476610819,123917140,0,476609647,123918305,
1284,513253,7842,12988,2,1,3,476614337,123920151,0,476614924,123920389,
1285,513253,7842,12988,2,2,3,476614145,123920254,0,476614924,123920389,
1286,513253,7842,13496,2,1,3,476614468,123920722,0,476613867,123920442,
1287,513253,7842,13496,2,2,3,476614033,123920319,0,476613867,123920442,
1288,513253,7865,3346,1,1,3,476570695,124002733,0,476570571,124004241,
1289,513253,7865,12451,3,1,3,476569383,124003491,0,476571383,124003276,
1290,513253,7865,12451,3,2,3,476571129,124003861,0,476571383,124003276,
1291,513253,7865,12451,3,3,3,476569540,124002954,0,476571383,124003276,
1292,513253,7865,13756,2,1,3,476571120,124003861,0,476569329,124003546,
1293,513253,7865,13756,2,2,3,476569530,124002953,0,476569329,124003546,
1294,513253,7865,13912,1,1,3,476569879,124004110,0,476570224,124002566,
1295,513253,7867,3342,2,1,3,476573099,124031733,0,476571022,124032232,
1296,513253,7867,3342,2,2,3,476571252,124031732,0,476571022,124032232,
1297,513253,7867,3344,1,1,3,476572387,124030875,0,476572638,124032766,
1298,513253,7867,11839,1,1,3,476571258,124031732,0,476573189,124031143,
1299,513253,7867,12424,2,1,3,476572386,124030868,0,476571668,124030982,
1300,513253,7867,12424,2,2,3,476571851,124032709,0,476571668,124030982,
1301,513253,7878,3062,1,1,3,476575452,123993099,0,476576740,123993815,
1302,513253,7878,3064,1,1,3,476576594,123993934,0,476575154,123993262,
1303,513253,7878,3347,2,1,3,476576597,123993067,0,476576084,123992799,
1304,513253,7878,3347,2,2,3,476575276,123993983,0,476576084,123992799,
1305,513253,7878,14260,2,1,3,476576594,123993074,0,476575761,123994149,
1306,513253,7878,14260,2,2,3,476575273,123993990,0,476575761,123994149,
1307,513253,7880,3044,1,1,3,476570065,124015531,0,476568333,124015826,
1308,513253,7880,12424,1,1,3,476569400,124014988,0,476569834,124016056,
1309,513253,7880,13777,1,1,3,476568165,124015629,0,476569957,124015350,
1310,513253,7880,13933,1,1,3,476569093,124016055,0,476568735,124014900,
1311,513253,8153,10276,1,1,3,476954493,123972932,1,476954189,123973623,
1312,513253,8232,975,1,1,3,476918671,124080854,0,476918003,124079860,
1313,513253,8232,11871,1,1,3,476918830,124080183,0,476918015,124080845,
1314,513253,8232,12309,1,1,3,476917889,124080499,0,476918851,124079893,
1315,513253,8247,250,2,1,3,476874016,123915921,0,476873911,123914959,
1316,513253,8247,250,2,2,3,476874305,123915906,0,476873911,123914959,
1317,513253,8247,14004,1,1,3,476875197,123915558,0,476873497,123915397,
1318,513253,8420,621,2,1,3,476654873,124030834,0,476654747,124029907,
1319,513253,8420,621,2,2,3,476655186,124030836,0,476654747,124029907,
1320,513253,8548,3263,2,1,3,476677081,123969896,0,476677671,123969993,
1321,513253,8548,3263,2,2,3,476678671,123968600,0,476677671,123969993,
1322,513253,8548,13734,2,1,3,476678852,123970252,0,476679394,123969813,
1323,513253,8548,13734,2,2,3,476677577,123969162,0,476679394,123969813,
1324,513253,8556,628,1,1,3,476887051,124023334,0,476887321,124024169,
1325,513253,8572,3276,2,1,3,476590427,124092027,0,476589935,124092056,
1326,513253,8572,3276,2,2,3,476589287,124093312,0,476589935,124092056,
1327,513253,8572,3350,2,1,3,476588848,124092365,0,476590816,124092601,
1328,513253,8572,3350,2,2,3,476588716,124092772,0,476590816,124092601,
1329,513253,8572,3351,2,1,3,476590724,124093174,0,476588982,124092920,
1330,513253,8572,3351,2,2,3,476588697,124092877,0,476588982,124092920,
1331,513253,8610,10448,2,1,3,476877750,124043677,0,476877579,124043466,
1332,513253,8610,10448,2,2,3,476878226,124043354,0,476877579,124043466,
1333,513253,8610,10462,2,1,3,476877750,124043677,0,476878542,124044024,
1334,513253,8610,10462,2,2,3,476878229,124043361,0,476878542,124044024,
1335,513253,8668,10546,1,1,3,476897765,123970839,0,476899774,123970148,
1336,513253,8731,10640,1,1,3,476911770,124052501,0,476911127,124053334,
1337,513253,8756,10695,2,1,3,476918757,124030168,0,476919093,124031181,
1338,513253,8756,10695,2,2,3,476918582,124030013,0,476919093,124031181,
1339,513253,9162,14020,1,1,3,476906473,123982168,0,476904531,123981732,
1340,513253,9556,13162,1,1,3,476909498,123993101,0,476907336,123992348,
1341,513253,9566,11987,1,1,3,476920415,123995714,0,476918762,123995253,
1342,513253,9619,12086,3,1,3,476892418,123964084,0,476891783,123963369,
1343,513253,9619,12086,3,2,3,476891841,123963386,0,476891783,123963369,
1344,513253,9619,12086,3,3,3,476892538,123963938,0,476891783,123963369,
1345,513253,9952,12571,1,1,3,476856756,123943116,0,476855636,123943567,
1346,513253,10012,12697,2,1,3,476892633,124026797,0,476892875,124027728,
1347,513253,10012,12697,2,2,3,476892240,124026508,0,476892875,124027728,
1348,513253,10028,12885,2,1,3,476855991,123927006,0,476854533,123927200,
1349,513253,10028,12885,2,2,3,476854697,123926874,0,476854533,123927200,
1350,513253,10086,12951,1,1,3,476987206,124056456,0,476988007,124056884,
1351,513253,10144,12990,1,1,3,476881497,124088239,0,476882494,124088028,
1352,513253,10197,13075,2,1,3,476898411,123971430,0,476897429,123970287,
1353,513253,10197,13075,2,2,3,476898557,123971335,0,476897429,123970287,
1354,513253,10255,13175,2,1,3,476968301,123996581,0,476967771,123996498,
1355,513253,10255,13175,2,2,3,476967950,123996974,0,476967771,123996498,
1356,513253,10255,13176,2,1,3,476967950,123996974,0,476968543,123997092,
1357,513253,10255,13176,2,2,3,476968301,123996581,0,476968543,123997092,
1358,513253,10320,13732,2,1,3,476648146,123987113,0,476647874,123985677,
1359,513253,10320,13732,2,2,3,476648395,123986868,0,476647874,123985677,
1360,513253,10330,13543,2,1,3,476808241,123983475,0,476808033,123983492,
1361,513253,10330,13543,2,2,3,476808715,123983093,0,476808033,123983492,
1362,513253,10345,13343,2,1,3,476558351,124002932,0,476560035,124001969,
1363,513253,10345,13343,2,2,3,476558311,124002310,0,476560035,124001969,
1364,513253,10345,13552,2,1,3,476560039,124002004,0,476558357,124002961,
1365,513253,10345,13552,2,2,3,476560135,124002538,0,476558357,124002961,
1366,513253,10345,13752,1,1,3,476559146,124002929,0,476558894,124001939,
1367,513253,10345,14024,1,1,3,476559213,124001898,0,476559648,124002845,
1368,513253,10371,13782,1,1,3,476857446,124004611,0,476855857,124005128,
1369,513253,10371,14316,2,1,3,476856482,124005203,0,476856108,124004403,
1370,513253,10371,14316,2,2,3,476856460,124004178,0,476856108,124004403,
1371,513253,10378,13927,2,1,3,476909224,123999149,0,476908937,123999726,
1372,513253,10378,13927,2,2,3,476910416,123999128,0,476908937,123999726,
1373,513253,10422,13945,2,1,3,476918272,124031281,0,476917984,124030289,
1374,513253,10422,13945,2,2,3,476918415,124031394,0,476917984,124030289,
1375,513253,10437,13950,1,1,3,476900559,124057140,0,476901235,124056444,
1376,513253,10468,3973,1,1,3,476960245,124076425,0,476960447,124077010,
1377,513253,10468,13222,1,1,3,476960200,124076893,0,476960104,124076342,
1378,513253,10468,13427,1,1,3,476959645,124076572,0,476960595,124076459,
1379,513253,10537,6867,1,1,3,476637048,124140318,0,476636868,124139667,
1380,513253,10537,13269,2,1,3,476636566,124140246,0,476637202,124139329,
1381,513253,10537,13269,2,2,3,476637606,124139577,0,476637202,124139329,
1382,513253,10635,13354,1,1,3,476852665,123995832,0,476851595,123996228,
1383,513253,10635,13567,1,1,3,476852089,123995776,0,476852550,123996397,
1384,513253,10635,14360,1,1,3,476852122,123996457,0,476851608,123995752,
1385,513253,10635,14502,1,1,3,476851601,123996018,0,476852330,123995698,
1386,513253,10662,13791,1,1,3,476552119,124036810,0,476553163,124036300,
1387,513253,10662,13942,2,1,3,476552290,124035960,0,476553004,124037249,
1388,513253,10662,13942,2,2,3,476552470,124037336,0,476553004,124037249,
1389,513253,10662,14504,2,1,3,476552471,124037328,0,476551798,124036011,
1390,513253,10662,14504,2,2,3,476552956,124037220,0,476551798,124036011,
1391,513253,10670,13610,1,1,3,476665128,124051707,0,476663882,124050800,
1392,513253,10670,14331,1,1,3,476665435,124050924,0,476664394,124051851,
1393,513253,10715,13658,1,1,3,476937384,124091172,0,476939080,124090372,
1394,513253,10715,13988,2,1,3,476938106,124090374,0,476939244,124091391,
1395,513253,10715,13988,2,2,3,476937566,124090605,0,476939244,124091391,
1396,513253,10725,13851,2,1,3,476839767,124105173,0,476839409,124105441,
1397,513253,10725,13851,2,2,3,476840022,124104833,0,476839409,124105441,
1398,513253,10817,14547,2,1,3,476920419,124038918,0,476921771,124036935,
1399,513253,10817,14547,2,2,3,476920018,124038261,0,476921771,124036935,
1400,513253,10832,14075,1,1,3,476921016,124073061,0,476921286,124073869,
1401,513253,10857,13857,1,1,3,476958200,124113523,0,476958947,124111995,
1402,513253,10857,14468,2,1,3,476958275,124111985,0,476959670,124113324,
1403,513253,10857,14468,2,2,3,476957990,124112824,0,476959670,124113324,
1404,513253,10883,13748,1,1,3,476881374,123978056,0,476882113,123977643,
1405,513253,10883,13905,2,1,3,476881727,123978431,0,476881144,123977577,
1406,513253,10883,13905,2,2,3,476881964,123978173,0,476881144,123977577,
1407,513253,10896,14214,2,1,3,476856486,124005209,0,476857265,124004994,
1408,513253,10896,14214,2,2,3,476856463,124004184,0,476857265,124004994,
1409,513253,11018,14440,2,1,3,476664978,124050585,0,476665769,124051226,
1410,513253,11018,14440,2,2,3,476664228,124051108,0,476665769,124051226,
1411,513253,11022,14493,2,1,3,476946432,124098855,0,476947224,124099684,
1412,513253,11022,14493,2,2,3,476945517,124099175,0,476947224,124099684,
1413,513253,11022,14511,1,1,3,476945500,124100028,0,476947171,124098852,
1414,513253,11073,14552,1,1,3,476888555,123974904,0,476889005,123974677,
1415,513253,11073,14567,1,1,3,476888801,123975012,0,476888414,123975201,
1416,513253,11101,14072,1,1,3,476716865,124074674,0,476716739,124073724,
1417,513253,11135,14160,1,1,3,476717436,124074673,0,476716262,124074218,
1418,513253,11236,14826,1,1,3,476716546,124073991,0,476717559,124074555,
