,meshcode,recordid,tcode,cno,line,dire,mag,angle,dispx,dispy,basex,basey,str1,str2,str3,str4,str5,objectid,geometry
0,533936,1,822ZZZ,1732,1,1,150,0,503134344,128380295,503129274,128378199,`æ,,,,,7-31-180-181-64985656,POINT (503129274 128378199)
1,533936,1,822ZZZ,1733,1,1,150,0,503139547,128207016,503132715,128204517,iìæ,,,,,7-31-180-181-64985659,POINT (503132715 128204517)
2,533936,1,822ZZZ,1744,1,1,150,0,503193822,128360199,503187031,128357064,æ,,,,,7-31-180-181-64985682,POINT (503187031 128357064)
3,533936,1,822ZZZ,1759,1,1,150,0,503489857,128335576,503480905,128333179,]Ëìæ,,,,,7-31-180-181-64985711,POINT (503480905 128333179)
4,533936,1,842ZZZ,1923,1,1,150,0,503307376,128361868,503302788,128359365,}ì,,,,,7-31-180-358-58824121,POINT (503302788 128359365)
5,533936,1,842ZZZ,1925,1,1,150,0,503306485,128170726,503299612,128168227,CÌX,,,,,7-31-180-358-58824125,POINT (503299612 128168227)
6,533936,1,842ZZZ,1929,1,1,150,0,503226588,128332769,503222006,128330270,LF,,,,,7-31-180-358-58824131,POINT (503222006 128330270)
7,533936,1,842ZZZ,1934,1,1,150,0,503300506,128300176,503295926,128297675,_,,,,,7-31-180-358-58824140,POINT (503295926 128297675)
8,533936,1,842ZZZ,1935,1,1,150,0,503307170,128388765,503302596,128386269,l,,,,,7-31-180-358-58824143,POINT (503302596 128386269)
9,533936,1,842ZZZ,1937,1,1,150,0,503291230,128129531,503284359,128127033,ßa,,,,,7-31-180-358-58824147,POINT (503284359 128127033)
10,533936,1,842ZZZ,1945,1,1,150,0,503276578,128258813,503271993,128256316,L¾,,,,,7-31-180-358-58824157,POINT (503271993 128256316)
11,533936,1,842ZZZ,1950,1,1,150,0,503333198,128132764,503314871,128130265,hgç§n,,,,,7-31-180-358-58824166,POINT (503314871 128130265)
12,533936,1,842ZZZ,1957,1,1,150,0,503232518,128388863,503230230,128386368,Ï,,,,,7-31-180-358-58824178,POINT (503230230 128386368)
13,533936,1,842ZZZ,1962,1,1,150,0,503132513,128162321,503127938,128159817,ªª,,,,,7-31-180-358-58824187,POINT (503127938 128159817)
14,533936,1,842ZZZ,1965,1,1,150,0,503159178,128280607,503154599,128278108,äê,,,,,7-31-180-358-58824193,POINT (503154599 128278108)
15,533936,1,842ZZZ,1968,1,1,150,0,503168623,128386428,503164043,128383931,zn,,,,,7-31-180-358-58824199,POINT (503164043 128383931)
16,533936,1,842ZZZ,1971,1,1,150,0,503211786,128217317,503207209,128214818,ÂC,,,,,7-31-180-358-58824205,POINT (503207209 128214818)
17,533936,1,842ZZZ,1974,1,1,150,0,503322101,128367034,503317523,128364537,ª©,,,,,7-31-180-358-58824209,POINT (503317523 128364537)
18,533936,1,842ZZZ,1975,1,1,150,0,503313308,128321906,503308722,128319406,C¤,,,,,7-31-180-358-58824212,POINT (503308722 128319406)
19,533936,1,842ZZZ,1978,1,1,150,0,503530516,128369807,503523651,128367308,¼,,,,,7-31-180-358-58824218,POINT (503523651 128367308)
20,533936,1,842ZZZ,1982,1,1,150,0,503398635,128374369,503394049,128371871,V»,,,,,7-31-180-358-58824224,POINT (503394049 128371871)
21,533936,1,842ZZZ,1987,1,1,150,0,503414017,128337240,503407151,128334742,²Ì,,,,,7-31-180-358-58824233,POINT (503407151 128334742)
22,533936,1,842ZZZ,1995,1,1,150,0,503317192,128397331,503312605,128394828,z,,,,,7-31-180-358-58824245,POINT (503312605 128394828)
23,533936,1,842ZZZ,1996,1,1,150,0,503390703,128299911,503383836,128297411,VØê,,,,,7-31-180-358-58824248,POINT (503383836 128297411)
24,533936,1,842ZZZ,1999,1,1,150,0,503476233,128397234,503469367,128394731,¼¼,,,,,7-31-180-358-58824254,POINT (503469367 128394731)
25,533936,1,842ZZZ,2000,1,1,150,0,503405098,128406566,503400516,128404067,ì»,,,,,7-31-180-358-58824257,POINT (503400516 128404067)
26,533936,1,842ZZZ,2003,1,1,150,0,503526632,128324212,503519766,128321710,ÕC¬,,,,,7-31-180-358-58824263,POINT (503519766 128321710)
27,533936,1,842ZZZ,2010,1,1,150,0,503406701,128211589,503402118,128209093,áF,,,,,7-31-180-358-58824275,POINT (503402118 128209093)
28,533936,1,842ZZZ,2014,1,1,150,0,503129032,128255609,503122166,128253107,iì,,,,,7-31-180-358-58824281,POINT (503122166 128253107)
29,533936,1,842ZZZ,2015,1,1,150,0,503090863,128341065,503088575,128338569,Å,,,,,7-31-180-358-58824284,POINT (503088575 128338569)
30,533936,1,842ZZZ,2020,1,1,150,0,503127065,128366296,503122478,128363799,CÝ,,,,,7-31-180-358-58824293,POINT (503122478 128363799)
31,533936,1,842ZZZ,2023,1,1,150,0,503105182,128308369,503100605,128305871,ÅY,,,,,7-31-180-358-58824299,POINT (503100605 128305871)
32,533936,1,842ZZZ,2026,1,1,150,0,503178974,128336934,503174399,128334434,°C,,,,,7-31-180-358-58824305,POINT (503174399 128334434)
33,533936,1,862002,1305,1,1,150,0,503093693,128170519,503091437,128168018,P,,,,,7-31-180-181-64984590,POINT (503091437 128168018)
34,533936,1,862002,1317,1,1,150,0,503110095,128192449,503107517,128190648,bQ,,,,,7-31-180-181-64984612,POINT (503107517 128190648)
35,533936,1,862002,1326,1,1,150,0,503118107,128313502,503115860,128311172,P,,,,,7-31-180-181-64984629,POINT (503115860 128311172)
36,533936,1,862002,1342,1,1,150,0,503135614,128370029,503133367,128367626,bP,,,,,7-31-180-181-64984661,POINT (503133367 128367626)
37,533936,1,862002,1348,1,1,150,0,503149118,128223681,503147970,128221114,a,,,,,7-31-180-181-64984673,POINT (503147970 128221114)
38,533936,1,862002,1360,1,1,150,0,503176808,128286573,503174400,128283839,PP,,,,,7-31-180-181-64984695,POINT (503174400 128283839)
39,533936,1,862002,1384,1,1,150,0,503322388,128341504,503321203,128339106,X,,,,,7-31-180-181-64984741,POINT (503321203 128339106)
40,533936,1,862002,1390,1,1,150,0,503413650,128331641,503412506,128329012,a,,,,,7-31-180-181-64984751,POINT (503412506 128329012)
41,533936,1,862002,1399,1,1,150,0,503463881,128354806,503461473,128352310,bQ,,,,,7-31-180-181-64984768,POINT (503461473 128352310)
42,533936,1,862ZZZ,938,1,1,150,0,503119259,128181118,503114878,128183618,åä,,,,,7-31-180-181-64983522,POINT (503114878 128183618)
43,533936,1,862ZZZ,943,1,1,150,0,503125552,128327900,503114102,128325433,ÅY,,,,,7-31-180-181-64983534,POINT (503114102 128325433)
44,533936,1,862ZZZ,948,1,1,150,0,503134959,128350398,503119045,128347899,lè´,,,,,7-31-180-181-64983546,POINT (503119045 128347899)
45,533936,1,862ZZZ,953,1,1,150,0,503147434,128389527,503143871,128382063,¬¯,,,,,7-31-180-181-64983558,POINT (503143871 128382063)
46,533936,1,862ZZZ,958,1,1,150,0,503222172,128271609,503219879,128274173,L¾,,,,,7-31-180-181-64983570,POINT (503219879 128274173)
47,533936,1,862ZZZ,963,1,1,150,0,503267536,128299541,503269465,128297976,_,,,,,7-31-180-181-64983582,POINT (503269465 128297976)
48,533936,1,862ZZZ,967,1,1,150,0,503325949,128319407,503321328,128321906,C¤,,,,,7-31-180-181-64983592,POINT (503321328 128321906)
49,533936,1,862ZZZ,972,1,1,150,0,503461877,128328842,503457300,128331338,¼,,,,,7-31-180-181-64983604,POINT (503457300 128331338)
50,533936,1,862ZZZ,979,1,1,150,0,503119547,128139224,503121801,128136722,åä,,,,,7-31-180-181-64983622,POINT (503121801 128136722)
51,533936,1,862ZZZ,982,1,1,150,0,503127638,128317635,503130018,128314870,ÅY,,,,,7-31-180-181-64983630,POINT (503130018 128314870)
52,533936,1,862ZZZ,985,1,1,150,0,503316663,128316374,503314449,128308944,C¤æê,,,,,7-31-180-181-64983638,POINT (503314449 128308944)
53,533936,1,862ZZZ,988,1,1,150,0,503336624,128322807,503329910,128315406,C¤æñ,,,,,7-31-180-181-64983646,POINT (503329910 128315406)
54,533936,1,862ZZZ,991,1,1,150,0,503099576,128352164,503101866,128349664,Åö,,,,,7-31-180-181-64983654,POINT (503101866 128349664)
55,533936,1,862ZZZ,996,1,1,150,0,503109109,128294904,503104492,128286840,ÅY,,,,,7-31-180-181-64983666,POINT (503104492 128286840)
56,533936,1,862ZZZ,999,1,1,150,0,503115204,128307635,503110670,128300205,ÅY,,,,,7-31-180-181-64983674,POINT (503110670 128300205)
57,533936,1,862ZZZ,1002,1,1,150,0,503117787,128156654,503120124,128154151,Âåäì,,,,,7-31-180-181-64983684,POINT (503120124 128154151)
58,533936,1,862ZZZ,1007,1,1,150,0,503118603,128196383,503116361,128188955,åä,,,,,7-31-180-181-64983696,POINT (503116361 128188955)
59,533936,1,862ZZZ,1010,1,1,150,0,503120447,128129592,503122817,128127092,åäì,,,,,7-31-180-181-64983705,POINT (503122817 128127092)
60,533936,1,862ZZZ,1014,1,1,150,0,503130744,128406792,503129109,128410688,y´,,,,,7-31-180-181-64983715,POINT (503129109 128410688)
61,533936,1,862ZZZ,1017,1,1,150,0,503143016,128401093,503145354,128398229,V´,,,,,7-31-180-181-64983723,POINT (503145354 128398229)
62,533936,1,862ZZZ,1022,1,1,150,0,503164123,128401260,503159661,128403228,âÀ,,,,,7-31-180-181-64983737,POINT (503159661 128403228)
63,533936,1,862ZZZ,1026,1,1,150,0,503170709,128410525,503166705,128413188,âÀ,,,,,7-31-180-181-64983747,POINT (503166705 128413188)
64,533936,1,862ZZZ,1031,1,1,150,0,503199592,128283774,503201836,128281276,äê,,,,,7-31-180-181-64983761,POINT (503201836 128281276)
65,533936,1,862ZZZ,1035,1,1,150,0,503220002,128353667,503216897,128346235,°C,,,,,7-31-180-181-64983771,POINT (503216897 128346235)
66,533936,1,862ZZZ,1039,1,1,150,0,503244300,128329503,503237468,128322068,LF,,,,,7-31-180-181-64983781,POINT (503237468 128322068)
67,533936,1,862ZZZ,1043,1,1,150,0,503265532,128296475,503259976,128287878,L¾,,,,,7-31-180-181-64983791,POINT (503259976 128287878)
68,533936,1,862ZZZ,1046,1,1,150,0,503298908,128394498,503301195,128392064,l,,,,,7-31-180-181-64983799,POINT (503301195 128392064)
69,533936,1,862ZZZ,1051,1,1,150,0,503387102,128327674,503379783,128330174,VØê,,,,,7-31-180-181-64983811,POINT (503379783 128330174)
70,533936,1,862ZZZ,1058,1,1,150,0,503477461,128390569,503470631,128383069,´V¬,,,,,7-31-180-181-64983830,POINT (503470631 128383069)
71,533936,1,862ZZZ,1063,1,1,150,0,503506834,128319079,503501064,128311282,¼,,,,,7-31-180-181-64983842,POINT (503501064 128311282)
72,533936,1,862ZZZ,1072,1,1,150,0,503118280,128119259,503120690,128116024,åäì,,,,,7-31-180-181-64983882,POINT (503120690 128116024)
73,533936,1,862ZZZ,1076,1,1,150,0,503120363,128167820,503122650,128165320,Âåäì,,,,,7-31-180-181-64983892,POINT (503122650 128165320)
74,533936,1,862ZZZ,1079,1,1,150,0,503120404,128176019,503122692,128173484,åäì,,,,,7-31-180-181-64983900,POINT (503122692 128173484)
75,533936,1,862ZZZ,1083,1,1,150,0,503124002,128202949,503122320,128195582,åä,,,,,7-31-180-181-64983910,POINT (503122320 128195582)
76,533936,1,862ZZZ,1088,1,1,150,0,503252768,128317272,503248193,128309738,LF,,,,,7-31-180-181-64983925,POINT (503248193 128309738)
77,533936,1,862ZZZ,1098,1,1,150,0,503305903,128374133,503301319,128366633,}ì,,,,,7-31-180-181-64983953,POINT (503301319 128366633)
78,533936,1,862ZZZ,1104,1,1,150,0,503404445,128329874,503398019,128322411,VØê,,,,,7-31-180-181-64983969,POINT (503398019 128322411)
79,533936,1,862ZZZ,1107,1,1,150,0,503458439,128402733,503451776,128405267,´V¬,,,,,7-31-180-181-64983977,POINT (503451776 128405267)
80,533936,1,862ZZZ,1136,1,1,150,0,503106290,128230345,503095981,128227675,PHcü,,,,,7-31-180-181-64984111,POINT (503095981 128227675)
81,533936,1,862ZZZ,1145,1,1,150,0,503132751,128342699,503128987,128340063,PHcü,,,,,7-31-180-181-64984130,POINT (503128987 128340063)
82,533936,1,862ZZZ,1148,2,1,150,0,503152755,128290106,503144245,128289139,C{[,@@ubW,,,,7-31-180-181-64984137,POINT (503144245 128289139)
83,533936,1,862ZZZ,1153,1,1,150,0,503231785,128276542,503229410,128275180,pÝü,,,,,7-31-180-181-64984146,POINT (503229410 128275180)
84,533936,1,862ZZZ,1156,1,1,150,0,503304760,128312374,503297765,128310408,pÝü,,,,,7-31-180-181-64984153,POINT (503297765 128310408)
85,533936,1,862ZZZ,1157,2,0,111,0,503320711,128351436,503320585,128360473,X,[ìü,,,,7-31-180-181-64984156,POINT (503320585 128360473)
86,533936,1,862ZZZ,1162,1,0,111,0,503457990,128374437,503455663,128389403,Âóü,,,,,7-31-180-181-64984167,POINT (503455663 128389403)
87,533936,1,862ZZZ,1167,1,1,150,0,503479999,128327277,503468134,128325773,pÝü,,,,,7-31-180-181-64984176,POINT (503468134 128325773)
88,533936,1,862ZZZ,1225,1,1,150,0,503436598,128329875,503424865,128329177,rìpÝ´,,,,,7-31-180-181-64984290,POINT (503424865 128329177)
89,533936,1,862ZZZ,1232,1,1,150,0,503163721,128235746,503148628,128231651,`gl,,,,,7-31-180-181-64984303,POINT (503148628 128231651)
90,533936,1,872ZZZ,1212,1,0,111,0,503369184,128348571,503366531,128366607,¾¡Êè,,,,,7-31-180-181-64984265,POINT (503366531 128366607)
91,533936,1,872ZZZ,1241,1,1,150,0,503369970,128193691,503353604,128191287,Q[gubW,,,,,7-31-180-181-64984320,POINT (503353604 128191287)
92,533936,1,872ZZZ,1248,1,1,150,0,503111074,128272474,503106703,128269612,`ìå´,,,,,7-31-180-181-64984333,POINT (503106703 128269612)
93,533936,1,872ZZZ,1256,1,1,150,0,503190222,128383396,503182938,128382732,é¨´,,,,,7-31-180-181-64984347,POINT (503182938 128382732)
94,533936,1,872ZZZ,1260,1,1,150,0,503212310,128403727,503206336,128400830,Ïå´,,,,,7-31-180-181-64984353,POINT (503206336 128400830)
95,533936,1,872ZZZ,1270,1,1,150,0,503237631,128401395,503232963,128398396,¶´,,,,,7-31-180-181-64984371,POINT (503232963 128398396)
96,533936,1,872ZZZ,1275,1,1,150,0,503242091,128371699,503235338,128370934,tC´,,,,,7-31-180-181-64984380,POINT (503235338 128370934)
97,533936,1,872ZZZ,1286,1,1,150,0,503359409,128316641,503352706,128314510,V´,,,,,7-31-180-181-64984401,POINT (503352706 128314510)
98,533936,1,872ZZZ,1291,1,1,150,0,503410994,128277614,503404325,128275479,áF´,,,,,7-31-180-181-64984410,POINT (503404325 128275479)
99,533936,1,872ZZZ,1296,1,1,150,0,503238585,128117198,503229501,128114600,ÕCgl,,,,,7-31-180-181-64984419,POINT (503229501 128114600)
100,533936,1,872ZZZ,1299,2,0,111,0,503253103,128175557,503252814,128185719,æñqH,@Cêgl,,,,7-31-180-181-64984424,POINT (503252814 128185719)
101,533936,1,872ZZZ,1302,1,1,150,0,503264882,128202887,503246593,128200585,`CÌXgl,,,,,7-31-180-181-64984429,POINT (503246593 128200585)
102,533936,1,882ZZZ,1121,1,1,150,0,503131407,128187618,503127978,128180186,k¤´l,,,,,7-31-180-181-64984022,POINT (503127978 128180186)
103,533936,1,882ZZZ,1124,1,1,150,0,503155708,128141725,503144293,128134224,åäÅÖO,,,,,7-31-180-181-64984030,POINT (503144293 128134224)
104,533936,1,882ZZZ,1133,1,1,150,0,503365379,128387767,503358553,128380265,V»ê,,,,,7-31-180-181-64984056,POINT (503358553 128380265)
105,533936,1,892ZZZ,2027,1,1,150,0,503090619,128328766,503088328,128326266,PT,,,,,7-31-182-181-64984432,POINT (503088328 128326266)
106,533936,1,892ZZZ,2032,1,1,150,0,503117338,128146756,503115044,128144255,RTV,,,,,7-31-182-181-64984443,POINT (503115044 128144255)
107,533936,1,892ZZZ,2043,1,1,150,0,503124200,128383461,503121913,128380963,PT,,,,,7-31-182-181-64984466,POINT (503121913 128380963)
108,533936,1,892ZZZ,2048,1,1,150,0,503256410,128291808,503254167,128289307,RTV,,,,,7-31-182-181-64984477,POINT (503254167 128289307)
109,533936,1,892ZZZ,2053,1,1,150,0,503348118,128326139,503345825,128323637,RTV,,,,,7-31-182-181-64984488,POINT (503345825 128323637)
110,533936,1,8A2ZZZ,1406,1,1,150,0,503342349,128384233,503335964,128382132,Ý¨ü,,,,,7-31-180-181-64984781,POINT (503335964 128382132)
111,533936,1,8A2ZZZ,1409,1,1,150,0,503348854,128360903,503342474,128358807,tü,,,,,7-31-180-181-64984786,POINT (503342474 128358807)
112,533936,1,8A2ZZZ,1412,1,1,150,0,503443798,128327809,503438322,128323877,tü,,,,,7-31-180-181-64984791,POINT (503438322 128323877)
113,533936,1,8A2ZZZ,1419,1,1,150,0,503129971,128297171,503119130,128295271,äè©àß,,,,,7-31-180-181-64984804,POINT (503119130 128295271)
114,533936,1,8A2ZZZ,1426,1,1,150,0,503227488,128319271,503216568,128316474,äè©àß,,,,,7-31-180-181-64984817,POINT (503216568 128316474)
115,533936,1,8B2ZZZ,1846,1,1,150,0,503089358,128142222,503074178,128139988,åä£nêOw,,,,,7-31-180-181-64985958,POINT (503074178 128139988)
116,533936,1,8B2ZZZ,1849,1,1,150,0,503091232,128324533,503084319,128320764,c¬w,,,,,7-31-180-181-64985963,POINT (503084319 128320764)
117,533936,1,8B2ZZZ,1852,1,1,150,0,503102689,128242010,503091393,128237315,V¤FACw,,,,,7-31-180-181-64985968,POINT (503091393 128237315)
118,533936,1,8B2ZZZ,1855,1,1,150,0,503125592,128359164,503113854,128355396,l¼¬w,,,,,7-31-180-181-64985973,POINT (503113854 128355396)
119,533936,1,8B2ZZZ,1858,1,1,150,0,503128252,128310302,503117865,128307639,ÅYÓªw,,,,,7-31-180-181-64985978,POINT (503117865 128307639)
120,533936,1,8B2ZZZ,1861,1,1,150,0,503129313,128401392,503122600,128398329,V´w,,,,,7-31-180-181-64985983,POINT (503122600 128398329)
121,533936,1,8B2ZZZ,1866,1,1,150,0,503132669,128336899,503123344,128334395,úÌow,,,,,7-31-180-181-64985990,POINT (503123344 128334395)
122,533936,1,8B2ZZZ,1869,1,1,150,0,503135735,128386461,503125223,128383994,¬¯w,,,,,7-31-180-181-64985995,POINT (503125223 128383994)
123,533936,1,8B2ZZZ,1874,1,1,150,0,503177095,128253277,503173907,128250115,äêw,,,,,7-31-180-181-64986004,POINT (503173907 128250115)
124,533936,1,8B2ZZZ,1877,2,1,150,0,503182946,128237180,503171821,128238050,Û,N[Y^[~iw,,,,7-31-180-181-64986009,POINT (503171821 128238050)
125,533936,1,8B2ZZZ,1880,2,1,150,0,503203151,128267376,503196687,128271509,¨äê,Clöw,,,,7-31-180-181-64986014,POINT (503196687 128271509)
126,533936,1,8B2ZZZ,1887,1,1,150,0,503228307,128324470,503214357,128321774,sêOw,,,,,7-31-180-181-64986027,POINT (503214357 128321774)
127,533936,1,8B2ZZZ,1891,1,1,150,0,503240007,128303906,503219467,128301636,L¾ejXÌXw,,,,,7-31-180-181-64986033,POINT (503219467 128301636)
128,533936,1,8B2ZZZ,1894,1,1,150,0,503244218,128335303,503238457,128333173,VLFw,,,,,7-31-180-181-64986038,POINT (503238457 128333173)
129,533936,1,8B2ZZZ,1897,1,1,150,0,503248271,128268544,503225565,128266044,rbOTCgw,,,,,7-31-180-181-64986043,POINT (503225565 128266044)
130,533936,1,8B2ZZZ,1900,1,1,150,0,503255961,128284342,503249087,128281845,L¾w,,,,,7-31-180-181-64986048,POINT (503249087 128281845)
131,533936,1,8B2ZZZ,1903,1,1,150,0,503263525,128353501,503256362,128349137,LFw,,,,,7-31-180-181-64986053,POINT (503256362 128349137)
132,533936,1,8B2ZZZ,1907,1,1,150,0,503293265,128306708,503286272,128303505,_w,,,,,7-31-180-181-64986059,POINT (503286272 128303505)
133,533936,1,8B2ZZZ,1910,1,1,150,0,503342472,128371368,503335648,128368867,ª©w,,,,,7-31-180-181-64986064,POINT (503335648 128368867)
134,533936,1,8B2ZZZ,1914,1,1,150,0,503376507,128325740,503364569,128322575,VØêw,,,,,7-31-180-181-64986070,POINT (503364569 128322575)
135,533936,1,8B2ZZZ,1917,1,1,150,0,503492922,128392535,503483635,128390237,¼¼w,,,,,7-31-180-181-64986075,POINT (503483635 128390237)
136,533936,1,8B2ZZZ,1920,2,1,150,0,503502047,128319778,503482580,128324647,¼,ÕCöw,,,,7-31-180-181-64986080,POINT (503482580 128324647)
137,533936,1,8C2ZZZ,1620,1,1,150,0,503434105,128274248,503427230,128271754,p,,,,,7-31-180-181-64985414,POINT (503427230 128271754)
138,533936,1,8C2ZZZ,1625,1,0,111,0,503448336,128373770,503446051,128378638,rì,,,,,7-31-180-181-64985423,POINT (503446051 128378638)
139,533936,1,8C2ZZZ,1646,1,1,150,0,503386696,128275014,503375282,128272512,»¬ì^Í,,,,,7-31-180-181-64985468,POINT (503375282 128272512)
140,533936,1,8C2ZZZ,1649,1,1,150,0,503164085,128311470,503157221,128303968,`,,,,,7-31-180-181-64985476,POINT (503157221 128303968)
141,533936,1,8C2ZZZ,1653,1,1,150,0,503171536,128195751,503164709,128198285,`,,,,,7-31-180-181-64985486,POINT (503164709 128198285)
142,533936,1,8C2ZZZ,1658,1,1,150,0,503337936,128270914,503331066,128263411,`,,,,,7-31-180-181-64985500,POINT (503331066 128263411)
143,533936,1,8F2ZZZ,3,1,1,150,0,503105506,128368895,503101743,128360998,`æð,,,,,7-31-180-181-64980091,POINT (503101743 128360998)
144,533936,1,8F2ZZZ,13,2,1,150,0,503361615,128408030,503352579,128400596,]^],Æ±ê,,,,7-31-180-181-64980123,POINT (503352579 128400596)
145,533936,1,8F2ZZZ,23,2,1,150,0,503116230,128222746,503109603,128215244,¹±,à´o£,,,,7-31-180-181-64980157,POINT (503109603 128215244)
146,533936,1,8F2ZZZ,31,2,1,150,0,503290082,128168258,503276378,128160756,hsR²Ý,Z^[,,,,7-31-180-181-64980181,POINT (503276378 128160756)
147,533936,1,8F2ZZZ,35,2,1,150,0,503311231,128157827,503295233,128150330,hgçO¤,§ªê,,,,7-31-180-181-64980191,POINT (503295233 128150330)
148,533936,1,8F2ZZZ,51,2,1,150,0,503415328,128311677,503417615,128311674,x¡,æµûÊ{,,,,7-31-180-181-64980247,POINT (503417615 128311674)
149,533936,1,8F2ZZZ,60,1,1,150,0,503092870,128304802,503079088,128297339,ÅYCÝÊÇ,,,,,7-31-180-181-64980355,POINT (503079088 128297339)
150,533936,1,8F2ZZZ,69,1,1,150,0,503185028,128372997,503173450,128365595,Ç«OÇ,,,,,7-31-180-181-64980391,POINT (503173450 128365595)
151,533936,1,8F2ZZZ,79,1,1,150,0,503329914,128371501,503311178,128374002,]ª©Ç,,,,,7-31-180-181-64980423,POINT (503311178 128374002)
152,533936,1,8F2ZZZ,89,1,1,150,0,503121220,128233912,503117251,128226413,iìÎÍ­d,,,,,7-31-180-181-64980461,POINT (503117251 128226413)
153,533936,1,8F2ZZZ,99,1,1,150,0,503195668,128229615,503198035,128227753,ú{Èw¢Ù,,,,,7-31-180-181-64980491,POINT (503198035 128227753)
154,533936,1,8F2ZZZ,105,2,1,150,0,503252399,128346769,503229613,128354300,ª·ÄÈ[É,KXÌÈwÙ,,,,7-31-180-181-64980507,POINT (503229613 128354300)
155,533936,1,8F2ZZZ,114,1,1,150,0,503260011,128267112,503262339,128264709,rbOTCg,,,,,7-31-180-181-64980537,POINT (503262339 128264709)
156,533936,1,8F2ZZZ,119,1,1,150,0,503530515,128397370,503519104,128399832,¼æ¯Ù,,,,,7-31-180-181-64980549,POINT (503519104 128399832)
157,533936,1,8F2ZZZ,135,1,1,150,0,503187076,128256643,503169526,128255241,tWer,,,,,7-31-180-181-64980599,POINT (503169526 128255241)
158,533936,1,8F2ZZZ,141,1,1,150,0,503407839,128385101,503391852,128377602,»¬Ä¶Z^[,,,,,7-31-180-181-64980617,POINT (503391852 128377602)
159,533936,1,8F2ZZZ,144,1,1,150,0,503424079,128362237,503426375,128359707,XbWvg,,,,,7-31-180-181-64980625,POINT (503426375 128359707)
160,533936,1,8F2ZZZ,165,1,1,150,0,503197707,128402427,503180809,128406396,¹HÁÛa@,,,,,7-31-180-181-64980693,POINT (503180809 128406396)
161,533936,1,8F2ZZZ,173,2,1,150,0,503399412,128395600,503401779,128394199,V°åV°],îÒãÃZ^[,,,,7-31-180-181-64980717,POINT (503401779 128394199)
162,533936,1,8F2ZZZ,177,1,1,150,0,503473413,128347640,503448333,128340209,ÕCa@,,,,,7-31-180-181-64980727,POINT (503448333 128340209)
163,533936,1,8F2ZZZ,182,1,1,150,0,503089517,128256608,503092176,128254204,Cmå,,,,,7-31-180-181-64980743,POINT (503092176 128254204)
164,533936,1,8F2ZZZ,191,1,1,150,0,503228469,128375931,503215991,128379968,s§å,,,,,7-31-180-181-64980772,POINT (503215991 128379968)
165,533936,1,8F2ZZZ,196,1,1,150,0,503250313,128404528,503238661,128405226,Cmå,,,,,7-31-180-181-64980786,POINT (503238661 128405226)
166,533936,1,8F2ZZZ,215,1,1,150,0,503099331,128339531,503084235,128332033,qw,,,,,7-31-180-181-64980844,POINT (503084235 128332033)
167,533936,1,8F2ZZZ,223,1,1,150,0,503266471,128388265,503268761,128385801,æO¤,,,,,7-31-180-181-64980870,POINT (503268761 128385801)
168,533936,1,8F2ZZZ,227,1,1,150,0,503491206,128349975,503482332,128342544,gtì,,,,,7-31-180-181-64980882,POINT (503482332 128342544)
169,533936,1,8F2ZZZ,230,1,1,150,0,503534239,128353542,503536531,128351041,¼ì,,,,,7-31-180-181-64980890,POINT (503536531 128351041)
170,533936,1,8F2ZZZ,238,1,1,150,0,503109401,128165087,503097205,128157683,ªªw,,,,,7-31-180-181-64980914,POINT (503097205 128157683)
171,533936,1,8F2ZZZ,245,1,1,150,0,503264262,128399496,503248672,128391962,[ìæO,,,,,7-31-180-181-64980936,POINT (503248672 128391962)
172,533936,1,8F2ZZZ,248,1,1,150,0,503265491,128305574,503258410,128308072,L¾,,,,,7-31-180-181-64980944,POINT (503258410 128308072)
173,533936,1,8F2ZZZ,251,1,1,150,0,503278415,128348869,503267004,128341367,[ìæÜ,,,,,7-31-180-181-64980952,POINT (503267004 128341367)
174,533936,1,8F2ZZZ,258,1,1,150,0,503330405,128400431,503323578,128392933,z,,,,,7-31-180-181-64980972,POINT (503323578 128392933)
175,533936,1,8F2ZZZ,267,1,1,150,0,503506176,128397135,503497051,128399639,¼¼,,,,,7-31-180-181-64980998,POINT (503497051 128399639)
176,533936,1,8F2ZZZ,273,1,1,150,0,503536532,128321479,503538825,128318983,ì¼æñ,,,,,7-31-180-181-64981014,POINT (503538825 128318983)
177,533936,1,8F2ZZZ,293,1,1,150,0,503272565,128370833,503263283,128373369,LFk¬,,,,,7-31-180-181-64981078,POINT (503263283 128373369)
178,533936,1,8F2ZZZ,336,1,1,150,0,503099252,128271406,503083469,128263945,½©ÍÜÛç,,,,,7-31-180-181-64981219,POINT (503083469 128263945)
179,533936,1,8F2ZZZ,387,1,1,150,0,503092136,128224912,503071606,128227410,j[Ctiì,,,,,7-31-180-181-64981403,POINT (503071606 128227410)
180,533936,1,8F2ZZZ,451,1,1,150,0,503169565,128364330,503160652,128356834,Ç«nCc,,,,,7-31-180-181-64981651,POINT (503160652 128356834)
181,533936,1,8F2ZZZ,468,1,1,150,0,503195048,128393828,503197342,128391328,zniJR[|X,,,,,7-31-180-181-64981715,POINT (503197342 128391328)
182,533936,1,8F2ZZZ,482,1,1,150,0,503210185,128357999,503194885,128350501,]Ôr,,,,,7-31-180-181-64981767,POINT (503194885 128350501)
183,533936,1,8F2ZZZ,500,1,1,150,0,503255180,128380331,503239637,128382834,LFnCCY,,,,,7-31-180-181-64981833,POINT (503239637 128382834)
184,533936,1,8F2ZZZ,531,1,1,150,0,503296903,128377799,503288892,128380300,j[Ct}VØê,,,,,7-31-180-181-64981947,POINT (503288892 128380300)
185,533936,1,8F2ZZZ,540,1,1,150,0,503302795,128347236,503295964,128339738,x^[,,,,,7-31-180-181-64981979,POINT (503295964 128339738)
186,533936,1,8F2ZZZ,575,1,1,150,0,503373154,128317875,503375445,128315372,VØêZ^[r,,,,,7-31-180-181-64982103,POINT (503375445 128315372)
187,533936,1,8F2ZZZ,579,1,1,150,0,503376832,128368735,503360846,128371239,V»xCTChr,,,,,7-31-180-181-64982115,POINT (503360846 128371239)
188,533936,1,8F2ZZZ,633,1,1,150,0,503135817,128391860,503109967,128389358,ú{er^[,,,,,7-31-180-181-64982305,POINT (503109967 128389358)
189,533936,1,8F2ZZZ,647,1,1,150,0,503266389,128361600,503255264,128354164,LFZ^[r,,,,,7-31-180-181-64982347,POINT (503255264 128354164)
190,533936,1,8F2ZZZ,657,1,1,150,0,503129239,128194584,503131492,128190520,RC,,,,,7-31-180-181-64982374,POINT (503131492 128190520)
191,533936,1,8F2ZZZ,661,1,1,150,0,503183361,128123995,503185655,128121492,ú»²,,,,,7-31-180-181-64982384,POINT (503185655 128121492)
192,533936,1,8F2ZZZ,674,1,1,150,0,503256693,128374332,503253218,128366897,hgh,,,,,7-31-180-181-64982424,POINT (503253218 128366897)
193,533936,1,8F2ZZZ,706,1,1,150,0,503230277,128186421,503216575,128178925,ÂC¬ÊZ^[,,,,,7-31-180-181-64982526,POINT (503216575 128178925)
194,533936,1,8F2ZZZ,720,1,1,150,0,503399827,128251550,503402116,128249051,çZqÉ,,,,,7-31-180-181-64982570,POINT (503402116 128249051)
195,533936,1,8F2ZZZ,728,1,1,150,0,503503845,128383904,503506141,128381440,AR,,,,,7-31-180-181-64982594,POINT (503506141 128381440)
196,533936,1,8F2ZZZ,732,1,1,150,0,503090252,128272506,503082151,128275002,}Gc,,,,,7-31-180-181-64982606,POINT (503082151 128275002)
197,533936,1,8F2ZZZ,743,1,1,150,0,503295104,128398197,503272236,128395029,Cg[[Jh[,,,,,7-31-180-181-64982640,POINT (503272236 128395029)
198,533936,1,8F2ZZZ,762,1,1,150,0,503095287,128195982,503088250,128199911,iìV[TChtHXg,,,,,7-31-180-181-64982704,POINT (503088250 128199911)
199,533936,1,8F2ZZZ,774,1,1,150,0,503145716,128394193,503146452,128392765,Jb^¬¯,,,,,7-31-180-181-64982740,POINT (503146452 128392765)
200,533936,1,8F2ZZZ,781,1,1,150,0,503192843,128264809,503160902,128262344,fbNXr[`,,,,,7-31-180-181-64982762,POINT (503160902 128262344)
201,533936,1,8F2ZZZ,788,1,1,150,0,503295962,128401997,503283358,128404494,[ìMUA,,,,,7-31-180-181-64982782,POINT (503283358 128404494)
202,533936,1,8F2ZZZ,798,1,1,150,0,503288069,128335071,503256198,128327571,CIVbsOZ^[,,,,,7-31-180-181-64982812,POINT (503256198 128327571)
203,533936,1,8F2ZZZ,806,2,1,150,0,503508919,128337210,503511211,128337208,µsê,¼sê,,,,7-31-180-181-64982836,POINT (503511211 128337208)
204,533936,1,8F2ZZZ,814,1,1,150,0,503142943,128186418,503145198,128185487,ÛRei^[~i,,,,,7-31-180-181-64982860,POINT (503145198 128185487)
205,533936,1,8F2ZZZ,817,1,1,150,0,503151494,128157456,503146792,128159956,¤DOä,,,,,7-31-180-181-64982868,POINT (503146792 128159956)
206,533936,1,8F2ZZZ,820,1,1,150,0,503159595,128116696,503145887,128119193,ÛSºa^A,,,,,7-31-180-181-64982876,POINT (503145887 128119193)
207,533936,1,8F2ZZZ,824,1,1,150,0,503169207,128143025,503166140,128145530,ú{XD,,,,,7-31-180-181-64982886,POINT (503166140 128145530)
208,533936,1,8F2ZZZ,835,1,1,150,0,503369145,128310476,503350865,128302976,´Ø¦¯g,,,,,7-31-180-181-64982920,POINT (503350865 128302976)
209,533936,1,8F2ZZZ,839,1,1,150,0,503382319,128254617,503368583,128247118,ØÞuª,,,,,7-31-180-181-64982930,POINT (503368583 128247118)
210,533936,1,8F2ZZZ,842,1,1,150,0,503397086,128261649,503367387,128259147,m^AqÉ,,,,,7-31-180-181-64982938,POINT (503367387 128259147)
211,533936,1,8F2ZZZ,863,1,1,150,0,503289543,128293342,503280423,128285847,²ì}Ö,,,,,7-31-180-181-64983004,POINT (503280423 128285847)
212,533936,1,8F2ZZZ,897,2,1,150,0,503220002,128367165,503222252,128365395,°CACh,ggXNGA,,,,7-31-180-181-64983122,POINT (503222252 128365395)
213,533936,1,8F2ZZZ,908,2,1,150,0,503298541,128324138,503296418,128332103,vbs,d`rs,,,,7-31-180-181-64983158,POINT (503296418 128332103)
214,533936,1,8F2ZZZ,931,1,1,150,0,503292202,128311374,503267665,128313876,`@ohsI[gobNX,,,,,7-31-180-181-64983234,POINT (503267665 128313876)
215,533936,1,8F2ZZZ,934,1,1,150,0,503290563,128373767,503279197,128366303,RNsbg,,,,,7-31-180-181-64983242,POINT (503279197 128366303)
216,533936,1,8F2ZZZ,1431,1,1,150,0,503093030,128372661,503085827,128372962,vXg,,,,,7-31-180-181-64984831,POINT (503085827 128372962)
217,533936,1,8F2ZZZ,1443,1,1,150,0,503126490,128407425,503103746,128409259,æêze,,,,,7-31-180-181-64984873,POINT (503103746 128409259)
218,533936,1,8F2ZZZ,1449,2,1,150,0,503144368,128350498,503146618,128350535,gC^[R`l^,xC,,,,7-31-180-181-64984891,POINT (503146618 128350535)
219,533936,1,8F2ZZZ,1454,1,1,150,0,503174436,128254810,503137051,128250343,qg¨äê,,,,,7-31-180-181-64984907,POINT (503137051 128250343)
220,533936,1,8F2ZZZ,1465,1,1,150,0,503255061,128277610,503257354,128275145,xCL¾Vgg,,,,,7-31-180-181-64984945,POINT (503257354 128275145)
221,533936,1,8F2ZZZ,1490,1,1,150,0,503178197,128330601,503164498,128323101,°CÓªö,,,,,7-31-180-181-64985029,POINT (503164498 128323101)
222,533936,1,8F2ZZZ,1493,1,1,150,0,503195912,128271009,503164335,128273513,¨äêClö,,,,,7-31-180-181-64985037,POINT (503164335 128273513)
223,533936,1,8F2ZZZ,1502,1,1,150,0,503413899,128240752,503400524,128233287,áFClö,,,,,7-31-180-181-64985063,POINT (503400524 128233287)
224,533936,1,8F2ZZZ,1507,1,1,150,0,503385546,128344705,503383340,128347210,²ÌMÑA¨Ù,,,,,7-31-180-181-64985075,POINT (503383340 128347210)
225,533936,1,8F2ZZZ,1510,1,1,150,0,503503848,128304413,503487855,128296910,¼ÕC°,,,,,7-31-180-181-64985083,POINT (503487855 128296910)
226,533936,1,8F2ZZZ,1515,2,1,150,0,503485440,128318311,503458934,128317278,_CÆÔÌ,@@åÏÔ,,,,7-31-180-181-64985097,POINT (503458934 128317278)
227,533936,1,8F2ZZZ,1520,1,1,150,0,503405508,128364936,503394091,128357435,V»^®ê,,,,,7-31-180-181-64985111,POINT (503394091 128357435)
228,533936,1,8F2ZZZ,1523,1,1,150,0,503365054,128334706,503339934,128337240,²Ì£Zê,,,,,7-31-180-181-64985119,POINT (503339934 128337240)
229,533936,1,8F2ZZZ,1526,2,1,150,0,503468748,128358606,503471044,128358710,]Ëìæ,¤ã£Zê,,,,7-31-180-181-64985127,POINT (503471044 128358710)
230,533936,1,8F2ZZZ,1529,1,1,150,0,503112839,128116794,503092306,128119291,åcX^WA,,,,,7-31-180-181-64985135,POINT (503092306 128119291)
231,533936,1,8F2ZZZ,1532,1,1,150,0,503487196,128384336,503473652,128376908,]Ëìæê,,,,,7-31-180-181-64985143,POINT (503473652 128376908)
232,533936,1,8F2ZZZ,1543,1,1,150,0,503401915,128227187,503384279,128219757,áFöLvê,,,,,7-31-180-181-64985177,POINT (503384279 128219757)
233,533936,1,8F2ZZZ,1547,1,1,150,0,503238739,128284842,503226058,128287374,L¾ejXÌX,,,,,7-31-180-181-64985189,POINT (503226058 128287374)
234,533936,1,8F2ZZZ,1553,1,1,150,0,503416516,128266816,503406207,128259313,áFfNX,,,,,7-31-180-181-64985207,POINT (503406207 128259313)
235,533936,1,8F2ZZZ,1563,1,1,150,0,503210557,128251479,503187818,128246948,pbg^E,,,,,7-31-180-181-64985235,POINT (503187818 128246948)
236,533936,1,8F2ZZZ,1577,1,1,150,0,503339168,128188024,503320841,128180622,CÌXã£Zê,,,,,7-31-180-181-64985283,POINT (503320841 128180622)
237,533936,1,8F2ZZZ,1592,1,1,150,0,503530719,128380472,503520698,128372974,î×_Ð,,,,,7-31-180-181-64985333,POINT (503520698 128372974)
238,533936,1,8F2ZZZ,1595,1,1,150,0,503179586,128399427,503168340,128391995,zn{è,,,,,7-31-180-181-64985341,POINT (503168340 128391995)
239,533936,1,8F2ZZZ,1611,1,1,150,0,503148580,128377128,503140479,128369659,l£{¶ë,,,,,7-31-180-181-64985393,POINT (503140479 128369659)
240,533936,1,8F2ZZZ,1614,1,1,150,0,503104857,128242677,503106979,128242442,V¤FAC,,,,,7-31-180-181-64985401,POINT (503106979 128242442)
241,533936,1,8F2ZZZ,1661,1,1,150,0,503230273,128248380,503232487,128247242,L¾uªtF[^[~i,,,,,7-31-180-181-64985508,POINT (503232487 128247242)
242,533936,1,8F2ZZZ,1664,1,1,150,0,503264759,128222285,503247622,128214783,`tF[^[~i,,,,,7-31-180-181-64985517,POINT (503247622 128214783)
243,533936,1,8F2ZZZ,1667,1,1,150,0,503414306,128288680,503402896,128281182,w|[g,,,,,7-31-180-181-64985525,POINT (503402896 128281182)
244,533936,1,8F2ZZZ,1766,1,1,150,0,503097735,128366895,503081942,128362031,Åö,,,,,7-31-180-181-64985727,POINT (503081942 128362031)
245,533936,1,8F2ZZZ,1769,1,1,150,0,503181223,128351666,503179012,128343836,LC^®ö,,,,,7-31-180-181-64985735,POINT (503179012 128343836)
246,533936,1,8F2ZZZ,1773,1,1,150,0,503372130,128342072,503369800,128335638,²Ìö,,,,,7-31-180-181-64985745,POINT (503369800 128335638)
247,533936,1,8F2ZZZ,1778,1,1,150,0,503436676,128407066,503417653,128399637,rì»¬Óö,,,,,7-31-180-181-64985757,POINT (503417653 128399637)
248,533936,1,8F2ZZZ,1781,1,1,150,0,503497180,128314945,503472845,128306778,¼ÕCö,,,,,7-31-180-181-64985765,POINT (503472845 128306778)
249,533936,1,8F2ZZZ,1786,1,1,150,0,503499101,128365273,503475013,128367736,VcÌXö,,,,,7-31-180-181-64985777,POINT (503475013 128367736)
250,533936,1,8F2ZZZ,1789,1,1,150,0,503510759,128356074,503508504,128358573,NG[Vö,,,,,7-31-180-181-64985785,POINT (503508504 128358573)
251,533936,1,8F2ZZZ,1792,1,1,150,0,503514932,128353541,503500815,128345913,V¶ßìeö,,,,,7-31-180-181-64985793,POINT (503500815 128345913)
252,533936,1,8F2ZZZ,1820,2,1,150,0,503146790,128147124,503121594,128146892,ÝÈÆªu,@@Óªö,,,,7-31-180-181-64985885,POINT (503121594 128146892)
253,533936,1,8F2ZZZ,1825,1,1,150,0,503242835,128190221,503245124,128187824,ÅÓªö,,,,,7-31-180-181-64985901,POINT (503245124 128187824)
254,533936,1,8F2ZZZ,1837,1,1,150,0,503332165,128341404,503325254,128343940,C¤ÌXClö,,,,,7-31-180-181-64985935,POINT (503325254 128343940)
255,533936,1,8G2ZZZ,2067,1,1,150,0,503229532,128402695,503227236,128400200,SUR,,,,,7-31-182-181-64984516,POINT (503227236 128400200)
256,533936,1,8G2ZZZ,2074,1,1,150,0,503233011,128312972,503230726,128310506,SWS,,,,,7-31-182-181-64984529,POINT (503230726 128310506)
257,533936,1,8G2ZZZ,2081,1,1,150,0,503520249,128353975,503517966,128351479,STO,,,,,7-31-182-181-64984544,POINT (503517966 128351479)
258,533936,1,8H2ZZZ,2096,1,1,150,0,503235833,128337102,503233540,128334600,ROS,,,,,7-31-182-181-64984573,POINT (503233540 128334600)
259,533936,1,8H2ZZZ,2101,1,1,150,0,503384318,128406865,503382033,128404368,PO,,,,,7-31-182-181-64984582,POINT (503382033 128404368)
260,533936,1,8H2ZZZ,2102,1,1,150,0,503467439,128384436,503465152,128381934,ROW,,,,,7-31-182-181-64984585,POINT (503465152 128381934)
261,533936,2,VB0002,3,0,0,0,0,503105506,128368895,503101743,128365931,,,,,,7-31-181-181-64980090,POINT (503101743 128365931)
262,533936,2,VB0004,13,0,0,0,0,503361615,128408030,503359321,128405531,,,,,,7-31-181-181-64980122,POINT (503359321 128405531)
263,533936,2,VB0004,16,0,0,0,0,503123878,128261475,503121589,128258975,,,,,,7-31-181-181-64980130,POINT (503121589 128258975)
264,533936,2,VB0004,25,0,0,0,0,503116230,128222746,503113942,128220243,,,,,,7-31-181-181-64980156,POINT (503113942 128220243)
265,533936,2,VB0005,53,0,0,0,0,503415328,128311677,503413043,128309175,,,,,,7-31-181-181-64980246,POINT (503413043 128309175)
266,533936,2,VB0005,65,0,0,0,0,503188014,128333534,503185727,128331039,,,,,,7-31-181-181-64980278,POINT (503185727 128331039)
267,533936,2,VB0005,74,0,0,0,0,503294122,128351635,503291832,128349138,,,,,,7-31-181-181-64980297,POINT (503291832 128349138)
268,533936,2,VB0005,77,0,0,0,0,503373478,128410797,503371185,128408296,,,,,,7-31-181-181-64980302,POINT (503371185 128408296)
269,533936,2,VB0006,86,0,0,0,0,503105843,128149855,503103550,128147358,,,,,,7-31-181-181-64980324,POINT (503103550 128147358)
270,533936,2,VB0006,89,0,0,0,0,503119541,128280073,503117249,128277576,,,,,,7-31-181-181-64980329,POINT (503117249 128277576)
271,533936,2,VB0006,97,0,0,0,0,503418519,128297379,503416230,128294876,,,,,,7-31-181-181-64980347,POINT (503416230 128294876)
272,533936,2,VB0007,382,0,0,0,0,503295881,128363334,503293588,128360838,,,,,,7-31-181-181-64981207,POINT (503293588 128360838)
273,533936,2,VB0008,100,0,0,0,0,503092870,128304802,503090581,128302300,,,,,,7-31-181-181-64980354,POINT (503090581 128302300)
274,533936,2,VB0008,111,0,0,0,0,503185028,128372997,503182733,128370502,,,,,,7-31-181-181-64980390,POINT (503182733 128370502)
275,533936,2,VB0008,121,0,0,0,0,503329914,128371501,503327629,128369004,,,,,,7-31-181-181-64980422,POINT (503327629 128369004)
276,533936,2,VB0009,207,0,0,0,0,503197707,128402427,503194513,128401361,,,,,,7-31-181-181-64980692,POINT (503194513 128401361)
277,533936,2,VB0009,215,0,0,0,0,503399412,128395600,503397124,128393100,,,,,,7-31-181-181-64980716,POINT (503397124 128393100)
278,533936,2,VB0009,219,0,0,0,0,503473413,128347640,503471127,128345144,,,,,,7-31-181-181-64980726,POINT (503471127 128345144)
279,533936,2,VB0010,773,0,0,0,0,503503845,128383904,503501555,128381404,,,,,,7-31-181-181-64982593,POINT (503501555 128381404)
280,533936,2,VB0010,777,0,0,0,0,503090252,128272506,503087960,128270004,,,,,,7-31-181-181-64982605,POINT (503087960 128270004)
281,533936,2,VB0010,788,0,0,0,0,503295104,128398197,503292778,128395029,,,,,,7-31-181-181-64982639,POINT (503292778 128395029)
282,533936,2,VB0010,807,0,0,0,0,503095287,128195982,503093084,128194913,,,,,,7-31-181-181-64982703,POINT (503093084 128194913)
283,533936,2,VB0010,819,0,0,0,0,503145716,128394193,503141907,128392765,,,,,,7-31-181-181-64982739,POINT (503141907 128392765)
284,533936,2,VB0010,826,0,0,0,0,503192843,128264809,503190549,128262308,,,,,,7-31-181-181-64982761,POINT (503190549 128262308)
285,533936,2,VB0010,833,0,0,0,0,503295962,128401997,503293671,128399497,,,,,,7-31-181-181-64982781,POINT (503293671 128399497)
286,533936,2,VB0010,843,0,0,0,0,503288069,128335071,503285776,128332569,,,,,,7-31-181-181-64982811,POINT (503285776 128332569)
287,533936,2,VB0012,979,0,0,0,0,503290563,128373767,503288274,128371265,,,,,,7-31-181-181-64983241,POINT (503288274 128371265)
288,533936,2,VB0013,976,0,0,0,0,503292202,128311374,503289910,128308869,,,,,,7-31-181-181-64983233,POINT (503289910 128308869)
289,533936,2,VB0022,1089,0,0,0,0,503119259,128181118,503116965,128178620,,,,,,7-31-181-181-64983521,POINT (503116965 128178620)
290,533936,2,VB0022,1094,0,0,0,0,503125552,128327900,503123261,128325397,,,,,,7-31-181-181-64983533,POINT (503123261 128325397)
291,533936,2,VB0022,1099,0,0,0,0,503134959,128350398,503132667,128347899,,,,,,7-31-181-181-64983545,POINT (503132667 128347899)
292,533936,2,VB0022,1104,0,0,0,0,503147434,128389527,503145148,128387024,,,,,,7-31-181-181-64983557,POINT (503145148 128387024)
293,533936,2,VB0022,1109,0,0,0,0,503222172,128271609,503219880,128269110,,,,,,7-31-181-181-64983569,POINT (503219880 128269110)
294,533936,2,VB0022,1114,0,0,0,0,503267536,128299541,503264878,128297912,,,,,,7-31-181-181-64983581,POINT (503264878 128297912)
295,533936,2,VB0022,1118,0,0,0,0,503325949,128319407,503323662,128316908,,,,,,7-31-181-181-64983591,POINT (503323662 128316908)
296,533936,2,VB0022,1123,0,0,0,0,503461877,128328842,503459593,128326341,,,,,,7-31-181-181-64983603,POINT (503459593 128326341)
297,533936,2,VB0024,1130,0,0,0,0,503119547,128139224,503117255,128136722,,,,,,7-31-181-181-64983621,POINT (503117255 128136722)
298,533936,2,VB0024,1133,0,0,0,0,503127638,128317635,503125431,128314870,,,,,,7-31-181-181-64983629,POINT (503125431 128314870)
299,533936,2,VB0024,1136,0,0,0,0,503316663,128316374,503314366,128313877,,,,,,7-31-181-181-64983637,POINT (503314366 128313877)
300,533936,2,VB0024,1139,0,0,0,0,503336624,128322807,503334332,128320304,,,,,,7-31-181-181-64983645,POINT (503334332 128320304)
301,533936,2,VB0025,1142,0,0,0,0,503099576,128352164,503097281,128349664,,,,,,7-31-181-181-64983653,POINT (503097281 128349664)
302,533936,2,VB0025,1147,0,0,0,0,503109109,128294904,503106414,128291774,,,,,,7-31-181-181-64983665,POINT (503106414 128291774)
303,533936,2,VB0025,1150,0,0,0,0,503115204,128307635,503112909,128305139,,,,,,7-31-181-181-64983673,POINT (503112909 128305139)
304,533936,2,VB0025,1155,0,0,0,0,503117787,128156654,503115496,128154151,,,,,,7-31-181-181-64983683,POINT (503115496 128154151)
305,533936,2,VB0025,1160,0,0,0,0,503118603,128196383,503116318,128193879,,,,,,7-31-181-181-64983695,POINT (503116318 128193879)
306,533936,2,VB0025,1164,0,0,0,0,503120447,128129592,503118163,128127091,,,,,,7-31-181-181-64983704,POINT (503118163 128127091)
307,533936,2,VB0025,1168,0,0,0,0,503130744,128406792,503129067,128405690,,,,,,7-31-181-181-64983714,POINT (503129067 128405690)
308,533936,2,VB0025,1171,0,0,0,0,503143016,128401093,503140808,128398257,,,,,,7-31-181-181-64983722,POINT (503140808 128398257)
309,533936,2,VB0025,1176,0,0,0,0,503164123,128401260,503161790,128398229,,,,,,7-31-181-181-64983736,POINT (503161790 128398229)
310,533936,2,VB0025,1180,0,0,0,0,503170709,128410525,503168944,128408190,,,,,,7-31-181-181-64983746,POINT (503168944 128408190)
311,533936,2,VB0025,1185,0,0,0,0,503199592,128283774,503197304,128281275,,,,,,7-31-181-181-64983760,POINT (503197304 128281275)
312,533936,2,VB0025,1189,0,0,0,0,503220002,128353667,503217707,128351169,,,,,,7-31-181-181-64983770,POINT (503217707 128351169)
313,533936,2,VB0025,1193,0,0,0,0,503244300,128329503,503242014,128327003,,,,,,7-31-181-181-64983780,POINT (503242014 128327003)
314,533936,2,VB0025,1197,0,0,0,0,503265532,128296475,503262173,128292813,,,,,,7-31-181-181-64983790,POINT (503262173 128292813)
315,533936,2,VB0025,1200,0,0,0,0,503298908,128394498,503296622,128391999,,,,,,7-31-181-181-64983798,POINT (503296622 128391999)
316,533936,2,VB0025,1205,0,0,0,0,503387102,128327674,503384768,128325138,,,,,,7-31-181-181-64983810,POINT (503384768 128325138)
317,533936,2,VB0025,1210,0,0,0,0,503395773,128330707,503393487,128328205,,,,,,7-31-181-181-64983822,POINT (503393487 128328205)
318,533936,2,VB0025,1213,0,0,0,0,503477461,128390569,503475176,128388067,,,,,,7-31-181-181-64983829,POINT (503475176 128388067)
319,533936,2,VB0025,1218,0,0,0,0,503506834,128319079,503505650,128316208,,,,,,7-31-181-181-64983841,POINT (503505650 128316208)
320,533936,2,VB0025,1223,0,0,0,0,503514238,128316912,503511953,128314413,,,,,,7-31-181-181-64983849,POINT (503511953 128314413)
321,533936,2,VB0025,1226,0,0,0,0,503526592,128313680,503524669,128311018,,,,,,7-31-181-181-64983856,POINT (503524669 128311018)
322,533936,2,VB0026,1230,0,0,0,0,503089268,128352764,503086981,128350260,,,,,,7-31-181-181-64983862,POINT (503086981 128350260)
323,533936,2,VB0026,1237,0,0,0,0,503118280,128119259,503116075,128116061,,,,,,7-31-181-181-64983881,POINT (503116075 128116061)
324,533936,2,VB0026,1241,0,0,0,0,503120363,128167820,503118078,128165319,,,,,,7-31-181-181-64983891,POINT (503118078 128165319)
325,533936,2,VB0026,1244,0,0,0,0,503120404,128176019,503118118,128173521,,,,,,7-31-181-181-64983899,POINT (503118118 128173521)
326,533936,2,VB0026,1248,0,0,0,0,503124002,128202949,503122210,128200581,,,,,,7-31-181-181-64983909,POINT (503122210 128200581)
327,533936,2,VB0026,1254,0,0,0,0,503252768,128317272,503250472,128314773,,,,,,7-31-181-181-64983924,POINT (503250472 128314773)
328,533936,2,VB0026,1264,0,0,0,0,503305903,128374133,503303612,128371631,,,,,,7-31-181-181-64983952,POINT (503303612 128371631)
329,533936,2,VB0026,1270,0,0,0,0,503404445,128329874,503402153,128327373,,,,,,7-31-181-181-64983968,POINT (503402153 128327373)
330,533936,2,VB0026,1273,0,0,0,0,503458439,128402733,503456144,128400232,,,,,,7-31-181-181-64983976,POINT (503456144 128400232)
331,533936,2,VB0026,1279,0,0,0,0,503530437,128310946,503528143,128308446,,,,,,7-31-181-181-64983990,POINT (503528143 128308446)
332,533936,2,VB0027,1290,0,0,0,0,503131407,128187618,503129118,128185119,,,,,,7-31-181-181-64984021,POINT (503129118 128185119)
333,533936,2,VB0027,1293,0,0,0,0,503155708,128141725,503153411,128139222,,,,,,7-31-181-181-64984029,POINT (503153411 128139222)
334,533936,2,VB0027,1302,0,0,0,0,503365379,128387767,503363084,128385263,,,,,,7-31-181-181-64984055,POINT (503363084 128385263)
335,533936,2,VB0029,702,0,0,0,0,503129239,128194584,503126907,128190483,,,,,,7-31-181-181-64982373,POINT (503126907 128190483)
336,533936,2,VB0029,706,0,0,0,0,503183361,128123995,503181068,128121492,,,,,,7-31-181-181-64982383,POINT (503181068 128121492)
337,533936,2,VB0031,1534,0,0,0,0,503230273,128248380,503227900,128247242,,,,,,7-31-181-181-64985507,POINT (503227900 128247242)
338,533936,2,VB0031,1538,0,0,0,0,503264759,128222285,503262465,128219781,,,,,,7-31-181-181-64985516,POINT (503262465 128219781)
339,533936,2,VB0032,1522,0,0,0,0,503164085,128311470,503161793,128308966,,,,,,7-31-181-181-64985475,POINT (503161793 128308966)
340,533936,2,VB0032,1526,0,0,0,0,503171536,128195751,503169241,128193250,,,,,,7-31-181-181-64985485,POINT (503169241 128193250)
341,533936,2,VB0032,1531,0,0,0,0,503337936,128270914,503335653,128268410,,,,,,7-31-181-181-64985499,POINT (503335653 128268410)
342,533936,2,VB0034,1309,0,0,0,0,503119794,128122693,503117504,128120995,,,,,,7-31-181-181-64984069,POINT (503117504 128120995)
343,533936,2,VB0034,1312,0,0,0,0,503141708,128382262,503139175,128379765,,,,,,7-31-181-181-64984074,POINT (503139175 128379765)
344,533936,2,VB0034,1321,0,0,0,0,503299276,128389631,503296979,128387129,,,,,,7-31-181-181-64984091,POINT (503296979 128387129)
345,533936,2,VB0034,1328,0,0,0,0,503462939,128395668,503460648,128393165,,,,,,7-31-181-181-64984104,POINT (503460648 128393165)
346,533936,2,VB0041,1513,0,0,0,0,503148580,128377128,503146865,128374593,,,,,,7-31-181-181-64985392,POINT (503146865 128374593)
347,533936,2,VB0043,1494,0,0,0,0,503530719,128380472,503528429,128377972,,,,,,7-31-181-181-64985332,POINT (503528429 128377972)
348,533936,2,VB0044,1497,0,0,0,0,503179586,128399427,503177293,128396930,,,,,,7-31-181-181-64985340,POINT (503177293 128396930)
349,533936,2,VB0047,1455,0,0,0,0,503416516,128266816,503414226,128264320,,,,,,7-31-181-181-64985206,POINT (503414226 128264320)
350,533936,2,VB0049,1445,0,0,0,0,503401915,128227187,503399631,128224692,,,,,,7-31-181-181-64985176,POINT (503399631 128224692)
351,533936,2,VB0050,1417,0,0,0,0,503485440,128318311,503481715,128314313,,,,,,7-31-181-181-64985096,POINT (503481715 128314313)
352,533936,2,VB0052,1392,0,0,0,0,503178197,128330601,503175909,128328100,,,,,,7-31-181-181-64985028,POINT (503175909 128328100)
353,533936,2,VB0052,1395,0,0,0,0,503195912,128271009,503191743,128268542,,,,,,7-31-181-181-64985036,POINT (503191743 128268542)
354,533936,2,VB0052,1404,0,0,0,0,503413899,128240752,503411605,128238249,,,,,,7-31-181-181-64985062,POINT (503411605 128238249)
355,533936,2,VB0052,1546,0,0,0,0,503097735,128366895,503095563,128362133,,,,,,7-31-181-181-64985726,POINT (503095563 128362133)
356,533936,2,VB0052,1549,0,0,0,0,503181223,128351666,503178930,128348769,,,,,,7-31-181-181-64985734,POINT (503178930 128348769)
357,533936,2,VB0052,1553,0,0,0,0,503372130,128342072,503369759,128340572,,,,,,7-31-181-181-64985744,POINT (503369759 128340572)
358,533936,2,VB0052,1558,0,0,0,0,503436676,128407066,503434392,128404562,,,,,,7-31-181-181-64985756,POINT (503434392 128404562)
359,533936,2,VB0052,1561,0,0,0,0,503497180,128314945,503495626,128311850,,,,,,7-31-181-181-64985764,POINT (503495626 128311850)
360,533936,2,VB0052,1566,0,0,0,0,503499101,128365273,503497793,128362738,,,,,,7-31-181-181-64985776,POINT (503497793 128362738)
361,533936,2,VB0052,1569,0,0,0,0,503510759,128356074,503508463,128353576,,,,,,7-31-181-181-64985784,POINT (503508463 128353576)
362,533936,2,VB0052,1572,0,0,0,0,503514932,128353541,503512679,128350911,,,,,,7-31-181-181-64985792,POINT (503512679 128350911)
363,533936,2,VB0052,1578,0,0,0,0,503167606,128246444,503163924,128242416,,,,,,7-31-181-181-64985808,POINT (503163924 128242416)
364,533936,2,VB0052,1602,0,0,0,0,503146790,128147124,503144499,128144623,,,,,,7-31-181-181-64985884,POINT (503144499 128144623)
365,533936,2,VB0052,1607,0,0,0,0,503242835,128190221,503240551,128187724,,,,,,7-31-181-181-64985900,POINT (503240551 128187724)
366,533936,2,VB0052,1619,0,0,0,0,503332165,128341404,503329868,128338906,,,,,,7-31-181-181-64985934,POINT (503329868 128338906)
367,533936,2,VB0053,1333,0,0,0,0,503093030,128372661,503089920,128367799,,,,,,7-31-181-181-64984830,POINT (503089920 128367799)
368,533936,2,VB0053,1345,0,0,0,0,503126490,128407425,503124357,128404262,,,,,,7-31-181-181-64984872,POINT (503124357 128404262)
369,533936,2,VB0053,1351,0,0,0,0,503144368,128350498,503142073,128347999,,,,,,7-31-181-181-64984890,POINT (503142073 128347999)
370,533936,2,VB0053,1356,0,0,0,0,503174436,128254810,503168950,128250344,,,,,,7-31-181-181-64984906,POINT (503168950 128250344)
371,533936,2,VB0053,1367,0,0,0,0,503255061,128277610,503252767,128275108,,,,,,7-31-181-181-64984944,POINT (503252767 128275108)
372,533936,2,VB0054,1431,0,0,0,0,503112839,128116794,503110556,128114294,,,,,,7-31-181-181-64985134,POINT (503110556 128114294)
373,533936,2,VB0054,1434,0,0,0,0,503487196,128384336,503484912,128381833,,,,,,7-31-181-181-64985142,POINT (503484912 128381833)
374,533936,2,VB0055,1422,0,0,0,0,503405508,128364936,503403222,128362434,,,,,,7-31-181-181-64985110,POINT (503403222 128362434)
375,533936,2,VB0055,1425,0,0,0,0,503365054,128334706,503362770,128332205,,,,,,7-31-181-181-64985118,POINT (503362770 128332205)
376,533936,2,VB0055,1428,0,0,0,0,503468748,128358606,503466458,128356110,,,,,,7-31-181-181-64985126,POINT (503466458 128356110)
377,533936,2,VB0055,1449,0,0,0,0,503238739,128284842,503236454,128282339,,,,,,7-31-181-181-64985188,POINT (503236454 128282339)
378,533936,2,VB0055,1479,0,0,0,0,503339168,128188024,503336879,128185528,,,,,,7-31-181-181-64985282,POINT (503336879 128185528)
379,533936,2,VB0056,1409,0,0,0,0,503385546,128344705,503383257,128342202,,,,,,7-31-181-181-64985074,POINT (503383257 128342202)
380,533936,2,VB0059,1412,0,0,0,0,503503848,128304413,503501558,128301918,,,,,,7-31-181-181-64985082,POINT (503501558 128301918)
381,533936,2,VB0061,33,0,0,0,0,503290082,128168258,503287789,128165764,,,,,,7-31-181-181-64980180,POINT (503287789 128165764)
382,533936,2,VB0061,37,0,0,0,0,503311231,128157827,503308937,128155329,,,,,,7-31-181-181-64980190,POINT (503308937 128155329)
383,533936,2,VB0061,131,0,0,0,0,503121220,128233912,503118927,128231412,,,,,,7-31-181-181-64980460,POINT (503118927 128231412)
384,533936,2,VB0061,141,0,0,0,0,503195668,128229615,503193463,128227753,,,,,,7-31-181-181-64980490,POINT (503193463 128227753)
385,533936,2,VB0061,147,0,0,0,0,503252399,128346769,503250115,128344268,,,,,,7-31-181-181-64980506,POINT (503250115 128344268)
386,533936,2,VB0061,156,0,0,0,0,503260011,128267112,503257766,128264609,,,,,,7-31-181-181-64980536,POINT (503257766 128264609)
387,533936,2,VB0061,161,0,0,0,0,503530515,128397370,503528222,128394871,,,,,,7-31-181-181-64980548,POINT (503528222 128394871)
388,533936,2,VB0061,177,0,0,0,0,503187076,128256643,503185482,128255140,,,,,,7-31-181-181-64980598,POINT (503185482 128255140)
389,533936,2,VB0061,183,0,0,0,0,503407839,128385101,503405543,128382600,,,,,,7-31-181-181-64980616,POINT (503405543 128382600)
390,533936,2,VB0061,186,0,0,0,0,503424079,128362237,503421788,128359733,,,,,,7-31-181-181-64980624,POINT (503421788 128359733)
391,533936,2,VB0061,386,0,0,0,0,503099252,128271406,503096968,128268907,,,,,,7-31-181-181-64981218,POINT (503096968 128268907)
392,533936,2,VB0061,437,0,0,0,0,503092136,128224912,503089842,128222412,,,,,,7-31-181-181-64981402,POINT (503089842 128222412)
393,533936,2,VB0061,501,0,0,0,0,503169565,128364330,503167270,128361833,,,,,,7-31-181-181-64981650,POINT (503167270 128361833)
394,533936,2,VB0061,518,0,0,0,0,503195048,128393828,503192756,128391328,,,,,,7-31-181-181-64981714,POINT (503192756 128391328)
395,533936,2,VB0061,532,0,0,0,0,503210185,128357999,503207889,128355498,,,,,,7-31-181-181-64981766,POINT (503207889 128355498)
396,533936,2,VB0061,550,0,0,0,0,503255180,128380331,503252888,128377827,,,,,,7-31-181-181-64981832,POINT (503252888 128377827)
397,533936,2,VB0061,581,0,0,0,0,503296903,128377799,503294618,128375302,,,,,,7-31-181-181-64981946,POINT (503294618 128375302)
398,533936,2,VB0061,590,0,0,0,0,503302795,128347236,503300510,128344736,,,,,,7-31-181-181-64981978,POINT (503300510 128344736)
399,533936,2,VB0061,625,0,0,0,0,503373154,128317875,503370858,128315371,,,,,,7-31-181-181-64982102,POINT (503370858 128315371)
400,533936,2,VB0061,629,0,0,0,0,503376832,128368735,503374537,128366232,,,,,,7-31-181-181-64982114,POINT (503374537 128366232)
401,533936,2,VB0061,683,0,0,0,0,503135817,128391860,503135041,128389331,,,,,,7-31-181-181-64982304,POINT (503135041 128389331)
402,533936,2,VB0061,697,0,0,0,0,503266389,128361600,503264093,128359098,,,,,,7-31-181-181-64982346,POINT (503264093 128359098)
403,533936,2,VB0061,719,0,0,0,0,503256693,128374332,503254399,128371831,,,,,,7-31-181-181-64982423,POINT (503254399 128371831)
404,533936,2,VB0061,751,0,0,0,0,503230277,128186421,503227986,128183924,,,,,,7-31-181-181-64982525,POINT (503227986 128183924)
405,533936,2,VB0061,765,0,0,0,0,503399827,128251550,503397542,128249051,,,,,,7-31-181-181-64982569,POINT (503397542 128249051)
406,533936,2,VB0061,851,0,0,0,0,503508919,128337210,503506624,128334709,,,,,,7-31-181-181-64982835,POINT (503506624 128334709)
407,533936,2,VB0061,859,0,0,0,0,503142943,128186418,503140611,128185449,,,,,,7-31-181-181-64982859,POINT (503140611 128185449)
408,533936,2,VB0061,862,0,0,0,0,503151494,128157456,503149209,128154958,,,,,,7-31-181-181-64982867,POINT (503149209 128154958)
409,533936,2,VB0061,865,0,0,0,0,503159595,128116696,503157298,128114195,,,,,,7-31-181-181-64982875,POINT (503157298 128114195)
410,533936,2,VB0061,869,0,0,0,0,503169207,128143025,503166923,128140522,,,,,,7-31-181-181-64982885,POINT (503166923 128140522)
411,533936,2,VB0061,880,0,0,0,0,503369145,128310476,503366849,128307974,,,,,,7-31-181-181-64982919,POINT (503366849 128307974)
412,533936,2,VB0061,884,0,0,0,0,503382319,128254617,503380035,128252117,,,,,,7-31-181-181-64982929,POINT (503380035 128252117)
413,533936,2,VB0061,887,0,0,0,0,503397086,128261649,503394796,128259147,,,,,,7-31-181-181-64982937,POINT (503394796 128259147)
414,533936,2,VB0061,908,0,0,0,0,503289543,128293342,503287248,128290846,,,,,,7-31-181-181-64983003,POINT (503287248 128290846)
415,533936,2,VB0061,942,0,0,0,0,503220002,128367165,503217625,128362832,,,,,,7-31-181-181-64983121,POINT (503217625 128362832)
416,533936,2,VB0061,953,0,0,0,0,503298541,128324138,503296336,128322070,,,,,,7-31-181-181-64983157,POINT (503296336 128322070)
417,533936,2,VB0061,1465,0,0,0,0,503210557,128251479,503206094,128246976,,,,,,7-31-181-181-64985234,POINT (503206094 128246976)
418,533936,2,VB0061,1516,0,0,0,0,503104857,128242677,503102488,128242442,,,,,,7-31-181-181-64985400,POINT (503102488 128242442)
419,533936,2,VB0061,1541,0,0,0,0,503414306,128288680,503412014,128286180,,,,,,7-31-181-181-64985524,POINT (503412014 128286180)
420,533936,2,VB0091,224,0,0,0,0,503089517,128256608,503087630,128254278,,,,,,7-31-181-181-64980742,POINT (503087630 128254278)
421,533936,2,VB0091,232,0,0,0,0,503191530,128403861,503188100,128400730,,,,,,7-31-181-181-64980763,POINT (503188100 128400730)
422,533936,2,VB0091,236,0,0,0,0,503228469,128375931,503225232,128374962,,,,,,7-31-181-181-64980771,POINT (503225232 128374962)
423,533936,2,VB0091,241,0,0,0,0,503250313,128404528,503247573,128400164,,,,,,7-31-181-181-64980785,POINT (503247573 128400164)
424,533936,2,VB0092,251,0,0,0,0,503098840,128343931,503096553,128341435,,,,,,7-31-181-181-64980813,POINT (503096553 128341435)
425,533936,2,VB0095,257,0,0,0,0,503090005,128318600,503088452,128314970,,,,,,7-31-181-181-64980830,POINT (503088452 128314970)
426,533936,2,VB0095,262,0,0,0,0,503099331,128339531,503097981,128336968,,,,,,7-31-181-181-64980843,POINT (503097981 128336968)
427,533936,2,VB0095,265,0,0,0,0,503137864,128363264,503135578,128360761,,,,,,7-31-181-181-64980851,POINT (503135578 128360761)
428,533936,2,VB0095,268,0,0,0,0,503230391,128378565,503230147,128376866,,,,,,7-31-181-181-64980858,POINT (503230147 128376866)
429,533936,2,VB0095,272,0,0,0,0,503266471,128388265,503264175,128385765,,,,,,7-31-181-181-64980869,POINT (503264175 128385765)
430,533936,2,VB0095,276,0,0,0,0,503491206,128349975,503488909,128347478,,,,,,7-31-181-181-64980881,POINT (503488909 128347478)
431,533936,2,VB0095,279,0,0,0,0,503534239,128353542,503531945,128351041,,,,,,7-31-181-181-64980889,POINT (503531945 128351041)
432,533936,2,VB0096,287,0,0,0,0,503109401,128165087,503107106,128162590,,,,,,7-31-181-181-64980913,POINT (503107106 128162590)
433,533936,2,VB0096,294,0,0,0,0,503264262,128399496,503261964,128396996,,,,,,7-31-181-181-64980935,POINT (503261964 128396996)
434,533936,2,VB0096,297,0,0,0,0,503265491,128305574,503263202,128303074,,,,,,7-31-181-181-64980943,POINT (503263202 128303074)
435,533936,2,VB0096,300,0,0,0,0,503278415,128348869,503276122,128346364,,,,,,7-31-181-181-64980951,POINT (503276122 128346364)
436,533936,2,VB0096,307,0,0,0,0,503330405,128400431,503328109,128397932,,,,,,7-31-181-181-64980971,POINT (503328109 128397932)
437,533936,2,VB0096,316,0,0,0,0,503506176,128397135,503503889,128394641,,,,,,7-31-181-181-64980997,POINT (503503889 128394641)
438,533936,2,VB0096,322,0,0,0,0,503536532,128321479,503534240,128318982,,,,,,7-31-181-181-64981013,POINT (503534240 128318982)
439,533936,2,VB0097,342,0,0,0,0,503272565,128370833,503270272,128368335,,,,,,7-31-181-181-64981077,POINT (503270272 128368335)
440,533936,2,VB0153,1632,0,0,0,0,503260009,128305807,503257723,128303303,,,,,,7-31-181-410-38490654,POINT (503257723 128303303)
441,533936,2,VB0155,1629,0,0,0,0,503173789,128129760,503171497,128127259,,,,,,7-31-181-410-38490653,POINT (503171497 128127259)
442,533936,2,VB0162,1708,0,0,0,0,503282506,128322938,503280215,128320440,,,,,,7-31-181-410-38490659,POINT (503280215 128320440)
443,533936,2,VB0162,1719,0,0,0,0,503406983,128301511,503404694,128299014,,,,,,7-31-181-410-38490660,POINT (503404694 128299014)
444,533936,2,VB0162,1722,0,0,0,0,503113645,128400525,503111354,128398027,,,,,,7-31-181-410-38490661,POINT (503111354 128398027)
445,533936,2,VB0162,1725,0,0,0,0,503112869,128386726,503110585,128384232,,,,,,7-31-181-410-38490662,POINT (503110585 128384232)
446,533936,2,VB0162,1759,0,0,0,0,503108534,128368595,503106246,128366097,,,,,,7-31-181-410-38490663,POINT (503106246 128366097)
447,533936,2,VB0162,1781,0,0,0,0,503092383,128187816,503090092,128185320,,,,,,7-31-181-410-38490658,POINT (503090092 128185320)
448,533936,2,VB0163,1919,0,0,0,0,503116837,128370995,503114554,128368495,,,,,,7-31-181-410-38490677,POINT (503114554 128368495)
449,533936,2,VB0163,1956,0,0,0,0,503197671,128255911,503195384,128253411,,,,,,7-31-181-410-38490678,POINT (503195384 128253411)
450,533936,2,VB0163,1970,0,0,0,0,503243405,128241781,503241111,128239279,,,,,,7-31-181-410-38490679,POINT (503241111 128239279)
451,533936,2,VB0163,1985,0,0,0,0,503211247,128378097,503208959,128375601,,,,,,7-31-181-410-38490675,POINT (503208959 128375601)
452,533936,2,VB0163,1988,0,0,0,0,503212270,128367165,503209977,128364662,,,,,,7-31-181-410-38490676,POINT (503209977 128364662)
453,533936,2,VB0164,1792,0,0,0,0,503318133,128403630,503315846,128401126,,,,,,7-31-181-410-38490665,POINT (503315846 128401126)
454,533936,2,VB0164,1796,0,0,0,0,503169003,128127027,503166718,128124531,,,,,,7-31-181-410-38490666,POINT (503166718 128124531)
455,533936,2,VB0164,1817,0,0,0,0,503309994,128347936,503307705,128345441,,,,,,7-31-181-410-38490667,POINT (503307705 128345441)
456,533936,2,VB0164,1836,0,0,0,0,503097249,128244743,503094964,128242240,,,,,,7-31-181-410-38490668,POINT (503094964 128242240)
457,533936,2,VB0164,1852,0,0,0,0,503516240,128379872,503513955,128377376,,,,,,7-31-181-410-38490669,POINT (503513955 128377376)
458,533936,2,VB0164,1858,0,0,0,0,503307702,128400530,503305410,128398032,,,,,,7-31-181-410-38490670,POINT (503305410 128398032)
459,533936,2,VB0164,1861,0,0,0,0,503122894,128315802,503120598,128313305,,,,,,7-31-181-410-38490671,POINT (503120598 128313305)
460,533936,2,VB0164,1871,0,0,0,0,503098069,128190483,503095776,128187983,,,,,,7-31-181-410-38490672,POINT (503095776 128187983)
461,533936,2,VB0164,1874,0,0,0,0,503213047,128384163,503210758,128381662,,,,,,7-31-181-410-38490673,POINT (503210758 128381662)
462,533936,2,VB0164,1892,0,0,0,0,503096098,128383526,503093805,128381027,,,,,,7-31-181-410-38490664,POINT (503093805 128381027)
463,533936,2,VB0557,1640,0,0,0,0,503512270,128396670,503509986,128394174,,,,,,7-31-181-410-38490655,POINT (503509986 128394174)
464,533936,2,VB0557,1651,0,0,0,0,503365012,128366269,503362728,128363770,,,,,,7-31-181-410-38490656,POINT (503362728 128363770)
465,533936,2,VB1022,1904,0,0,0,0,503513910,128328744,503511622,128326241,,,,,,7-31-181-410-38490674,POINT (503511622 128326241)
466,533936,2,VB1032,1677,0,0,0,0,503538000,128394604,503535706,128392106,,,,,,7-31-181-410-38490657,POINT (503535706 128392106)
