,meshcode,tnodeno,snodeno,enodeno,ysnodeno,yenodeno,passageno,geometry
0,533936,110,98,110,113,4803,0,
1,533936,110,98,110,113,6715,0,
2,533936,110,6734,110,113,4803,5682,
3,533936,111,5290,6553,111,538,0,
4,533936,111,5290,6553,111,5973,0,
5,533936,111,6400,6553,111,5973,6663,
6,533936,114,3848,114,3923,3915,0,
7,533936,115,404,115,5956,4267,6396,
8,533936,115,4777,115,5956,4267,0,
9,533936,115,4777,115,5956,5730,0,
10,533936,116,130,116,224,5968,5752,
11,533936,116,4412,116,224,129,0,
12,533936,116,4412,116,224,5968,0,
13,533936,118,117,118,3573,3572,0,
14,533936,118,341,118,2064,2063,0,
15,533936,118,341,118,2064,5591,0,
16,533936,118,5849,2064,118,341,0,
17,533936,118,5849,2064,118,5846,0,
18,533936,119,327,119,6186,2064,0,
19,533936,119,5846,6478,119,422,0,
20,533936,119,5846,6478,119,3630,0,
21,533936,119,5848,6186,119,422,0,
22,533936,119,5848,6186,6478,6427,0,
23,533936,120,1380,120,121,2413,4879,
24,533936,120,1381,120,121,1379,0,
25,533936,120,1381,120,121,2413,0,
26,533936,120,1417,121,120,1381,4879,
27,533936,120,2413,121,120,1381,0,
28,533936,120,2413,121,120,2646,0,
29,533936,123,3974,3616,123,5101,5123,
30,533936,123,3974,3616,123,5408,5123,
31,533936,123,5106,5123,123,5408,5151,
32,533936,123,5115,5123,3616,3974,5160,
33,533936,123,5408,123,3616,3974,5123,
34,533936,123,5408,123,3616,4869,5123,
35,533936,126,5167,126,3517,3957,0,
36,533936,126,5167,126,3517,4816,0,
37,533936,129,224,129,130,4981,5970,
38,533936,129,533,129,130,116,0,
39,533936,129,533,129,130,4981,0,
40,533936,138,2547,138,5853,2094,0,
41,533936,138,2547,138,5853,6052,0,
42,533936,138,2881,138,5853,2094,6525,
43,533936,138,5855,5853,138,2547,6525,
44,533936,140,137,140,5596,5597,0,
45,533936,140,137,140,5856,4782,0,
46,533936,140,139,5855,140,2116,0,
47,533936,140,139,5855,5856,4782,0,
48,533936,140,5857,5856,5596,5597,0,
49,533936,140,5857,5856,5855,5853,0,
50,533936,140,6480,5596,140,2116,0,
51,533936,140,6480,5596,5855,5853,0,
52,533936,141,2126,141,6300,2301,0,
53,533936,143,2908,143,6286,2109,6562,
54,533936,145,2172,145,6355,5144,6518,
55,533936,145,5144,6355,145,2175,0,
56,533936,145,5144,6355,145,4887,0,
57,533936,145,5823,6355,145,2175,6518,
58,533936,154,5371,5377,154,597,0,
59,533936,155,5336,5329,155,215,0,
60,533936,159,158,159,5379,160,5392,
61,533936,159,160,5379,159,155,0,
62,533936,159,160,5379,159,5803,0,
63,533936,159,5329,159,5379,160,0,
64,533936,159,5329,159,5379,5373,0,
65,533936,159,5368,5379,159,155,5392,
66,533936,164,248,165,164,3823,0,
67,533936,164,248,165,6015,5180,164,
68,533936,164,248,165,6163,3118,0,
69,533936,164,3118,165,164,3823,0,
70,533936,164,3118,165,6015,5180,164,
71,533936,164,5180,6015,164,3823,0,
72,533936,164,5180,6015,165,248,6163,
73,533936,164,5180,6015,6163,3118,0,
74,533936,164,5806,6015,165,248,6163,
75,533936,164,5806,6015,6163,3118,0,
76,533936,171,405,171,6503,6123,0,
77,533936,171,5751,6503,171,405,0,
78,533936,173,3537,3723,173,5767,0,
79,533936,173,5767,173,3723,4530,0,
80,533936,177,131,177,762,2981,0,
81,533936,177,5064,762,177,131,0,
82,533936,178,179,5371,178,5319,0,
83,533936,178,179,5371,5797,312,0,
84,533936,178,441,178,5797,312,0,
85,533936,178,441,178,6011,6159,0,
86,533936,178,5796,6011,178,5319,0,
87,533936,178,5796,6011,5371,5377,0,
88,533936,178,6466,5797,5371,5377,0,
89,533936,178,6466,5797,6011,6159,0,
90,533936,179,598,6159,179,5371,0,
91,533936,179,4931,179,6159,598,0,
92,533936,181,2508,181,5793,180,0,
93,533936,181,2508,181,6007,6344,0,
94,533936,181,4166,5794,181,490,0,
95,533936,181,4166,5794,5793,180,0,
96,533936,181,6032,5793,5794,6172,0,
97,533936,181,6032,5793,6007,6344,0,
98,533936,181,6347,6007,181,490,0,
99,533936,181,6347,6007,5794,6172,0,
100,533936,186,774,186,5595,2093,0,
101,533936,186,774,186,5595,6189,0,
102,533936,187,322,6189,187,623,0,
103,533936,191,5583,191,6638,3335,6668,
104,533936,191,6520,6638,191,5370,6668,
105,533936,203,4342,203,6370,5443,6569,
106,533936,203,5443,6370,203,491,0,
107,533936,203,5443,6370,203,1609,0,
108,533936,203,5860,6370,203,1609,6569,
109,533936,225,3702,3793,225,260,0,
110,533936,246,4468,3579,246,245,4764,
111,533936,246,5222,246,3579,3814,4764,
112,533936,261,2340,261,5994,5387,6150,
113,533936,261,5387,5994,261,4990,0,
114,533936,261,5387,5994,261,5750,0,
115,533936,261,5995,5994,261,5750,6150,
116,533936,266,267,266,6128,5047,0,
117,533936,266,267,266,6128,5751,0,
118,533936,266,4200,266,6128,5047,6255,
119,533936,266,5967,6128,266,267,6255,
120,533936,273,115,273,6123,4268,6453,
121,533936,273,274,273,6123,4268,0,
122,533936,273,274,273,6123,6249,0,
123,533936,273,4268,6123,273,171,0,
124,533936,273,4268,6123,273,274,0,
125,533936,273,6503,6123,273,274,6453,
126,533936,314,312,314,5360,1617,5389,
127,533936,314,5354,5360,314,315,5389,
128,533936,332,185,5399,5256,5116,5402,
129,533936,332,1785,332,5399,185,0,
130,533936,332,1785,332,5399,4378,0,
131,533936,332,1786,5256,5399,185,332,
132,533936,332,1786,5256,5399,4378,332,
133,533936,332,5125,5402,5256,5116,0,
134,533936,332,5125,5402,5399,185,0,
135,533936,336,5307,336,6524,337,6722,
136,533936,336,6428,6524,336,1892,6722,
137,533936,338,339,6605,338,646,0,
138,533936,338,339,6605,338,2066,0,
139,533936,338,647,338,6605,339,6762,
140,533936,338,6364,6605,338,2066,6762,
141,533936,358,3781,358,6083,6620,6445,
142,533936,358,3782,5667,6083,5670,0,
143,533936,358,4207,358,5667,3780,0,
144,533936,358,4207,358,6083,5670,0,
145,533936,358,5670,6083,358,5909,0,
146,533936,358,6686,6083,358,5909,0,
147,533936,361,3511,5185,361,5635,0,
148,533936,361,3511,5185,5876,2390,0,
149,533936,361,5491,361,5185,3511,0,
150,533936,361,5491,361,5876,2390,0,
151,533936,361,5510,5185,361,5635,0,
152,533936,361,5877,5876,5185,3511,0,
153,533936,361,5877,5876,5185,5465,0,
154,533936,369,2013,3618,369,370,4867,
155,533936,369,2013,3618,369,4559,4867,
156,533936,369,4559,369,3618,2013,4867,
157,533936,369,4559,369,3618,5791,4867,
158,533936,369,5079,4867,369,4559,5090,
159,533936,369,5083,4867,3618,2013,5097,
160,533936,371,5088,5095,371,5406,5131,
161,533936,372,344,3613,372,373,0,
162,533936,372,344,3613,372,5413,0,
163,533936,372,374,372,3613,344,4852,
164,533936,372,3614,3613,372,5413,4852,
165,533936,374,1341,3612,374,372,5946,
166,533936,374,1341,3612,374,5717,5946,
167,533936,374,5024,374,3612,1341,6113,
168,533936,374,5024,374,3612,1341,5946,
169,533936,374,5024,374,3612,1341,6240,
170,533936,374,5038,3612,374,5717,6240,
171,533936,374,5038,3612,374,5717,5946,
172,533936,374,5038,3612,374,5717,6113,
173,533936,374,5717,374,3612,1341,5946,
174,533936,374,5717,374,3612,3611,5946,
175,533936,374,5718,5946,374,372,0,
176,533936,374,5718,5946,3612,1341,6240,
177,533936,378,215,378,5382,525,0,
178,533936,378,215,378,5382,5781,0,
179,533936,378,377,378,5382,525,5395,
180,533936,378,525,5382,378,215,0,
181,533936,378,525,5382,378,1454,0,
182,533936,378,5375,5382,378,215,5395,
183,533936,392,2404,392,732,730,0,
184,533936,392,2404,392,732,5220,0,
185,533936,392,5220,732,392,2404,0,
186,533936,397,2160,614,397,396,0,
187,533936,397,2160,614,397,2958,0,
188,533936,399,398,399,401,615,0,
189,533936,399,615,401,399,610,0,
190,533936,399,615,401,399,780,0,
191,533936,404,5035,5730,404,115,0,
192,533936,404,5035,5730,404,4771,0,
193,533936,404,5956,5730,404,4771,6332,
194,533936,419,2528,419,2843,2844,6738,
195,533936,421,420,421,2052,2053,3972,
196,533936,421,2053,2052,421,2566,0,
197,533936,421,2053,2052,421,2722,0,
198,533936,421,2566,421,2052,2048,0,
199,533936,421,2566,421,2052,2053,0,
200,533936,421,2723,2052,421,2566,3972,
201,533936,427,2533,5843,427,1890,0,
202,533936,427,2533,5843,427,4596,0,
203,533936,427,4593,427,5843,2533,6603,
204,533936,427,4596,427,5843,2533,0,
205,533936,427,4596,427,5843,5586,0,
206,533936,427,6182,5843,427,4596,6603,
207,533936,432,2504,432,6369,2132,6673,
208,533936,442,173,442,3537,4724,4783,
209,533936,442,173,442,3537,6820,4783,
210,533936,442,3494,442,3537,3723,0,
211,533936,442,3494,442,3537,4724,0,
212,533936,442,3494,442,3537,6820,0,
213,533936,442,4725,3537,442,3494,4783,
214,533936,455,456,6359,455,1106,0,
215,533936,455,456,6359,455,3370,0,
216,533936,455,1106,455,6359,456,0,
217,533936,455,1106,455,6359,6179,0,
218,533936,455,3414,455,6359,456,6422,
219,533936,455,6180,6359,455,1106,6422,
220,533936,460,459,460,461,3685,0,
221,533936,460,459,460,461,4274,0,
222,533936,460,466,461,460,459,4793,
223,533936,460,4274,461,460,459,0,
224,533936,460,4274,461,460,3238,0,
225,533936,460,5415,460,461,4274,4793,
226,533936,466,460,3238,466,470,4789,
227,533936,466,467,466,3238,3243,4789,
228,533936,498,499,498,2934,6038,0,
229,533936,498,499,498,2934,6176,0,
230,533936,498,2981,498,2934,6038,4822,
231,533936,498,5281,2934,498,499,4822,
232,533936,498,6038,2934,498,499,0,
233,533936,498,6038,2934,498,1500,0,
234,533936,509,510,509,2959,4316,0,
235,533936,509,510,509,2959,6037,0,
236,533936,509,2954,2959,509,510,4815,
237,533936,509,4265,2959,509,510,0,
238,533936,509,4265,2959,509,522,0,
239,533936,509,5295,509,2959,4316,4815,
240,533936,517,518,517,2951,1494,0,
241,533936,517,518,517,2951,3443,0,
242,533936,517,1494,2951,517,518,0,
243,533936,517,1494,2951,517,5233,0,
244,533936,517,2978,517,2951,1494,4798,
245,533936,517,5227,2951,517,518,4798,
246,533936,522,509,522,2954,1483,4810,
247,533936,522,523,522,2954,1483,0,
248,533936,522,523,522,2954,2959,0,
249,533936,522,1483,2954,522,523,0,
250,533936,522,1483,2954,522,2978,0,
251,533936,522,3750,2954,522,523,4810,
252,533936,529,532,529,885,5239,4307,
253,533936,531,5209,3714,531,3177,0,
254,533936,532,406,532,3459,4808,4772,
255,533936,532,4307,3459,532,573,4772,
256,533936,532,4808,3459,532,529,0,
257,533936,532,4808,3459,532,573,0,
258,533936,538,111,538,6400,5298,6629,
259,533936,538,6134,538,6400,5298,0,
260,533936,538,6134,538,6400,6553,0,
261,533936,539,540,6135,539,5755,6695,
262,533936,539,549,6135,539,5736,0,
263,533936,539,549,6135,539,5755,0,
264,533936,539,5755,539,6135,549,0,
265,533936,539,5755,539,6135,6508,0,
266,533936,539,6258,539,6135,549,6695,
267,533936,607,5774,5348,607,609,5776,
268,533936,648,649,648,6672,340,6751,
269,533936,648,769,648,6672,340,0,
270,533936,648,6296,6672,648,769,6751,
271,533936,650,1890,650,5307,336,0,
272,533936,650,1890,650,6566,5231,0,
273,533936,650,2766,6047,650,651,0,
274,533936,650,2766,6047,5307,336,0,
275,533936,650,5241,5307,6047,6424,0,
276,533936,650,5241,5307,6566,5231,0,
277,533936,650,6365,6566,650,651,0,
278,533936,650,6365,6566,6047,6424,0,
279,533936,653,1787,653,5272,4379,0,
280,533936,653,1787,653,5272,5145,0,
281,533936,653,4378,653,5272,4379,5109,
282,533936,653,4379,5272,653,1787,0,
283,533936,653,4379,5272,653,1788,0,
284,533936,653,5153,5272,653,1787,5109,
285,533936,685,1912,686,685,2601,3887,
286,533936,685,1925,686,685,2027,0,
287,533936,685,1925,686,685,2601,0,
288,533936,685,2601,685,686,1925,0,
289,533936,685,2601,685,686,2808,0,
290,533936,690,342,690,2425,1358,0,
291,533936,690,1358,2425,690,342,0,
292,533936,690,1358,2425,690,2448,0,
293,533936,690,2448,690,2425,1358,0,
294,533936,701,700,3609,701,788,0,
295,533936,701,700,3609,701,5414,0,
296,533936,701,743,701,3609,700,4011,
297,533936,701,790,3609,701,5414,4011,
298,533936,703,691,707,3514,3731,703,
299,533936,703,691,707,3514,3844,703,
300,533936,703,3731,3514,707,691,703,
301,533936,703,4507,703,707,691,0,
302,533936,709,710,709,5921,6449,0,
303,533936,709,720,709,5921,6449,0,
304,533936,709,720,709,6500,5681,0,
305,533936,710,711,710,5681,6733,0,
306,533936,710,721,710,5681,6733,0,
307,533936,710,721,710,6221,6091,0,
308,533936,711,712,711,6091,6714,0,
309,533936,712,713,6586,712,711,0,
310,533936,712,723,712,5911,6688,0,
311,533936,712,723,712,6622,5900,0,
312,533936,712,6497,5911,6586,723,0,
313,533936,712,6497,5911,6622,5900,0,
314,533936,712,6655,6622,712,711,0,
315,533936,712,6655,6622,6586,723,0,
316,533936,713,714,713,5900,6085,0,
317,533936,713,6085,5671,713,6586,0,
318,533936,714,723,714,6385,6218,0,
319,533936,714,723,714,6385,6712,0,
320,533936,714,4843,714,6385,6218,6495,
321,533936,714,5671,6385,714,723,6495,
322,533936,714,6218,6385,714,713,0,
323,533936,714,6218,6385,714,723,0,
324,533936,719,718,719,6655,6622,0,
325,533936,719,5911,6688,719,3806,0,
326,533936,719,5911,6688,719,6085,0,
327,533936,736,360,6201,736,739,6435,
328,533936,736,739,736,6201,820,0,
329,533936,736,820,6201,736,360,0,
330,533936,736,820,6201,736,739,0,
331,533936,736,6064,736,6201,820,6435,
332,533936,741,1337,3610,741,5215,0,
333,533936,741,1337,3610,741,5718,0,
334,533936,741,5215,741,3610,790,0,
335,533936,741,5215,741,3610,1337,0,
336,533936,742,3829,3603,742,2431,0,
337,533936,742,3829,3603,742,5929,0,
338,533936,743,4835,743,3607,5699,0,
339,533936,743,5699,3607,743,701,0,
340,533936,745,1332,745,3606,4255,0,
341,533936,745,1332,745,3606,5094,0,
342,533936,745,4255,3606,745,744,0,
343,533936,745,4255,3606,745,1332,0,
344,533936,764,4551,765,764,5478,0,
345,533936,764,4551,765,764,6677,0,
346,533936,764,5478,764,765,4551,0,
347,533936,764,5478,764,765,6200,0,
348,533936,764,6305,764,765,4551,5634,
349,533936,764,6676,765,764,5478,5634,
350,533936,1063,1064,5839,1063,1121,0,
351,533936,1063,1064,5839,1063,3338,0,
352,533936,1063,1151,1063,5839,1064,6421,
353,533936,1063,6041,5839,1063,1121,6421,
354,533936,1282,1286,1282,6291,1283,6474,
355,533936,1282,6042,6291,1282,3355,6474,
356,533936,1387,3817,2416,1388,1382,2415,
357,533936,1387,5438,1387,2416,41,0,
358,533936,1403,4386,1404,1403,2450,0,
359,533936,1431,2692,1431,2614,755,4563,
360,533936,1431,5768,2614,1431,1432,4563,
361,533936,1436,1370,1436,5739,1439,0,
362,533936,1436,1439,5739,1436,1370,0,
363,533936,1436,1439,5739,1436,5122,0,
364,533936,1511,3718,3717,1511,4109,0,
365,533936,1714,1715,1714,6482,5602,0,
366,533936,1714,5603,6482,1714,1715,0,
367,533936,1898,1895,1898,6428,2831,6740,
368,533936,1898,1897,1898,6428,2831,0,
369,533936,1898,1897,1898,6428,6524,0,
370,533936,2010,2856,6630,6509,2855,0,
371,533936,2010,2856,6630,6509,3973,0,
372,533936,2010,6002,2010,6403,4396,4874,
373,533936,2010,6002,2010,6403,4396,2276,
374,533936,2010,6002,2010,6403,4396,6460,
375,533936,2010,6141,2276,6509,2855,4874,
376,533936,2010,6141,2276,6509,2855,2010,
377,533936,2010,6141,2276,6509,2855,6664,
378,533936,2010,6141,2276,6509,2855,6630,
379,533936,2010,6141,2276,6509,3973,4874,
380,533936,2010,6141,2276,6509,3973,2010,
381,533936,2010,6141,2276,6509,3973,6664,
382,533936,2010,6141,2276,6509,3973,6630,
383,533936,2098,2096,2098,6049,5850,0,
384,533936,2242,2236,2242,4774,4158,0,
385,533936,2242,2236,2242,4774,5257,0,
386,533936,2242,3220,2242,4774,4158,4796,
387,533936,2242,4158,4774,2242,2236,0,
388,533936,2242,4158,4774,2242,4767,0,
389,533936,2242,5325,4774,2242,2236,4796,
390,533936,2266,2267,5583,2266,1151,0,
391,533936,2266,2267,5583,2266,3291,0,
392,533936,2266,3291,2266,5583,191,0,
393,533936,2266,3291,2266,5583,2267,0,
394,533936,2266,6290,5583,2266,3291,6358,
395,533936,2266,6601,2266,5583,2267,6358,
396,533936,2294,2293,6665,6633,6166,0,
397,533936,2294,2293,6665,6696,6023,0,
398,533936,2294,2498,2294,6665,2497,0,
399,533936,2294,2498,2294,6696,6023,0,
400,533936,2294,2873,6696,2294,6514,0,
401,533936,2294,2873,6696,6633,6166,0,
402,533936,2294,6279,6633,2294,6514,0,
403,533936,2294,6279,6633,6665,2497,0,
404,533936,2340,266,2340,5967,5137,6335,
405,533936,2340,5994,5967,2340,2339,6335,
406,533936,2342,585,5322,2342,1443,0,
407,533936,2342,585,5322,2342,5723,0,
408,533936,2342,1443,2342,5322,585,0,
409,533936,2342,1443,2342,5322,5355,0,
410,533936,2342,5343,2342,5322,585,5533,
411,533936,2342,5951,5322,2342,1443,5533,
412,533936,2391,360,2391,5150,2357,0,
413,533936,2391,360,2391,5150,5177,0,
414,533936,2391,820,2391,5150,2357,5226,
415,533936,2391,5621,5150,2391,360,5226,
416,533936,2405,5649,5214,2405,2348,0,
417,533936,2423,4387,2424,2423,1371,0,
418,533936,2480,564,2480,3577,2481,0,
419,533936,2480,564,2480,3577,5760,0,
420,533936,2480,567,2480,3577,2481,4778,
421,533936,2480,5204,3577,2480,564,4778,
422,533936,2506,6607,6481,2506,2539,6643,
423,533936,2507,2671,6172,2507,1675,0,
424,533936,2507,2671,6172,2507,5822,0,
425,533936,2514,1638,6408,2514,2667,0,
426,533936,2514,1638,6408,2514,4943,0,
427,533936,2514,2666,2514,6408,1638,6463,
428,533936,2514,4943,2514,6408,1638,0,
429,533936,2514,4943,2514,6408,6274,0,
430,533936,2514,6513,6408,2514,4943,6463,
431,533936,2555,4934,2555,6354,5436,0,
432,533936,2555,4934,2555,6354,6283,0,
433,533936,2555,5436,6354,2555,3453,0,
434,533936,2555,5436,6354,2555,4934,0,
435,533936,2555,5850,6354,2555,4934,6470,
436,533936,2555,6353,2555,6354,5436,6470,
437,533936,2558,1799,2558,5284,3738,5117,
438,533936,2558,5176,5284,2558,1802,5117,
439,533936,2573,1869,2573,5292,1998,5140,
440,533936,2573,5314,5292,2573,2572,5140,
441,533936,2691,1776,2691,2692,1431,0,
442,533936,2691,1776,2691,2692,2015,0,
443,533936,2698,2697,2698,2699,2700,0,
444,533936,2698,2697,2698,2699,2862,0,
445,533936,2926,3106,2926,6033,3023,6739,
446,533936,2932,6301,6057,2932,3087,6527,
447,533936,2962,2961,2962,3716,3712,0,
448,533936,2962,3717,3716,2962,1519,0,
449,533936,2977,522,2978,2977,2976,4804,
450,533936,2977,3443,2977,2978,1496,4804,
451,533936,2981,6176,3713,2981,4023,0,
452,533936,3027,1683,6563,3027,3114,0,
453,533936,3219,5428,3219,3679,6000,0,
454,533936,3372,6669,3372,6639,1249,0,
455,533936,3372,6669,3372,6639,1250,0,
456,533936,3414,3338,3415,3414,455,0,
457,533936,3414,3338,3415,6179,2272,3414,
458,533936,3414,6359,6179,3415,1108,6041,
459,533936,3414,6359,6179,6041,5839,0,
460,533936,3456,3037,3456,3457,3075,0,
461,533936,3456,3037,3456,3457,3527,0,
462,533936,3456,3075,3457,3456,3037,0,
463,533936,3456,3075,3457,3456,3524,0,
464,533936,3456,3524,3457,3456,3037,5600,
465,533936,3456,3526,3456,3457,3075,5600,
466,533936,3463,5680,3463,3604,5678,0,
467,533936,3467,3798,3471,3467,3466,0,
468,533936,3467,3798,3471,3468,6710,3467,
469,533936,3467,6079,3469,3468,6710,0,
470,533936,3467,6079,3469,3471,3798,3467,
471,533936,3467,6491,3470,3468,6710,3467,
472,533936,3467,6491,3470,3471,3798,0,
473,533936,3467,6710,3468,3467,3465,0,
474,533936,3467,6710,3468,3471,3798,3467,
475,533936,3519,3520,3519,3523,3522,4912,
476,533936,3519,4926,3519,3523,3521,0,
477,533936,3519,4926,3519,3523,3522,0,
478,533936,3526,3457,3527,6667,4906,0,
479,533936,3526,3457,3527,6721,5828,0,
480,533936,3526,4901,6721,3526,3456,0,
481,533936,3526,4901,6721,3527,6034,0,
482,533936,3526,5826,3526,3527,6034,0,
483,533936,3526,5826,3526,6667,4906,0,
484,533936,3526,5829,6667,3526,3456,0,
485,533936,3526,5829,6667,6721,5828,0,
486,533936,3529,3531,5366,3529,318,0,
487,533936,3530,3583,5801,5033,4915,3530,
488,533936,3530,4779,5350,3530,5337,0,
489,533936,3530,4779,5350,5356,3583,0,
490,533936,3530,4779,5350,5356,3585,0,
491,533936,3530,5454,5025,5033,4915,0,
492,533936,3530,5454,5025,5356,3583,3530,
493,533936,3530,5454,5025,5356,3585,3530,
494,533936,3532,309,3535,3532,3531,0,
495,533936,3532,309,3535,3532,5800,0,
496,533936,3532,3534,3535,3532,5800,5330,
497,533936,3532,5800,3532,3535,3536,0,
498,533936,3533,3020,3536,3533,3532,0,
499,533936,3533,4915,3533,3536,3020,0,
500,533936,3565,3905,3904,3565,3929,3945,
501,533936,3565,3905,3904,3565,3929,3926,
502,533936,3565,3905,3904,3926,4965,3945,
503,533936,3565,3933,3565,3903,3905,3947,
504,533936,3565,3933,3565,3904,4243,3947,
505,533936,3565,3933,3565,3904,4243,3903,
506,533936,3565,3944,3926,3565,3929,0,
507,533936,3565,3944,3945,3903,3905,0,
508,533936,3565,3946,3903,3904,4243,0,
509,533936,3565,3946,3947,3926,4965,0,
510,533936,3566,3852,3566,3850,4809,0,
511,533936,3566,3868,3850,3566,3852,0,
512,533936,3570,3568,6299,3570,4617,0,
513,533936,3570,3568,6299,3571,2086,0,
514,533936,3570,4615,3571,6299,6810,0,
515,533936,3570,4615,3571,6429,757,0,
516,533936,3570,4616,3570,3571,2086,0,
517,533936,3570,4616,3570,6429,757,0,
518,533936,3570,6367,6429,3570,4617,0,
519,533936,3570,6367,6429,6299,6810,0,
520,533936,3619,3620,3619,5821,3622,0,
521,533936,3619,3620,3619,6171,4841,0,
522,533936,3619,3984,6030,3619,3621,0,
523,533936,3619,3984,6171,4854,4017,0,
524,533936,3619,5446,4854,3619,3621,0,
525,533936,3619,5446,4854,5821,3622,0,
526,533936,3619,6417,5821,4854,4017,0,
527,533936,3619,6417,5821,6171,4841,6030,
528,533936,3624,3627,3626,3624,3625,0,
529,533936,3624,3629,4921,3626,3628,0,
530,533936,3624,3632,3624,4921,771,0,
531,533936,3624,3632,3624,4921,2552,0,
532,533936,3719,735,5642,5193,5514,0,
533,533936,3719,3720,3719,5642,5491,0,
534,533936,3719,5465,5193,3719,5643,0,
535,533936,3720,734,3720,5200,5207,0,
536,533936,3848,6658,3924,3848,114,0,
537,533936,3855,3856,3855,3869,3861,0,
538,533936,3855,3856,3855,3870,3882,0,
539,533936,3855,4205,3865,3855,5713,0,
540,533936,3855,4205,3865,3869,3861,0,
541,533936,3855,4922,3870,3855,5713,0,
542,533936,3855,4922,3870,3865,4204,0,
543,533936,3855,5562,3869,3865,4204,0,
544,533936,3855,5562,3869,3870,3882,0,
545,533936,3856,3858,3863,3856,3855,0,
546,533936,3856,5939,3856,3863,3858,0,
547,533936,3860,5502,3860,3864,5561,5509,
548,533936,3867,3870,3882,3867,3878,4885,
549,533936,3867,3878,3867,3882,3886,0,
550,533936,3867,3878,3867,3882,5924,0,
551,533936,3867,3880,3867,3882,3886,4885,
552,533936,3867,3886,3882,3867,3878,0,
553,533936,3867,3886,3882,3867,4205,0,
554,533936,3868,3566,3873,3872,4913,0,
555,533936,3868,3566,3873,3890,3946,0,
556,533936,3868,4330,3872,3868,3850,0,
557,533936,3868,4330,3872,3873,5067,0,
558,533936,3868,4909,3868,3873,5067,0,
559,533936,3868,4909,3868,3890,3946,0,
560,533936,3868,4987,3890,3868,3850,0,
561,533936,3868,4987,3890,3872,4913,0,
562,533936,3871,5566,3871,5564,5558,0,
563,533936,3871,5713,5564,3871,5566,0,
564,533936,3874,3483,3874,3906,3907,0,
565,533936,3874,3483,3874,3906,4350,0,
566,533936,3874,3907,3906,3874,3483,0,
567,533936,3874,3907,3906,3874,3920,0,
568,533936,3874,4349,3874,3906,3907,4840,
569,533936,3875,4797,3875,3876,4975,0,
570,533936,3875,4797,3875,3877,3913,0,
571,533936,3875,4821,3877,3876,4975,0,
572,533936,3875,4821,3877,3876,4982,0,
573,533936,3875,4975,3876,3875,4827,0,
574,533936,3875,4975,3876,3877,3913,0,
575,533936,3875,4994,3876,3875,4827,0,
576,533936,3912,3916,3912,3913,5096,6092,
577,533936,3912,5124,3912,3913,3917,0,
578,533936,3912,5124,3912,3913,5096,0,
579,533936,3916,3913,3917,3916,5107,6223,
580,533936,3916,5089,3917,3916,3912,0,
581,533936,3916,5089,3917,3916,5107,0,
582,533936,3918,3874,3920,3918,4988,0,
583,533936,3925,4905,3925,3927,3935,0,
584,533936,3932,3930,3933,3932,3937,4908,
585,533936,3932,3937,3932,3933,3565,0,
586,533936,3932,3937,3932,3933,4933,0,
587,533936,3932,4933,3933,3932,3931,0,
588,533936,3932,4933,3933,3932,3937,0,
589,533936,3935,3927,3935,3936,4399,4904,
590,533936,3935,3931,3936,3935,4330,4904,
591,533936,3935,4330,3935,3936,3928,0,
592,533936,3935,4330,3935,3936,4399,0,
593,533936,3950,307,3952,3950,3948,0,
594,533936,3950,3662,3950,3952,3953,0,
595,533936,3968,3970,3969,3968,3862,0,
596,533936,3968,5259,3968,3969,3970,0,
597,533936,4014,4898,4015,4014,4960,0,
598,533936,4014,4960,4014,4015,3942,0,
599,533936,4351,4345,4357,4353,4349,4352,
600,533936,4351,4345,4357,4354,4792,4352,
601,533936,4351,4350,4351,4352,4358,0,
602,533936,4351,4788,4353,4351,5034,0,
603,533936,4351,5163,4354,4351,5034,0,
604,533936,4351,5163,4354,4353,4349,0,
605,533936,4781,5258,5074,4781,5837,0,
606,533936,4786,4952,6599,4786,6351,0,
607,533936,4786,4952,6599,6560,4799,0,
608,533936,4786,6468,6560,6599,5186,0,
609,533936,4807,155,4807,5336,5520,5548,
610,533936,4807,4184,4807,5336,5329,0,
611,533936,4807,4184,4807,5336,5520,0,
612,533936,4807,5384,5336,4807,4184,5548,
613,533936,4807,5520,5336,4807,4184,0,
614,533936,4807,5520,5336,4807,4818,0,
615,533936,5263,5748,5315,5263,6334,0,
616,533936,5263,5748,5315,5340,6506,0,
617,533936,5263,5965,5309,5263,6334,0,
618,533936,5263,5965,5309,5315,5777,0,
619,533936,5263,5992,5263,5309,5572,0,
620,533936,5263,5992,5263,5340,6506,0,
621,533936,5263,6552,5340,5309,5572,0,
622,533936,5263,6552,5340,5315,5777,0,
623,533936,5306,5362,5368,5306,5520,5530,
624,533936,5306,5400,5368,5306,161,0,
625,533936,5306,5400,5368,5306,5520,0,
626,533936,5306,5520,5306,5368,5379,0,
627,533936,5306,5520,5306,5368,5400,0,
628,533936,5306,5529,5306,5368,5400,5530,
629,533936,5372,5481,5374,5372,5557,5524,
630,533936,5452,269,5453,5452,4225,0,
631,533936,5452,269,5453,5452,5528,0,
632,533936,5452,4225,5452,5453,269,0,
633,533936,5452,4225,5452,5453,6120,0,
634,533936,5452,5519,5453,5452,4225,5728,
635,533936,5452,6246,5452,5453,269,5728,
636,533936,5454,5337,5506,5454,5484,5521,
637,533936,5454,5398,5506,5454,5025,0,
638,533936,5454,5398,5506,5454,5484,0,
639,533936,5454,5470,5454,5506,5398,5521,
640,533936,5454,5484,5454,5506,5362,0,
641,533936,5454,5484,5454,5506,5398,0,
642,533936,5464,5490,5746,5464,6126,0,
643,533936,5464,5964,5746,5464,6126,0,
644,533936,5464,5964,5746,5963,5747,0,
645,533936,5464,6242,5963,5746,5745,0,
646,533936,5464,6242,5963,5746,5964,0,
647,533936,5464,6252,5464,5746,5964,0,
648,533936,5464,6252,5464,5963,5747,0,
649,533936,5537,5570,5537,5541,5954,5712,
650,533936,5553,5568,5553,5558,6236,5940,
651,533936,5585,1282,5585,6042,2255,0,
652,533936,5585,5584,6042,5585,1216,0,
653,533936,5686,276,5686,5913,590,0,
654,533936,5686,276,5686,5913,6093,0,
655,533936,5686,590,5913,5686,276,0,
656,533936,5686,590,5913,5686,6225,0,
657,533936,5686,5685,5913,5686,276,0,
658,533936,5686,5914,5686,5913,590,0,
659,533936,5688,6096,5688,5916,6621,0,
660,533936,5688,6227,5916,5688,6096,0,
661,533936,5695,2466,6101,5695,4907,0,
662,533936,5695,2466,6101,5924,5694,0,
663,533936,5695,3882,5924,5695,4907,0,
664,533936,5695,3882,5924,6101,2466,0,
665,533936,5695,4206,6101,5924,5694,0,
666,533936,5695,6094,5695,6101,2466,0,
667,533936,5695,6094,5695,6101,3880,0,
668,533936,5706,4400,5935,5706,5707,0,
669,533936,5706,5707,5706,5935,6105,0,
670,533936,5715,6112,6329,5715,6693,0,
671,533936,5721,6394,5948,5721,5719,0,
672,533936,5725,268,5951,5725,5567,0,
673,533936,5725,268,5951,5725,5724,0,
674,533936,5725,5565,5951,5725,5724,6119,
675,533936,5725,5723,5725,5951,268,6119,
676,533936,5725,5724,5725,5951,268,0,
677,533936,5725,5724,5725,5951,5322,0,
678,533936,5777,4812,5992,5777,5748,5779,
679,533936,5777,5315,5777,5992,5749,5779,
680,533936,5777,5748,5777,5992,5263,0,
681,533936,5777,5748,5777,5992,5749,0,
682,533936,5777,5749,5992,5777,5508,0,
683,533936,5777,5749,5992,5777,5748,0,
684,533936,5816,6280,6558,6024,5849,0,
685,533936,5816,6515,6024,5816,6167,0,
686,533936,5818,6414,6666,5818,6779,0,
687,533936,5818,6414,6666,6697,6468,0,
688,533936,5818,6597,6697,5818,6779,0,
689,533936,5818,6597,6697,6515,6024,0,
690,533936,5818,6749,6515,6666,6634,0,
691,533936,5818,6749,6515,6697,6468,0,
692,533936,5818,6774,5818,6515,6024,0,
693,533936,5818,6774,5818,6666,6634,0,
694,533936,5902,280,5903,5902,592,0,
695,533936,5902,280,5903,5902,6087,0,
696,533936,5902,592,5902,5903,280,0,
697,533936,5902,592,5902,5903,5914,0,
698,533936,5902,5673,5902,5903,280,0,
699,533936,5902,5674,5903,5902,592,0,
700,533936,5914,278,5914,6224,591,0,
701,533936,5914,278,5914,6224,5673,0,
702,533936,5914,591,6224,5914,278,0,
703,533936,5914,591,6224,5914,5686,0,
704,533936,5914,5903,5914,6224,591,0,
705,533936,5914,6093,6224,5914,278,0,
706,533936,5926,6450,6103,5926,6660,0,
707,533936,5926,6660,5926,6103,6391,0,
708,533936,5965,5340,6506,5965,6253,0,
709,533936,5965,6127,5965,6506,6551,0,
710,533936,5965,6253,5965,6506,6399,0,
711,533936,5965,6253,5965,6506,6551,0,
712,533936,5965,6551,6506,5965,5309,0,
713,533936,6064,5635,6306,6064,736,0,
714,533936,6064,5882,6064,6374,5877,0,
715,533936,6064,6201,6374,6306,6069,0,
716,533936,6098,5919,6098,6228,3604,6499,
717,533936,6098,6448,6499,6098,5919,0,
718,533936,6120,268,6120,6246,5452,0,
719,533936,6120,268,6120,6246,6331,0,
720,533936,6120,5453,6120,6246,6331,6395,
721,533936,6120,5949,6246,6120,268,6395,
722,533936,6120,6331,6246,6120,268,0,
723,533936,6120,6331,6246,6120,6243,0,
724,533936,6125,5234,6333,6125,6397,0,
725,533936,6125,6397,6125,6333,5958,0,
726,533936,6127,5745,6127,6399,6456,6593,
727,533936,6127,6253,6127,6399,3816,0,
728,533936,6127,6253,6127,6399,6456,0,
729,533936,6127,6456,6399,6127,5965,0,
730,533936,6127,6506,6399,6127,6253,6593,
731,533936,6232,5927,6501,6232,6326,6547,
732,533936,6283,2535,6353,6283,6284,0,
733,533936,6360,2733,6423,6360,5206,0,
734,533936,6360,2733,6423,6360,6521,0,
735,533936,6360,2787,6423,6360,6521,6640,
736,533936,6360,5300,6360,6423,2733,6640,
737,533936,6360,6521,6360,6423,2733,0,
738,533936,6360,6521,6360,6423,3795,0,
739,533936,6485,6436,6530,6784,6752,0,
740,533936,6485,6436,6530,6784,6775,0,
741,533936,6485,6741,6530,6784,6752,6791,
742,533936,6485,6752,6784,6485,6202,6530,
743,533936,6485,6752,6784,6530,6436,0,
744,533936,6485,6780,6784,6530,6436,6791,
745,533936,6535,6489,6786,6782,6577,0,
746,533936,6535,6489,6786,6782,6612,0,
747,533936,6535,6612,6782,6786,6489,0,
748,533936,6535,6612,6782,6786,6794,0,
749,533936,6535,6613,6786,6782,6612,6535,
750,533936,6535,6790,6782,6786,6489,6535,
751,533936,6585,5916,6621,6585,6732,0,
752,533936,6585,6732,6585,6621,6496,0,
753,533936,6587,6545,6587,6624,3783,0,
754,533936,6587,6545,6587,6624,6657,0,
755,533936,6587,6545,6587,6624,6734,0,
756,533936,6587,6715,6587,6624,3783,6690,
