order,polyline,lane,width,length,oneway_code,is_highway,elevation,roadType,speed
OE,"[34.3564439, 132.5005686, 34.3565153, 132.5002253, 34.3565558, 132.5000956, 34.3566017, 132.4998667, 34.3566475, 132.4995922, 34.3566831, 132.4992411, 34.3566931, 132.4990808, 34.3567033, 132.4986003, 34.3567033, 132.4981731, 34.3567186, 132.4979822, 34.3567492, 132.4977306, 34.356795, 132.4974789]",1,4.0,288,1,True,"[[34.3564436, 132.5005747, 32.005], [34.3564539, 132.5005264, 31.947], [34.3564644, 132.5004783, 31.889], [34.3564747, 132.50043, 31.831], [34.3564853, 132.5003819, 31.773], [34.3564956, 132.5003336, 31.716], [34.3565067, 132.5002828, 31.666], [34.3565178, 132.5002317, 31.615], [34.3565297, 132.5001844, 31.56], [34.3565414, 132.5001372, 31.504], [34.3565533, 132.50009, 31.449], [34.3565644, 132.5000358, 31.388], [34.3565756, 132.4999817, 31.327], [34.3565867, 132.4999275, 31.267], [34.3565978, 132.4998733, 31.206], [34.3566067, 132.4998169, 31.151], [34.3566156, 132.4997606, 31.096], [34.3566242, 132.4997044, 31.042], [34.3566331, 132.4996481, 30.987], [34.3566419, 132.4995917, 30.932], [34.3566481, 132.4995339, 30.868], [34.3566539, 132.4994761, 30.803], [34.35666, 132.4994183, 30.739], [34.3566661, 132.4993606, 30.674], [34.3566719, 132.4993028, 30.61], [34.3566781, 132.499245, 30.545], [34.3566808, 132.4991939, 30.46], [34.3566833, 132.4991425, 30.374], [34.3566861, 132.4990914, 30.288], [34.3566872, 132.4990381, 30.175], [34.3566881, 132.4989847, 30.062], [34.3566892, 132.4989311, 29.95], [34.3566903, 132.4988778, 29.837], [34.3566911, 132.4988244, 29.724], [34.3566922, 132.4987711, 29.611], [34.3566933, 132.4987175, 29.498], [34.3566942, 132.4986642, 29.385], [34.3566953, 132.4986108, 29.272], [34.3566958, 132.4985614, 29.164], [34.3566961, 132.4985117, 29.055], [34.3566967, 132.4984622, 28.947], [34.3566969, 132.4984125, 28.838], [34.3566975, 132.4983631, 28.729], [34.3566978, 132.4983133, 28.621], [34.3566983, 132.4982575, 28.486], [34.3566989, 132.4982197, 28.365], [34.3566992, 132.4981817, 28.245], [34.3567019, 132.4981344, 28.053], [34.3567044, 132.4980872, 27.862], [34.3567075, 132.4980358, 27.602], [34.3567103, 132.4979842, 27.342], [34.3567161, 132.4979258, 26.957], [34.3567222, 132.4978672, 26.573], [34.3567281, 132.4978089, 26.188], [34.3567319, 132.4977708, 25.933], [34.3567358, 132.4977325, 25.677], [34.356745, 132.4976839, 25.334], [34.3567542, 132.4976353, 24.991], [34.3567633, 132.4975864, 24.648], [34.3567725, 132.4975378, 24.305], [34.3567817, 132.4974892, 23.962]]",1,40
OE,"[34.3564439, 132.5005686, 34.3565558, 132.5002253, 34.3566475, 132.4998897, 34.3567033, 132.4995922, 34.3567592, 132.4992489, 34.3567694, 132.49918, 34.356795, 132.4988672, 34.3568153, 132.4986461, 34.3568253, 132.4980586, 34.3568306, 132.4974789]",2,7.5,289,1,True,"[[34.3564436, 132.5005747, 32.005], [34.3564597, 132.5005264, 31.962], [34.3564756, 132.5004781, 31.919], [34.3564917, 132.5004297, 31.877], [34.3565075, 132.5003814, 31.834], [34.3565236, 132.5003331, 31.792], [34.3565403, 132.5002833, 31.765], [34.3565569, 132.5002336, 31.739], [34.3565664, 132.5001972, 31.705], [34.3565756, 132.5001608, 31.67], [34.3565894, 132.5001069, 31.637], [34.3566031, 132.5000531, 31.603], [34.3566169, 132.4999992, 31.569], [34.3566314, 132.4999428, 31.524], [34.3566458, 132.4998864, 31.479], [34.3566558, 132.4998322, 31.452], [34.3566661, 132.4997778, 31.426], [34.3566761, 132.4997236, 31.399], [34.3566861, 132.4996692, 31.372], [34.3566931, 132.4996325, 31.342], [34.3566997, 132.4995956, 31.312], [34.3567075, 132.4995483, 31.302], [34.356715, 132.4995011, 31.292], [34.3567244, 132.4994442, 31.242], [34.3567336, 132.4993869, 31.192], [34.3567408, 132.4993419, 31.181], [34.3567483, 132.4992972, 31.169], [34.3567556, 132.4992522, 31.158], [34.3567639, 132.4991872, 31.147], [34.3567689, 132.4991267, 31.127], [34.3567742, 132.4990661, 31.107], [34.3567792, 132.4990056, 31.088], [34.3567831, 132.4989603, 31.09], [34.3567867, 132.498915, 31.093], [34.3567906, 132.4988697, 31.095], [34.356795, 132.4988158, 31.108], [34.3567994, 132.4987619, 31.122], [34.3568039, 132.4987081, 31.135], [34.3568083, 132.4986542, 31.149], [34.3568089, 132.4986, 31.155], [34.3568094, 132.4985458, 31.161], [34.35681, 132.4984917, 31.168], [34.3568108, 132.4984372, 31.174], [34.3568114, 132.4983831, 31.18], [34.3568119, 132.4983289, 31.186], [34.3568125, 132.4982747, 31.193], [34.3568131, 132.4982206, 31.199], [34.3568136, 132.4981664, 31.205], [34.3568142, 132.4981122, 31.212], [34.3568147, 132.4980581, 31.218], [34.3568156, 132.4980036, 31.224], [34.3568161, 132.4979494, 31.23], [34.3568167, 132.4978953, 31.237], [34.3568172, 132.4978411, 31.243], [34.3568181, 132.4977833, 31.21], [34.3568186, 132.4977256, 31.177], [34.3568194, 132.4976658, 31.154], [34.3568203, 132.4976061, 31.131], [34.3568208, 132.4975461, 31.107], [34.3568217, 132.4974864, 31.084]]",1,60
OE,"[34.3568306, 132.4974789, 34.356825, 132.4965108, 34.35682, 132.4955497, 34.3568047, 132.4949697, 34.3567997, 132.4941686, 34.3567947, 132.4933753, 34.3567997, 132.4926506, 34.3568047, 132.4919333]",2,7.5,510,1,True,"[[34.3568322, 132.4974789, 31.084], [34.3568319, 132.4974325, 31.049], [34.3568319, 132.4973847, 31.014], [34.3568319, 132.4973253, 30.961], [34.3568319, 132.4972656, 30.907], [34.3568319, 132.4972039, 30.864], [34.3568319, 132.4971989, 30.861], [34.3568319, 132.4971492, 30.818], [34.3568319, 132.4970994, 30.776], [34.3568319, 132.4970403, 30.736], [34.3568317, 132.4969811, 30.695], [34.3568317, 132.4969219, 30.655], [34.3568317, 132.4968675, 30.629], [34.3568317, 132.4968128, 30.604], [34.3568317, 132.4967583, 30.598], [34.3568317, 132.4967036, 30.592], [34.3568317, 132.4966478, 30.574], [34.3568317, 132.4965922, 30.555], [34.3568317, 132.4965364, 30.537], [34.3568317, 132.4964786, 30.504], [34.3568317, 132.4964206, 30.472], [34.3568317, 132.4963628, 30.439], [34.3568317, 132.4963047, 30.407], [34.3568317, 132.4962469, 30.362], [34.3568317, 132.4961892, 30.317], [34.3568317, 132.4961314, 30.272], [34.3568317, 132.4960789, 30.217], [34.3568317, 132.4960264, 30.163], [34.3568317, 132.4959739, 30.108], [34.3568317, 132.4959214, 30.054], [34.3568317, 132.4958689, 29.999], [34.3568317, 132.4958161, 29.945], [34.3568317, 132.4957636, 29.89], [34.3568317, 132.4957111, 29.836], [34.3568317, 132.4956586, 29.782], [34.3568317, 132.4956061, 29.727], [34.3568317, 132.4955536, 29.673], [34.3568306, 132.4955, 29.612], [34.3568294, 132.4954467, 29.552], [34.3568281, 132.4953931, 29.492], [34.3568269, 132.4953397, 29.432], [34.3568258, 132.4952861, 29.371], [34.3568247, 132.4952311, 29.302], [34.3568236, 132.4951764, 29.233], [34.3568225, 132.4951214, 29.164], [34.3568217, 132.4950731, 29.097], [34.3568206, 132.495025, 29.029], [34.3568197, 132.4949767, 28.961], [34.3568197, 132.4949219, 28.878], [34.3568194, 132.4948669, 28.795], [34.3568194, 132.4948122, 28.712], [34.3568194, 132.4947578, 28.637], [34.3568194, 132.4947033, 28.563], [34.3568194, 132.4946489, 28.488], [34.3568192, 132.4945942, 28.414], [34.3568192, 132.4945397, 28.34], [34.3568192, 132.4944853, 28.265], [34.3568192, 132.4944308, 28.223], [34.3568192, 132.4943761, 28.165], [34.3568192, 132.4943214, 28.108], [34.3568189, 132.4942669, 28.05], [34.3568189, 132.4942122, 27.992], [34.3568189, 132.4941575, 27.935], [34.3568189, 132.4941031, 27.897], [34.3568189, 132.4940483, 27.859], [34.3568189, 132.4939939, 27.82], [34.3568186, 132.4939392, 27.782], [34.3568186, 132.4938847, 27.744], [34.3568186, 132.49383, 27.706], [34.3568186, 132.4937756, 27.668], [34.3568186, 132.4937197, 27.645], [34.3568186, 132.4936636, 27.621], [34.3568183, 132.4936078, 27.598], [34.3568183, 132.4935517, 27.575], [34.3568183, 132.4934958, 27.551], [34.3568183, 132.4934386, 27.546], [34.3568183, 132.4933811, 27.541], [34.3568183, 132.4933236, 27.534], [34.3568183, 132.4932661, 27.527], [34.3568183, 132.4932083, 27.52], [34.3568183, 132.4931508, 27.513], [34.3568183, 132.4930939, 27.527], [34.3568183, 132.4930369, 27.542], [34.3568183, 132.49298, 27.556], [34.3568183, 132.4929228, 27.571], [34.3568183, 132.4928658, 27.585], [34.3568183, 132.4928089, 27.599], [34.3568183, 132.4927519, 27.614], [34.3568183, 132.4926947, 27.652], [34.3568183, 132.4926372, 27.69], [34.3568183, 132.4925797, 27.72], [34.3568183, 132.4925222, 27.75], [34.3568183, 132.4924644, 27.779], [34.3568183, 132.4924069, 27.809], [34.3568183, 132.4923494, 27.839], [34.3568183, 132.4922917, 27.853], [34.3568183, 132.4922339, 27.886], [34.3568183, 132.4921761, 27.919], [34.3568183, 132.4921183, 27.951], [34.3568183, 132.4920606, 27.984], [34.3568183, 132.4920028, 28.005], [34.3568183, 132.491945, 28.027]]",1,60
OE,"[34.3568047, 132.4919333, 34.356815, 132.4909797, 34.356825, 132.4900258, 34.3568403, 132.4890722, 34.3568506, 132.4882103, 34.3568608, 132.4873481, 34.3568708, 132.4864858, 34.3568861, 132.4856161, 34.3569114, 132.4848158, 34.3569317, 132.4840225, 34.3570081, 132.4830917, 34.3570792, 132.4821608, 34.3571708, 132.481375, 34.3572572, 132.4805969, 34.3573589, 132.4797881, 34.357415, 132.4793456]",2,7.5,1161,1,True,"[[34.3568003, 132.4919347, 28.027], [34.3568008, 132.4918786, 28.059], [34.3568011, 132.4918222, 28.091], [34.3568017, 132.4917661, 28.123], [34.3568019, 132.49171, 28.156], [34.3568025, 132.4916539, 28.188], [34.3568031, 132.4915975, 28.22], [34.3568033, 132.4915414, 28.253], [34.3568039, 132.4914853, 28.285], [34.3568042, 132.4914289, 28.317], [34.3568047, 132.4913728, 28.349], [34.3568053, 132.4913167, 28.377], [34.3568056, 132.4912606, 28.405], [34.3568061, 132.4912044, 28.433], [34.3568064, 132.4911481, 28.434], [34.3568069, 132.4910917, 28.469], [34.3568075, 132.4910356, 28.504], [34.3568078, 132.4909792, 28.538], [34.3568083, 132.4909228, 28.573], [34.3568089, 132.4908658, 28.593], [34.3568092, 132.4908092, 28.614], [34.3568097, 132.4907522, 28.634], [34.3568103, 132.4906953, 28.654], [34.3568106, 132.4906386, 28.675], [34.3568111, 132.4905817, 28.695], [34.3568117, 132.4905239, 28.723], [34.3568122, 132.4904661, 28.752], [34.3568125, 132.4904083, 28.78], [34.3568131, 132.4903506, 28.809], [34.3568136, 132.4902947, 28.826], [34.3568139, 132.4902392, 28.844], [34.3568144, 132.4901833, 28.862], [34.3568147, 132.4901275, 28.88], [34.3568153, 132.4900719, 28.907], [34.3568158, 132.4900161, 28.935], [34.3568161, 132.4899606, 28.963], [34.3568167, 132.4899047, 28.991], [34.3568172, 132.4898478, 29.012], [34.3568175, 132.4897911, 29.032], [34.3568181, 132.4897342, 29.052], [34.3568186, 132.4896772, 29.073], [34.3568189, 132.4896206, 29.093], [34.3568194, 132.4895636, 29.113], [34.35682, 132.4895058, 29.141], [34.3568203, 132.4894481, 29.169], [34.3568208, 132.4893903, 29.197], [34.3568214, 132.4893322, 29.226], [34.3568217, 132.4892744, 29.254], [34.3568222, 132.4892167, 29.282], [34.3568228, 132.4891581, 29.29], [34.3568231, 132.4891175, 29.317], [34.3568233, 132.4890767, 29.345], [34.3568239, 132.4890247, 29.364], [34.3568244, 132.4889728, 29.383], [34.3568247, 132.4889208, 29.402], [34.3568253, 132.4888689, 29.421], [34.3568258, 132.4888142, 29.448], [34.3568264, 132.4887597, 29.476], [34.3568269, 132.488705, 29.504], [34.3568275, 132.4886506, 29.531], [34.3568281, 132.4885958, 29.559], [34.3568286, 132.4885411, 29.582], [34.3568292, 132.4884867, 29.604], [34.3568297, 132.4884319, 29.627], [34.3568303, 132.4883772, 29.65], [34.3568308, 132.4883228, 29.672], [34.3568311, 132.4882681, 29.695], [34.3568317, 132.4882136, 29.718], [34.3568322, 132.4881589, 29.74], [34.3568328, 132.4881042, 29.763], [34.3568333, 132.4880497, 29.786], [34.3568339, 132.487995, 29.808], [34.3568344, 132.4879403, 29.829], [34.356835, 132.4878856, 29.849], [34.3568356, 132.4878306, 29.87], [34.3568361, 132.4877758, 29.89], [34.3568367, 132.4877211, 29.911], [34.3568372, 132.4876664, 29.931], [34.3568378, 132.4876114, 29.952], [34.3568383, 132.4875567, 29.972], [34.3568389, 132.4875017, 29.988], [34.3568394, 132.4874464, 30.004], [34.35684, 132.4873914, 30.02], [34.3568406, 132.4873361, 30.047], [34.3568411, 132.4872808, 30.075], [34.3568417, 132.4872256, 30.102], [34.3568422, 132.4871703, 30.13], [34.3568428, 132.4871147, 30.158], [34.3568433, 132.4870594, 30.185], [34.3568439, 132.4870042, 30.213], [34.3568444, 132.4869489, 30.24], [34.356845, 132.4868939, 30.26], [34.3568456, 132.4868389, 30.279], [34.3568461, 132.4867836, 30.299], [34.3568467, 132.4867286, 30.318], [34.3568472, 132.4866736, 30.344], [34.3568478, 132.4866186, 30.369], [34.3568483, 132.4865639, 30.394], [34.3568489, 132.4865089, 30.419], [34.3568494, 132.4864539, 30.444], [34.35685, 132.4863992, 30.476], [34.3568503, 132.4863447, 30.508], [34.3568508, 132.48629, 30.539], [34.3568514, 132.4862353, 30.527], [34.3568519, 132.4861806, 30.558], [34.3568525, 132.4861258, 30.59], [34.3568531, 132.4860711, 30.621], [34.3568536, 132.4860156, 30.641], [34.3568542, 132.4859597, 30.66], [34.3568547, 132.4859042, 30.68], [34.3568553, 132.4858483, 30.7], [34.3568558, 132.4857925, 30.727], [34.3568567, 132.4857367, 30.754], [34.3568572, 132.4856806, 30.781], [34.3568578, 132.4856247, 30.808], [34.3568589, 132.4855744, 30.832], [34.3568603, 132.4855244, 30.856], [34.3568614, 132.4854742, 30.879], [34.3568625, 132.4854239, 30.903], [34.3568639, 132.4853739, 30.926], [34.356865, 132.4853236, 30.95], [34.3568664, 132.4852728, 30.982], [34.3568675, 132.4852222, 31.014], [34.3568689, 132.4851714, 31.047], [34.35687, 132.4851206, 31.079], [34.3568714, 132.4850697, 31.111], [34.3568725, 132.4850192, 31.143], [34.3568736, 132.4849692, 31.176], [34.3568747, 132.4849183, 31.208], [34.3568761, 132.4848603, 31.257], [34.3568775, 132.4848025, 31.307], [34.3568792, 132.4847444, 31.356], [34.3568806, 132.4846867, 31.406], [34.3568819, 132.4846286, 31.455], [34.3568833, 132.484575, 31.494], [34.3568847, 132.4845214, 31.533], [34.3568858, 132.4844681, 31.571], [34.3568872, 132.4844144, 31.61], [34.3568886, 132.4843608, 31.649], [34.35689, 132.4843072, 31.688], [34.3568914, 132.4842536, 31.726], [34.3568928, 132.4842, 31.765], [34.3568939, 132.4841467, 31.804], [34.3568953, 132.4840931, 31.843], [34.3568967, 132.4840394, 31.881], [34.3569006, 132.4839864, 31.904], [34.3569047, 132.4839336, 31.927], [34.3569086, 132.4838806, 31.95], [34.3569131, 132.4838233, 31.988], [34.3569175, 132.4837658, 32.026], [34.3569219, 132.4837086, 32.078], [34.3569261, 132.4836514, 32.13], [34.3569306, 132.4835942, 32.183], [34.356935, 132.4835369, 32.217], [34.3569394, 132.4834794, 32.252], [34.3569439, 132.4834222, 32.333], [34.3569481, 132.4833647, 32.415], [34.3569525, 132.4833075, 32.47], [34.3569569, 132.4832503, 32.525], [34.3569614, 132.4831931, 32.58], [34.3569658, 132.4831358, 32.651], [34.35697, 132.4830789, 32.723], [34.3569744, 132.4830217, 32.795], [34.3569789, 132.4829647, 32.882], [34.3569833, 132.4829075, 32.969], [34.3569875, 132.4828506, 33.056], [34.3569919, 132.4827933, 33.144], [34.3569964, 132.4827364, 33.242], [34.3570006, 132.4826794, 33.341], [34.357005, 132.4826225, 33.44], [34.3570094, 132.4825656, 33.551], [34.3570139, 132.4825086, 33.663], [34.3570181, 132.4824514, 33.774], [34.3570225, 132.4823944, 33.886], [34.3570267, 132.48234, 34.016], [34.3570308, 132.4822858, 34.146], [34.357035, 132.4822314, 34.276], [34.3570392, 132.4821769, 34.406], [34.3570458, 132.4821178, 34.561], [34.3570525, 132.4820583, 34.716], [34.3570592, 132.4819992, 34.871], [34.3570656, 132.4819428, 35.036], [34.3570719, 132.4818864, 35.201], [34.3570783, 132.4818303, 35.366], [34.3570844, 132.4817739, 35.531], [34.3570908, 132.4817175, 35.696], [34.3570972, 132.4816611, 35.861], [34.3571033, 132.481605, 35.999], [34.3571097, 132.4815494, 36.159], [34.3571158, 132.4814939, 36.338], [34.3571222, 132.4814386, 36.483], [34.3571283, 132.4813833, 36.629], [34.3571344, 132.4813286, 36.803], [34.3571406, 132.4812739, 36.947], [34.3571467, 132.4812194, 37.081], [34.3571528, 132.4811653, 37.215], [34.3571589, 132.4811108, 37.349], [34.357165, 132.4810569, 37.474], [34.3571708, 132.4810028, 37.599], [34.3571769, 132.4809489, 37.724], [34.3571833, 132.4808928, 37.826], [34.3571897, 132.4808367, 37.927], [34.3571961, 132.4807808, 38.029], [34.3572022, 132.4807247, 38.131], [34.3572086, 132.4806686, 38.233], [34.357215, 132.4806125, 38.334], [34.3572219, 132.480555, 38.398], [34.3572286, 132.4804975, 38.462], [34.3572356, 132.4804397, 38.526], [34.3572422, 132.4803822, 38.59], [34.3572489, 132.4803269, 38.628], [34.3572556, 132.4802714, 38.667], [34.3572622, 132.4802164, 38.69], [34.3572686, 132.4801611, 38.714], [34.3572753, 132.4801061, 38.728], [34.3572819, 132.4800514, 38.723], [34.3572883, 132.4799964, 38.718], [34.3572942, 132.4799475, 38.694], [34.3573, 132.4798986, 38.67], [34.3573058, 132.4798497, 38.647], [34.3573117, 132.4798008, 38.623], [34.3573172, 132.4797556, 38.589], [34.3573228, 132.4797106, 38.556], [34.3573283, 132.4796653, 38.522], [34.3573356, 132.4796097, 38.462], [34.3573425, 132.4795542, 38.402], [34.3573494, 132.4794986, 38.322], [34.3573564, 132.4794431, 38.242], [34.3573664, 132.4793636, 38.137]]",1,60
OE,"[34.3565658, 132.4953131, 34.3566267, 132.4946189, 34.3566828, 132.4939322, 34.3567133, 132.4931311, 34.3567286, 132.4926961, 34.3568047, 132.4919333]",1,4.0,312,1,True,"[[34.3565592, 132.4953119, 26.364], [34.3565639, 132.4952564, 26.603], [34.3565689, 132.4952008, 26.841], [34.3565736, 132.495145, 27.08], [34.3565783, 132.4950894, 27.318], [34.3565831, 132.495035, 27.536], [34.3565881, 132.4949797, 27.707], [34.3565928, 132.4949244, 27.877], [34.3565975, 132.4948681, 27.995], [34.3566025, 132.4948119, 28.082], [34.3566072, 132.4947558, 28.168], [34.3566122, 132.4947003, 28.209], [34.3566172, 132.4946433, 28.208], [34.3566219, 132.4945892, 28.18], [34.3566267, 132.4945336, 28.09], [34.3566317, 132.4944772, 28.065], [34.3566367, 132.4944197, 28.002], [34.3566414, 132.4943647, 27.965], [34.3566461, 132.4943094, 27.928], [34.3566511, 132.4942531, 27.876], [34.3566558, 132.4941967, 27.824], [34.3566608, 132.4941397, 27.797], [34.3566658, 132.4940828, 27.771], [34.3566708, 132.4940258, 27.744], [34.356675, 132.4939797, 27.713], [34.3566789, 132.4939336, 27.682], [34.3566808, 132.4938756, 27.659], [34.3566831, 132.4938178, 27.636], [34.356685, 132.4937597, 27.613], [34.3566869, 132.4937017, 27.59], [34.3566892, 132.4936439, 27.567], [34.3566911, 132.4935858, 27.543], [34.3566931, 132.4935308, 27.537], [34.356695, 132.4934761, 27.53], [34.3566969, 132.4934211, 27.524], [34.3566989, 132.4933661, 27.517], [34.3567008, 132.49331, 27.528], [34.3567028, 132.4932539, 27.539], [34.356705, 132.4931947, 27.531], [34.3567072, 132.4931356, 27.524], [34.3567086, 132.4930814, 27.541], [34.3567097, 132.4930272, 27.557], [34.3567111, 132.4929731, 27.574], [34.3567125, 132.4929189, 27.591], [34.3567136, 132.4928647, 27.608], [34.356715, 132.4928106, 27.625], [34.3567161, 132.4927564, 27.642], [34.3567175, 132.4927022, 27.659], [34.3567239, 132.4926322, 27.709], [34.3567294, 132.4925753, 27.726], [34.3567344, 132.4925206, 27.758], [34.3567397, 132.4924658, 27.789], [34.3567447, 132.4924108, 27.82], [34.35675, 132.4923561, 27.852], [34.356755, 132.4923014, 27.883], [34.3567603, 132.4922467, 27.902], [34.3567653, 132.4921917, 27.921], [34.3567706, 132.4921364, 27.952], [34.3567756, 132.4920814, 27.982], [34.3567808, 132.4920261, 28.012], [34.356785, 132.4919833, 28.019], [34.3567889, 132.4919403, 28.027]]",1,50
OE,"[34.357415, 132.4793456, 34.3574961, 132.4786972, 34.3575981, 132.4780411, 34.3576286, 132.4778578, 34.3576539, 132.4774842, 34.3576642, 132.4771483, 34.3576489, 132.4768203, 34.3576081, 132.4764389, 34.3575267, 132.4760803, 34.357415, 132.4757522]",2,7.5,336,1,True,"[[34.357415, 132.4793453, 38.137], [34.357415, 132.4793689, 38.137], [34.3574192, 132.4793131, 38.033], [34.3574261, 132.4792575, 37.912], [34.3574331, 132.4792019, 37.791], [34.35744, 132.4791464, 37.67], [34.3574469, 132.4790914, 37.531], [34.3574539, 132.4790364, 37.392], [34.3574608, 132.4789814, 37.253], [34.3574678, 132.4789267, 37.095], [34.3574747, 132.4788719, 36.938], [34.3574822, 132.4788139, 36.754], [34.3574894, 132.4787556, 36.57], [34.3574969, 132.4786975, 36.386], [34.357505, 132.4786458, 36.199], [34.3575131, 132.4785944, 36.013], [34.3575214, 132.4785428, 35.826], [34.3575294, 132.4784914, 35.64], [34.3575375, 132.4784397, 35.454], [34.3575461, 132.4783861, 35.249], [34.3575547, 132.4783325, 35.045], [34.3575631, 132.4782786, 34.84], [34.3575717, 132.478225, 34.636], [34.3575814, 132.478165, 34.414], [34.3575908, 132.4781047, 34.192], [34.3576006, 132.4780447, 33.97], [34.3576061, 132.4779986, 33.788], [34.3576119, 132.4779525, 33.607], [34.3576175, 132.4779064, 33.425], [34.3576231, 132.4778603, 33.244], [34.3576258, 132.4778283, 33.116], [34.3576278, 132.4778042, 33.018], [34.3576328, 132.4777503, 32.802], [34.3576375, 132.4776964, 32.586], [34.3576422, 132.4776444, 32.373], [34.3576469, 132.4775925, 32.159], [34.3576514, 132.4775403, 31.945], [34.3576561, 132.4774883, 31.731], [34.3576567, 132.4774514, 31.59], [34.3576572, 132.4774144, 31.448], [34.3576583, 132.47736, 31.188], [34.3576594, 132.4773089, 30.974], [34.3576603, 132.4772578, 30.759], [34.3576614, 132.4772064, 30.544], [34.3576622, 132.4771553, 30.329], [34.3576586, 132.4770967, 30.076], [34.357655, 132.4770381, 29.823], [34.3576511, 132.4769794, 29.569], [34.3576475, 132.4769208, 29.316], [34.3576447, 132.4768731, 29.126], [34.3576417, 132.4768253, 28.935], [34.3576347, 132.4767606, 28.675], [34.3576292, 132.4767086, 28.479], [34.3576236, 132.4766567, 28.283], [34.3576183, 132.4766047, 28.088], [34.3576128, 132.4765525, 27.892], [34.3576072, 132.4765006, 27.696], [34.3576017, 132.4764486, 27.501], [34.3575922, 132.4764058, 27.342], [34.3575831, 132.4763633, 27.183], [34.3575736, 132.4763206, 27.024], [34.3575617, 132.4762647, 26.806], [34.3575497, 132.4762089, 26.588], [34.3575378, 132.4761531, 26.37], [34.3575258, 132.4760972, 26.152], [34.3575083, 132.4760428, 25.934], [34.3574906, 132.4759886, 25.717], [34.3574731, 132.4759342, 25.499], [34.3574556, 132.4758803, 25.242], [34.3574389, 132.4758286, 25.028], [34.3574219, 132.4757767, 24.814], [34.3574133, 132.4757619, 24.771]]",1,60
OE,"[34.357415, 132.4757522, 34.3574047, 132.4757217, 34.3572775, 132.4754089, 34.3570742, 132.4750503, 34.3569622, 132.4748747]",2,7.5,95,1,True,"[[34.357415, 132.4757522, 24.771], [34.3574069, 132.4757156, 24.6], [34.3573828, 132.4756578, 24.353], [34.3573583, 132.4756, 24.105], [34.3573383, 132.4755531, 23.917], [34.3573186, 132.4755064, 23.73], [34.3572986, 132.4754594, 23.542], [34.3572786, 132.4754125, 23.354], [34.3572539, 132.4753686, 23.171], [34.3572292, 132.475325, 22.988], [34.3572044, 132.4752811, 22.805], [34.3571797, 132.4752372, 22.622], [34.3571539, 132.4751914, 22.41], [34.3571278, 132.4751453, 22.198], [34.3571022, 132.4751, 22.014], [34.3570767, 132.4750544, 21.829], [34.3570497, 132.4750119, 21.635], [34.3570231, 132.4749697, 21.442], [34.3569961, 132.4749272, 21.248], [34.3569692, 132.4748847, 21.054]]",1,60
OE,"[34.3569622, 132.4748747, 34.3568961, 132.4748139, 34.3568044, 132.4746764, 34.3567486, 132.4745925, 34.3566111, 132.4744094, 34.3563672, 132.4741042, 34.3562094, 132.4738906, 34.3561636, 132.4738294]",1,4.0,130,1,True,"[[34.3569656, 132.4748828, 21.054], [34.3569331, 132.4748458, 20.853], [34.3569003, 132.4748086, 20.652], [34.3568672, 132.4747625, 20.432], [34.3568342, 132.4747164, 20.212], [34.3568011, 132.4746703, 19.992], [34.3567739, 132.4746311, 19.806], [34.3567464, 132.4745917, 19.621], [34.3567192, 132.4745564, 19.449], [34.3566917, 132.4745208, 19.277], [34.3566633, 132.4744842, 19.118], [34.356635, 132.4744472, 18.958], [34.3566067, 132.4744106, 18.798], [34.3565839, 132.4743817, 18.69], [34.3565608, 132.4743525, 18.583], [34.35653, 132.4743131, 18.394], [34.3564969, 132.4742711, 18.249], [34.3564639, 132.4742292, 18.104], [34.3564308, 132.4741872, 17.941], [34.3564019, 132.4741506, 17.818], [34.3563731, 132.4741136, 17.694], [34.3563403, 132.4740706, 17.568], [34.3563075, 132.4740272, 17.443], [34.3562744, 132.4739842, 17.317], [34.3562417, 132.4739408, 17.191], [34.3562089, 132.4738978, 17.066], [34.3561858, 132.4738661, 16.974], [34.3561628, 132.4738344, 16.883]]",1,40
OE,"[34.3569622, 132.4748747, 34.3568961, 132.4747681, 34.3567842, 132.4746078, 34.3566367, 132.4743864, 34.3563772, 132.474005, 34.3563111, 132.4738983, 34.3560822, 132.4735625, 34.3558331, 132.4731733, 34.3557008, 132.4729597]",2,7.5,225,1,True,"[[34.3569656, 132.4748828, 21.054], [34.3569414, 132.4748439, 20.906], [34.3569175, 132.474805, 20.757], [34.3568933, 132.4747661, 20.609], [34.3568658, 132.4747261, 20.426], [34.3568381, 132.4746861, 20.242], [34.3568106, 132.4746461, 20.059], [34.3567828, 132.4746061, 19.876], [34.3567522, 132.4745606, 19.676], [34.3567239, 132.4745183, 19.495], [34.3566956, 132.4744764, 19.314], [34.3566669, 132.4744342, 19.132], [34.3566386, 132.4743919, 18.951], [34.3566153, 132.4743572, 18.822], [34.3565919, 132.4743222, 18.694], [34.3565617, 132.4742764, 18.506], [34.3565311, 132.4742306, 18.318], [34.3565006, 132.4741847, 18.148], [34.35647, 132.4741392, 17.986], [34.3564397, 132.4740933, 17.823], [34.3564092, 132.4740478, 17.661], [34.3563786, 132.4740019, 17.499], [34.3563458, 132.4739528, 17.333], [34.3563128, 132.4739036, 17.167], [34.3562869, 132.4738658, 17.04], [34.3562611, 132.4738281, 16.913], [34.3562353, 132.47379, 16.786], [34.3562094, 132.4737522, 16.659], [34.3561808, 132.4737103, 16.544], [34.3561519, 132.4736681, 16.429], [34.3561233, 132.4736258, 16.283], [34.3561031, 132.4735961, 16.198], [34.3560825, 132.4735661, 16.113], [34.3560569, 132.4735261, 16.008], [34.3560317, 132.4734861, 15.903], [34.3560061, 132.4734464, 15.797], [34.3559806, 132.4734064, 15.692], [34.3559553, 132.4733664, 15.587], [34.3559297, 132.4733264, 15.482], [34.3559061, 132.4732894, 15.397], [34.3558828, 132.4732522, 15.311], [34.3558592, 132.4732153, 15.226], [34.3558356, 132.4731781, 15.141], [34.3558158, 132.4731442, 15.067], [34.3557961, 132.47311, 14.993], [34.3557703, 132.4730656, 14.911], [34.3557444, 132.4730208, 14.83], [34.3557108, 132.4729631, 14.692]]",1,60
OE,"[34.3557008, 132.4729597, 34.3556194, 132.4727844, 34.3555431, 132.4726394, 34.3554256, 132.4723653, 34.3553239, 132.4721058, 34.3552119, 132.4717778, 34.3551661, 132.4716175, 34.3551103, 132.4713886, 34.3550797, 132.4712667, 34.3550542, 132.4711142, 34.3550186, 132.4708775, 34.3549983, 132.4707631, 34.3549781, 132.4705953, 34.3549628, 132.4703817, 34.3549525, 132.4702061, 34.3549425, 132.4699697, 34.3549425, 132.4696417, 34.3549525, 132.469405, 34.3549628, 132.4688786, 34.3549678, 132.4685278, 34.3549781, 132.46807, 34.3549881, 132.4675053, 34.3549881, 132.4672308, 34.3549881, 132.4670019, 34.3549678, 132.4667347, 34.3549425, 132.4664906, 34.3549017, 132.4662314]",2,7.5,636,1,True,"[[34.3557031, 132.4729569, 14.692], [34.35568, 132.4729108, 14.633], [34.3556569, 132.472865, 14.574], [34.3556339, 132.4728189, 14.515], [34.3556108, 132.4727731, 14.456], [34.3555878, 132.4727269, 14.397], [34.3555647, 132.4726811, 14.338], [34.3555417, 132.472635, 14.279], [34.3555236, 132.4725939, 14.231], [34.3555039, 132.4725486, 14.184], [34.3554842, 132.4725036, 14.136], [34.3554639, 132.4724589, 14.089], [34.3554442, 132.4724139, 14.041], [34.3554244, 132.4723686, 13.994], [34.3554036, 132.4723158, 13.959], [34.3553828, 132.4722633, 13.923], [34.3553619, 132.4722106, 13.888], [34.3553411, 132.4721581, 13.853], [34.3553203, 132.4721053, 13.817], [34.3553061, 132.4720622, 13.795], [34.3552919, 132.4720189, 13.773], [34.3552744, 132.4719661, 13.757], [34.3552589, 132.4719189, 13.752], [34.3552433, 132.4718719, 13.747], [34.3552278, 132.4718247, 13.742], [34.3552122, 132.4717775, 13.737], [34.3551972, 132.4717261, 13.728], [34.3551822, 132.4716747, 13.719], [34.3551672, 132.4716233, 13.71], [34.3551536, 132.4715656, 13.696], [34.35514, 132.4715081, 13.683], [34.3551264, 132.4714503, 13.669], [34.3551128, 132.4713925, 13.655], [34.3550997, 132.4713297, 13.645], [34.3550867, 132.4712667, 13.634], [34.3550769, 132.4712169, 13.622], [34.3550669, 132.4711669, 13.61], [34.3550572, 132.4711172, 13.598], [34.3550467, 132.4710536, 13.591], [34.3550361, 132.47099, 13.585], [34.3550278, 132.4709386, 13.564], [34.3550194, 132.4708869, 13.544], [34.3550119, 132.47083, 13.528], [34.3550044, 132.4707728, 13.512], [34.3549981, 132.4707164, 13.505], [34.3549914, 132.47066, 13.499], [34.3549839, 132.4705947, 13.475], [34.3549797, 132.4705453, 13.464], [34.3549756, 132.4704958, 13.452], [34.3549711, 132.4704383, 13.42], [34.3549664, 132.4703808, 13.387], [34.3549642, 132.4703267, 13.348], [34.3549617, 132.4702722, 13.309], [34.3549594, 132.4702181, 13.27], [34.3549578, 132.470165, 13.243], [34.3549561, 132.4701117, 13.216], [34.3549547, 132.4700656, 13.18], [34.3549533, 132.4700194, 13.144], [34.3549519, 132.4699733, 13.107], [34.3549519, 132.4699275, 13.073], [34.3549519, 132.4698819, 13.039], [34.3549519, 132.4698361, 13.004], [34.3549519, 132.4697894, 12.979], [34.3549519, 132.4697431, 12.953], [34.3549519, 132.4696964, 12.928], [34.3549519, 132.4696497, 12.902], [34.3549528, 132.469605, 12.88], [34.3549533, 132.46956, 12.857], [34.3549544, 132.4695086, 12.825], [34.3549553, 132.4694575, 12.792], [34.3549564, 132.4694061, 12.76], [34.3549569, 132.4693556, 12.733], [34.3549578, 132.469305, 12.706], [34.3549583, 132.4692544, 12.679], [34.3549589, 132.4692083, 12.661], [34.3549594, 132.4691622, 12.643], [34.35496, 132.4691161, 12.625], [34.3549608, 132.4690583, 12.605], [34.3549617, 132.4690006, 12.586], [34.3549625, 132.4689428, 12.566], [34.3549633, 132.468885, 12.546], [34.3549644, 132.4688275, 12.531], [34.3549656, 132.46877, 12.516], [34.3549667, 132.4687125, 12.501], [34.3549675, 132.468655, 12.486], [34.3549686, 132.4685975, 12.471], [34.3549697, 132.46854, 12.456], [34.3549706, 132.4684856, 12.441], [34.3549717, 132.4684308, 12.425], [34.3549725, 132.4683764, 12.409], [34.3549733, 132.4683217, 12.394], [34.3549744, 132.4682642, 12.389], [34.3549753, 132.4682067, 12.383], [34.3549767, 132.4681417, 12.365], [34.3549778, 132.4680767, 12.347], [34.3549789, 132.4680208, 12.333], [34.3549797, 132.467965, 12.319], [34.3549808, 132.4679092, 12.306], [34.3549819, 132.4678533, 12.292], [34.3549831, 132.4677975, 12.278], [34.3549839, 132.4677414, 12.265], [34.354985, 132.4676856, 12.251], [34.3549861, 132.4676297, 12.237], [34.3549869, 132.4675739, 12.223], [34.3549881, 132.4675181, 12.21], [34.3549886, 132.4674628, 12.196], [34.3549889, 132.4674072, 12.182], [34.3549894, 132.4673519, 12.167], [34.3549897, 132.4672964, 12.153], [34.3549903, 132.4672411, 12.139], [34.3549892, 132.4671908, 12.129], [34.3549881, 132.4671403, 12.119], [34.3549872, 132.4670964, 12.094], [34.3549861, 132.4670528, 12.068], [34.3549853, 132.4670089, 12.043], [34.3549819, 132.4669558, 12.01], [34.3549786, 132.4669028, 11.978], [34.3549753, 132.4668497, 11.945], [34.3549719, 132.4667967, 11.913], [34.3549686, 132.4667436, 11.88], [34.3549622, 132.4666844, 11.842], [34.3549558, 132.4666256, 11.803], [34.3549492, 132.4665664, 11.764], [34.3549428, 132.4665072, 11.726], [34.3549358, 132.4664606, 11.694], [34.3549289, 132.4664139, 11.662], [34.3549217, 132.4663672, 11.631], [34.3549147, 132.4663206, 11.599], [34.3549067, 132.4662656, 11.595], [34.3549033, 132.4662436, 11.593]]",1,60
OE,"[34.3549017, 132.4662314, 34.3548661, 132.4659947, 34.3548306, 132.4658344, 34.3547644, 132.465575, 34.3547083, 132.4653539, 34.3546475, 132.4651403, 34.3546169, 132.4650639, 34.3545253, 132.4648122, 34.3544794, 132.4646747, 34.3544489, 132.4646061, 34.3544133, 132.4645069, 34.3543575, 132.4643697, 34.3543219, 132.4642628, 34.3542964, 132.4641714, 34.3542303, 132.46395, 34.35421, 132.4638661, 34.3541642, 132.4636983, 34.3541439, 132.4635458, 34.3541286, 132.4634389, 34.3541083, 132.463355, 34.3540981, 132.4632178, 34.3540878, 132.4631033, 34.3540828, 132.4629964, 34.3540725, 132.4627903, 34.3540725, 132.4625844, 34.3540725, 132.4624928, 34.3540725, 132.4622639, 34.3540828, 132.4619664, 34.3540878, 132.4615392, 34.3541083, 132.4610967, 34.3541286, 132.4608525, 34.3541439, 132.4607075, 34.3541642, 132.4605625, 34.35421, 132.4602881, 34.3542303, 132.4601658, 34.3542861, 132.4599378, 34.3543317, 132.45977, 34.3543672, 132.4596175, 34.3543878, 132.4595717, 34.3544233, 132.4594342, 34.3544792, 132.4592742, 34.3544997, 132.4592206, 34.3545147, 132.4591672, 34.3545606, 132.4590375, 34.3545911, 132.4589689, 34.3546572, 132.4588239, 34.3546828, 132.4587628, 34.3547589, 132.4586103, 34.3549117, 132.4582747, 34.3550083, 132.4580764, 34.3551558, 132.4577786, 34.3553947, 132.4572675, 34.3555983, 132.4568556, 34.3558219, 132.4564283, 34.3559239, 132.4562222, 34.3560508, 132.4559706, 34.3561525, 132.4558028, 34.3562544, 132.4556272, 34.3563408, 132.4555053, 34.3564781, 132.4552917, 34.3566003, 132.4551389, 34.3566817, 132.4550397, 34.3567681, 132.4549331, 34.3569767, 132.4546964, 34.3570631, 132.4546203, 34.3571342, 132.4545361, 34.3574142, 132.4542692]",1,4.0,1230,1,True,"[[34.3549017, 132.4662314, 11.593], [34.3548969, 132.4661981, 11.591], [34.3548892, 132.4661464, 11.607], [34.3548817, 132.4660947, 11.623], [34.3548739, 132.4660428, 11.639], [34.3548661, 132.4659911, 11.654], [34.3548547, 132.4659378, 11.709], [34.3548433, 132.4658844, 11.763], [34.3548319, 132.4658311, 11.818], [34.3548197, 132.4657794, 11.876], [34.3548078, 132.4657281, 11.934], [34.3547956, 132.4656764, 11.993], [34.3547836, 132.465625, 12.051], [34.3547714, 132.4655733, 12.109], [34.3547569, 132.4655183, 12.161], [34.3547422, 132.4654631, 12.213], [34.3547278, 132.4654081, 12.265], [34.3547131, 132.4653528, 12.317], [34.3546975, 132.4653017, 12.365], [34.3546819, 132.4652506, 12.414], [34.3546661, 132.4651992, 12.462], [34.3546506, 132.4651481, 12.51], [34.3546367, 132.465105, 12.546], [34.3546225, 132.4650617, 12.581], [34.3546042, 132.4650111, 12.627], [34.3545858, 132.4649608, 12.672], [34.3545672, 132.4649103, 12.717], [34.3545489, 132.46486, 12.762], [34.3545306, 132.4648094, 12.807], [34.3545147, 132.4647664, 12.84], [34.3544992, 132.4647231, 12.873], [34.3544833, 132.46468, 12.906], [34.3544708, 132.4646467, 12.932], [34.3544583, 132.4646133, 12.959], [34.3544389, 132.4645617, 12.999], [34.3544194, 132.4645097, 13.039], [34.3544025, 132.4644631, 13.076], [34.3543853, 132.4644161, 13.114], [34.3543683, 132.4643694, 13.152], [34.3543503, 132.4643189, 13.194], [34.3543319, 132.4642681, 13.235], [34.3543186, 132.464225, 13.269], [34.354305, 132.4641819, 13.303], [34.3542883, 132.4641256, 13.345], [34.3542717, 132.4640689, 13.387], [34.354255, 132.4640125, 13.43], [34.3542383, 132.4639558, 13.472], [34.3542269, 132.4639153, 13.497], [34.3542156, 132.4638744, 13.522], [34.3542031, 132.4638167, 13.553], [34.3541903, 132.4637586, 13.583], [34.3541778, 132.4637008, 13.614], [34.3541689, 132.4636536, 13.631], [34.3541603, 132.4636064, 13.648], [34.3541514, 132.4635592, 13.664], [34.3541428, 132.4635039, 13.678], [34.3541342, 132.4634483, 13.692], [34.3541286, 132.4634061, 13.698], [34.3541228, 132.4633636, 13.704], [34.3541181, 132.4633183, 13.703], [34.3541133, 132.4632733, 13.701], [34.3541086, 132.4632281, 13.7], [34.3541042, 132.4631725, 13.698], [34.3540994, 132.4631169, 13.696], [34.3540961, 132.4630592, 13.693], [34.3540925, 132.4630014, 13.69], [34.3540925, 132.4629942, 13.69], [34.3540908, 132.4629481, 13.683], [34.3540892, 132.4629019, 13.675], [34.3540875, 132.4628517, 13.677], [34.3540856, 132.4628011, 13.679], [34.3540842, 132.4627486, 13.672], [34.3540828, 132.4626958, 13.664], [34.3540814, 132.4626433, 13.657], [34.35408, 132.4625906, 13.649], [34.3540819, 132.4625447, 13.654], [34.3540836, 132.4624989, 13.659], [34.3540842, 132.4624439, 13.665], [34.3540847, 132.4623889, 13.671], [34.3540853, 132.4623339, 13.678], [34.3540858, 132.4622789, 13.684], [34.3540861, 132.4622283, 13.7], [34.3540861, 132.4621781, 13.717], [34.3540864, 132.4621275, 13.734], [34.3540867, 132.4620769, 13.75], [34.3540867, 132.4620267, 13.767], [34.3540869, 132.4619761, 13.783], [34.3540883, 132.4619247, 13.797], [34.3540897, 132.4618733, 13.81], [34.3540911, 132.4618219, 13.824], [34.3540922, 132.4617703, 13.837], [34.3540936, 132.4617189, 13.851], [34.354095, 132.4616675, 13.865], [34.3540967, 132.4616078, 13.888], [34.3540981, 132.4615478, 13.912], [34.3540997, 132.4615033, 13.929], [34.3541017, 132.4614586, 13.947], [34.3541033, 132.4614142, 13.965], [34.3541056, 132.4613636, 13.998], [34.3541075, 132.4613133, 14.032], [34.3541097, 132.4612628, 14.065], [34.3541117, 132.4612122, 14.098], [34.3541139, 132.4611619, 14.131], [34.3541158, 132.4611114, 14.165], [34.3541206, 132.4610525, 14.205], [34.354125, 132.4609936, 14.246], [34.3541297, 132.4609347, 14.286], [34.3541342, 132.4608758, 14.326], [34.35414, 132.4608244, 14.357], [34.3541456, 132.4607728, 14.388], [34.3541514, 132.4607214, 14.418], [34.3541578, 132.4606717, 14.44], [34.3541639, 132.4606219, 14.463], [34.3541703, 132.4605722, 14.485], [34.3541789, 132.4605178, 14.5], [34.3541875, 132.4604633, 14.515], [34.3541964, 132.4604092, 14.53], [34.354205, 132.4603547, 14.545], [34.3542136, 132.4603003, 14.56], [34.354225, 132.4602397, 14.584], [34.3542364, 132.4601789, 14.608], [34.3542497, 132.4601178, 14.631], [34.3542628, 132.4600567, 14.655], [34.3542744, 132.4600033, 14.671], [34.3542856, 132.4599506, 14.688], [34.3543, 132.4598936, 14.7], [34.3543142, 132.4598364, 14.712], [34.3543286, 132.4597794, 14.723], [34.3543428, 132.45973, 14.738], [34.3543567, 132.4596806, 14.753], [34.3543708, 132.4596311, 14.768], [34.354385, 132.4595847, 14.786], [34.3543981, 132.4595425, 14.804], [34.3544108, 132.4595006, 14.822], [34.3544239, 132.4594583, 14.84], [34.3544414, 132.4594056, 14.858], [34.3544592, 132.4593531, 14.876], [34.3544767, 132.4593003, 14.894], [34.3544983, 132.4592383, 14.911], [34.3545194, 132.45918, 14.91], [34.3545347, 132.4591406, 14.911], [34.35455, 132.4591008, 14.911], [34.3545653, 132.4590614, 14.912], [34.3545794, 132.4590261, 14.903], [34.3545936, 132.4589906, 14.895], [34.3546142, 132.4589414, 14.894], [34.3546344, 132.4588925, 14.893], [34.354655, 132.4588433, 14.892], [34.3546772, 132.45879, 14.895], [34.3546958, 132.4587486, 14.891], [34.3547142, 132.4587072, 14.887], [34.3547328, 132.4586658, 14.883], [34.3547511, 132.4586244, 14.879], [34.3547736, 132.4585775, 14.871], [34.3547961, 132.4585303, 14.863], [34.3548186, 132.4584833, 14.854], [34.3548414, 132.4584361, 14.846], [34.3548639, 132.4583892, 14.838], [34.3548864, 132.4583419, 14.83], [34.3549089, 132.458295, 14.821], [34.3549303, 132.4582517, 14.806], [34.3549514, 132.4582081, 14.792], [34.3549728, 132.4581647, 14.777], [34.3549897, 132.45813, 14.782], [34.3550067, 132.4580953, 14.787], [34.3550264, 132.458055, 14.793], [34.3550461, 132.4580147, 14.799], [34.3550669, 132.4579722, 14.816], [34.3550878, 132.4579297, 14.834], [34.3551083, 132.4578875, 14.852], [34.3551292, 132.457845, 14.869], [34.35515, 132.4578025, 14.887], [34.3551722, 132.4577569, 14.906], [34.3551942, 132.4577111, 14.925], [34.3552164, 132.4576656, 14.944], [34.3552386, 132.45762, 14.963], [34.3552606, 132.4575742, 14.982], [34.3552828, 132.4575286, 15.001], [34.355305, 132.4574831, 15.02], [34.3553269, 132.4574372, 15.039], [34.3553492, 132.4573917, 15.058], [34.3553728, 132.4573428, 15.072], [34.3553964, 132.4572939, 15.085], [34.3554189, 132.4572486, 15.102], [34.3554414, 132.4572033, 15.118], [34.3554639, 132.4571581, 15.134], [34.3554864, 132.4571128, 15.151], [34.3555092, 132.4570678, 15.167], [34.3555317, 132.4570225, 15.184], [34.3555542, 132.4569772, 15.2], [34.3555767, 132.4569319, 15.217], [34.3555992, 132.4568867, 15.233], [34.3556194, 132.4568453, 15.248], [34.3556397, 132.4568036, 15.263], [34.35566, 132.4567622, 15.278], [34.3556836, 132.4567139, 15.307], [34.3557072, 132.4566656, 15.338], [34.3557306, 132.4566172, 15.368], [34.3557517, 132.4565742, 15.403], [34.3557731, 132.4565314, 15.438], [34.3557942, 132.4564883, 15.473], [34.3558153, 132.4564453, 15.508], [34.3558408, 132.456395, 15.547], [34.3558667, 132.456345, 15.586], [34.3558922, 132.4562947, 15.625], [34.3559178, 132.4562444, 15.665], [34.3559436, 132.456195, 15.709], [34.3559697, 132.4561453, 15.753], [34.3559956, 132.4560958, 15.798], [34.3560217, 132.4560461, 15.842], [34.3560475, 132.4559967, 15.886], [34.3560719, 132.455955, 15.921], [34.3560961, 132.4559131, 15.956], [34.35612, 132.4558722, 15.987], [34.3561439, 132.4558314, 16.017], [34.3561697, 132.4557892, 16.048], [34.3561953, 132.4557469, 16.079], [34.3562211, 132.4557044, 16.11], [34.3562467, 132.4556622, 16.141], [34.3562733, 132.4556206, 16.16], [34.3563003, 132.4555792, 16.178], [34.3563269, 132.4555375, 16.197], [34.3563564, 132.4554944, 16.22], [34.3563858, 132.4554511, 16.242], [34.3564153, 132.4554081, 16.264], [34.3564447, 132.4553647, 16.286], [34.3564742, 132.4553217, 16.308], [34.3565028, 132.4552833, 16.324], [34.3565314, 132.455245, 16.34], [34.35656, 132.4552067, 16.356], [34.3565886, 132.4551683, 16.372], [34.3566156, 132.4551353, 16.38], [34.3566428, 132.4551019, 16.389], [34.3566697, 132.4550689, 16.398], [34.3566994, 132.4550336, 16.4], [34.3567289, 132.4549986, 16.402], [34.3567586, 132.4549633, 16.405], [34.3567911, 132.4549281, 16.4], [34.3568236, 132.4548928, 16.396], [34.3568558, 132.4548572, 16.392], [34.3568883, 132.4548219, 16.388], [34.356915, 132.4547925, 16.378], [34.3569419, 132.4547633, 16.369], [34.3569686, 132.4547339, 16.359], [34.3570075, 132.4546933, 16.354], [34.3570464, 132.4546525, 16.349], [34.357085, 132.4546144, 16.339], [34.3571236, 132.4545761, 16.33], [34.3571606, 132.4545397, 16.329], [34.3571972, 132.4545031, 16.327], [34.3572342, 132.4544667, 16.326], [34.3572708, 132.45443, 16.325], [34.3573078, 132.4543936, 16.323], [34.3573444, 132.4543569, 16.322], [34.3573814, 132.4543206, 16.321], [34.3574003, 132.4543033, 16.328]]",1,60
OE,"[34.3574142, 132.4542692, 34.3575717, 132.4541167, 34.3579125, 132.4537886, 34.3581158, 132.4535825, 34.35836, 132.4533536, 34.3586806, 132.4530408, 34.3589806, 132.4527586, 34.3592297, 132.4525067, 34.3594689, 132.4522628, 34.3595908, 132.4521558, 34.3601556, 132.4515836]",1,4.0,391,1,True,"[[34.3574142, 132.4542692, 16.328], [34.3574328, 132.4542494, 16.331], [34.35747, 132.4542125, 16.342], [34.3575025, 132.4541806, 16.365], [34.3575347, 132.4541483, 16.388], [34.3575672, 132.4541164, 16.411], [34.3576008, 132.4540839, 16.454], [34.3576344, 132.4540514, 16.496], [34.3576683, 132.4540189, 16.539], [34.3577019, 132.4539864, 16.581], [34.3577356, 132.4539539, 16.624], [34.3577703, 132.4539203, 16.68], [34.357805, 132.4538867, 16.736], [34.3578397, 132.4538528, 16.792], [34.3578744, 132.4538192, 16.849], [34.3579092, 132.4537856, 16.905], [34.3579531, 132.4537422, 16.972], [34.3579853, 132.4537108, 17.042], [34.3580172, 132.4536794, 17.111], [34.3580494, 132.4536481, 17.181], [34.3580814, 132.4536167, 17.25], [34.3581136, 132.4535853, 17.32], [34.3581528, 132.4535483, 17.409], [34.3581922, 132.4535114, 17.499], [34.3582314, 132.4534742, 17.588], [34.3582706, 132.4534372, 17.678], [34.3583119, 132.4533986, 17.784], [34.3583531, 132.45336, 17.89], [34.3583872, 132.4533267, 17.997], [34.3584217, 132.4532933, 18.104], [34.3584558, 132.45326, 18.211], [34.35849, 132.4532267, 18.318], [34.3585272, 132.4531906, 18.42], [34.3585656, 132.4531536, 18.547], [34.3586039, 132.4531164, 18.675], [34.3586419, 132.4530794, 18.802], [34.3586803, 132.4530422, 18.93], [34.3587142, 132.4530094, 19.049], [34.3587478, 132.4529767, 19.169], [34.3587817, 132.4529439, 19.288], [34.3588186, 132.4529083, 19.431], [34.3588553, 132.4528731, 19.574], [34.3588922, 132.4528375, 19.718], [34.3589289, 132.4528019, 19.861], [34.358975, 132.4527572, 20.052], [34.3590108, 132.4527225, 20.201], [34.3590467, 132.4526875, 20.35], [34.3590825, 132.4526528, 20.498], [34.3591183, 132.4526178, 20.647], [34.3591542, 132.4525831, 20.796], [34.35919, 132.4525481, 20.945], [34.3592258, 132.4525133, 21.093], [34.3592578, 132.4524814, 21.228], [34.3592897, 132.4524494, 21.363], [34.3593256, 132.4524139, 21.492], [34.3593614, 132.4523781, 21.62], [34.3593972, 132.4523425, 21.764], [34.35943, 132.4523103, 21.871], [34.3594625, 132.4522778, 21.978], [34.3595028, 132.4522361, 22.115], [34.3595383, 132.4521992, 22.238], [34.3595794, 132.4521572, 22.39], [34.3596133, 132.4521236, 22.493], [34.3596472, 132.45209, 22.597], [34.3596811, 132.4520564, 22.7], [34.359715, 132.4520228, 22.803], [34.3597503, 132.4519878, 22.902], [34.3597856, 132.4519531, 23.001], [34.3598208, 132.4519181, 23.101], [34.3598564, 132.4518828, 23.189], [34.3598919, 132.4518478, 23.278], [34.3599278, 132.4518125, 23.367], [34.3599633, 132.4517775, 23.456], [34.3599989, 132.4517422, 23.544], [34.3600356, 132.4517061, 23.622], [34.3600722, 132.4516697, 23.701], [34.3601089, 132.4516336, 23.779], [34.3601456, 132.4515972, 23.857]]",1,60
OE,"[34.3601556, 132.4515836, 34.3605064, 132.4512097, 34.3607558, 132.4509581]",1,4.0,88,1,True,"[[34.3601561, 132.4515858, 23.857], [34.3601903, 132.45155, 23.938], [34.3602244, 132.4515142, 24.019], [34.3602597, 132.4514769, 24.087], [34.3602953, 132.4514394, 24.154], [34.3603306, 132.4514022, 24.221], [34.3603661, 132.4513647, 24.272], [34.3604014, 132.4513275, 24.335], [34.3604369, 132.4512906, 24.398], [34.3604722, 132.4512533, 24.461], [34.3605075, 132.4512161, 24.524], [34.36054, 132.4511817, 24.574], [34.3605725, 132.4511472, 24.623], [34.3606053, 132.4511125, 24.673], [34.3606378, 132.4510781, 24.723], [34.3606703, 132.4510436, 24.773], [34.3607106, 132.4510014, 24.816], [34.3607508, 132.4509589, 24.858]]",1,60
OE,"[34.3585075, 132.4530867, 34.3585533, 132.4530408, 34.3588128, 132.4527967, 34.3591383, 132.4525067, 34.3594586, 132.4522017, 34.3597842, 132.4518658, 34.3601556, 132.4515836]",1,4.0,229,1,True,"[[34.3585075, 132.4530803, 16.768], [34.3585517, 132.4530372, 16.784], [34.3585881, 132.4530042, 16.799], [34.3586242, 132.4529714, 16.813], [34.3586606, 132.4529383, 16.828], [34.3586967, 132.4529053, 16.842], [34.3587336, 132.4528717, 16.871], [34.3587706, 132.4528378, 16.899], [34.3588153, 132.4527978, 16.978], [34.3588517, 132.4527647, 17.119], [34.3588881, 132.4527317, 17.261], [34.3589211, 132.4527019, 17.46], [34.3589539, 132.4526722, 17.659], [34.3589906, 132.4526389, 17.94], [34.3590267, 132.4526061, 18.26], [34.3590631, 132.4525731, 18.615], [34.3590986, 132.4525411, 18.978], [34.3591339, 132.4525092, 19.34], [34.3591703, 132.4524733, 19.721], [34.3592069, 132.4524372, 20.101], [34.3592433, 132.4524014, 20.481], [34.3592794, 132.4523658, 20.811], [34.3593144, 132.4523314, 21.104], [34.3593497, 132.4522967, 21.364], [34.3593856, 132.4522614, 21.606], [34.3594092, 132.4522383, 21.739], [34.3594325, 132.4522153, 21.872], [34.3594503, 132.4521978, 21.959], [34.3594869, 132.4521617, 22.082], [34.3595236, 132.4521253, 22.206], [34.3595603, 132.4520892, 22.33], [34.3595972, 132.4520531, 22.453], [34.3596339, 132.4520169, 22.577], [34.3596706, 132.4519806, 22.701], [34.3597072, 132.4519444, 22.824], [34.3597439, 132.4519086, 22.929], [34.3597803, 132.4518728, 23.033], [34.3598189, 132.4518431, 23.126], [34.3598578, 132.4518133, 23.22], [34.3598964, 132.4517836, 23.313], [34.3599353, 132.4517539, 23.407], [34.3599739, 132.4517242, 23.5], [34.3600086, 132.4516978, 23.572], [34.3600433, 132.4516714, 23.643], [34.3600781, 132.4516453, 23.714], [34.3601128, 132.4516189, 23.786], [34.3601475, 132.4515925, 23.857]]",1,40
OE,"[34.3607558, 132.4509581, 34.3610711, 132.4504622, 34.361305, 132.4501494, 34.3615542, 132.4498669, 34.3618939, 132.4494928, 34.3622297, 132.4491267, 34.3624331, 132.4489131, 34.3625958, 132.4487758, 34.3628297, 132.4485469, 34.3630231, 132.4483561]",1,4.0,348,1,True,"[[34.3607533, 132.4509564, 24.858], [34.3607828, 132.4509106, 24.863], [34.3608119, 132.4508647, 24.868], [34.3608414, 132.4508192, 24.873], [34.3608706, 132.4507733, 24.878], [34.3609, 132.4507275, 24.883], [34.3609292, 132.4506822, 24.919], [34.3609581, 132.4506369, 24.954], [34.3609872, 132.4505919, 24.989], [34.3610161, 132.4505467, 25.025], [34.3610453, 132.4505014, 25.06], [34.3610742, 132.4504561, 25.095], [34.3611053, 132.4504153, 25.138], [34.3611361, 132.4503744, 25.181], [34.3611672, 132.4503339, 25.223], [34.3611981, 132.4502931, 25.266], [34.3612292, 132.4502522, 25.308], [34.3612647, 132.4502056, 25.322], [34.3613003, 132.4501586, 25.336], [34.3613308, 132.4501228, 25.347], [34.3613614, 132.4500872, 25.357], [34.3613919, 132.4500514, 25.367], [34.3614247, 132.4500131, 25.36], [34.3614572, 132.449975, 25.323], [34.3614872, 132.44994, 25.22], [34.3615175, 132.4499047, 25.117], [34.3615475, 132.4498697, 25.013], [34.3615906, 132.4498211, 24.792], [34.3616258, 132.4497825, 24.572], [34.3616611, 132.4497442, 24.319], [34.3616964, 132.4497056, 24.036], [34.3617317, 132.4496669, 23.711], [34.3617653, 132.4496306, 23.373], [34.3617989, 132.4495942, 23.01], [34.3618328, 132.4495575, 22.621], [34.3618667, 132.4495206, 22.232], [34.3619006, 132.4494839, 21.844], [34.361935, 132.4494467, 21.448], [34.3619694, 132.4494092, 21.053], [34.3620039, 132.4493719, 20.657], [34.3620381, 132.4493347, 20.262], [34.3620725, 132.4492975, 19.866], [34.3621069, 132.44926, 19.471], [34.3621414, 132.4492228, 19.075], [34.3621686, 132.4491931, 18.753], [34.3621961, 132.4491631, 18.431], [34.3622233, 132.4491333, 18.108], [34.3622575, 132.4490986, 17.724], [34.3622919, 132.4490639, 17.339], [34.3623261, 132.4490292, 16.954], [34.3623603, 132.4489942, 16.57], [34.3623947, 132.4489594, 16.185], [34.3624289, 132.4489247, 15.8], [34.3624614, 132.4488964, 15.496], [34.3624939, 132.4488681, 15.192], [34.36253, 132.4488364, 14.923], [34.3625619, 132.4488089, 14.755], [34.3625936, 132.4487814, 14.587], [34.3626169, 132.4487589, 14.506], [34.3626403, 132.4487364, 14.425], [34.3626764, 132.4487022, 14.37], [34.3627139, 132.4486669, 14.345], [34.3627511, 132.4486317, 14.32], [34.3627886, 132.4485964, 14.296], [34.3628258, 132.4485611, 14.271], [34.3628572, 132.4485292, 14.253], [34.3628886, 132.4484975, 14.236], [34.36292, 132.4484656, 14.218], [34.3629511, 132.4484336, 14.201], [34.3629825, 132.4484019, 14.183], [34.3630139, 132.44837, 14.166]]",1,40
OE,"[34.3607558, 132.4509581, 34.3608675, 132.4508358, 34.3614628, 132.450195, 34.3618381, 132.4497753, 34.3621331, 132.4494472, 34.3625247, 132.4490353, 34.3628094, 132.44873, 34.3630586, 132.4484933, 34.3634503, 132.4481044, 34.3638164, 132.4477458, 34.3641825, 132.4473881, 34.3643553, 132.4472203, 34.3646708, 132.4468692, 34.3649506, 132.4465031, 34.3652456, 132.44603, 34.3654592, 132.4456408, 34.3656625, 132.4452136, 34.3658, 132.4448475, 34.3659117, 132.4445042, 34.3660339, 132.4441456, 34.3661814, 132.4435961, 34.3663392, 132.4430622, 34.3665069, 132.4425206, 34.3666697, 132.4420244, 34.3668478, 132.4415744, 34.3669953, 132.4412083, 34.3671172, 132.4409336, 34.367275, 132.4405825, 34.3674783, 132.44014, 34.3676258, 132.4398119, 34.3677531, 132.4395069, 34.3678394, 132.4392933, 34.3679514, 132.4389958, 34.3680328, 132.4387364, 34.3681344, 132.4384236, 34.3682361, 132.4380878, 34.3683481, 132.4376986, 34.3685058, 132.4370731, 34.3686736, 132.4364169, 34.3688567, 132.4356539, 34.3689889, 132.4351047, 34.3690194, 132.4349828]",1,4.0,1778,1,True,"[[34.3607533, 132.4509564, 24.858], [34.3607911, 132.4509169, 24.88], [34.3608286, 132.4508775, 24.901], [34.3608664, 132.4508381, 24.922], [34.3608992, 132.4508033, 24.943], [34.3609317, 132.4507683, 24.963], [34.3609644, 132.4507336, 24.984], [34.3609969, 132.4506989, 25.004], [34.3610297, 132.4506642, 25.025], [34.3610622, 132.4506292, 25.045], [34.361095, 132.4505944, 25.066], [34.3611294, 132.4505581, 25.081], [34.3611636, 132.4505214, 25.097], [34.3611981, 132.450485, 25.113], [34.3612322, 132.4504483, 25.129], [34.3612661, 132.4504119, 25.137], [34.3613003, 132.4503758, 25.145], [34.3613342, 132.4503394, 25.154], [34.3613656, 132.4503058, 25.172], [34.3613969, 132.4502722, 25.191], [34.3614283, 132.4502386, 25.209], [34.3614597, 132.450205, 25.228], [34.3614956, 132.4501642, 25.261], [34.3615314, 132.4501236, 25.295], [34.3615672, 132.4500828, 25.329], [34.3616019, 132.4500417, 25.362], [34.3616353, 132.4500044, 25.381], [34.3616683, 132.4499672, 25.399], [34.3617014, 132.44993, 25.409], [34.3617344, 132.4498928, 25.418], [34.3617672, 132.4498558, 25.419], [34.3618003, 132.4498192, 25.419], [34.3618331, 132.4497822, 25.42], [34.3618661, 132.4497464, 25.43], [34.3618994, 132.4497108, 25.439], [34.3619325, 132.449675, 25.449], [34.3619658, 132.4496394, 25.459], [34.3619989, 132.4496036, 25.469], [34.3620322, 132.4495681, 25.479], [34.3620653, 132.4495322, 25.489], [34.3620986, 132.4494967, 25.499], [34.3621317, 132.4494608, 25.508], [34.3621639, 132.4494261, 25.519], [34.3621958, 132.4493917, 25.53], [34.3622281, 132.4493569, 25.54], [34.36226, 132.4493225, 25.551], [34.3622922, 132.4492878, 25.562], [34.3623242, 132.4492533, 25.572], [34.3623564, 132.4492186, 25.583], [34.3623889, 132.4491839, 25.602], [34.3624211, 132.4491492, 25.621], [34.3624536, 132.4491144, 25.64], [34.3624858, 132.4490797, 25.659], [34.3625183, 132.449045, 25.678], [34.3625508, 132.4490117, 25.692], [34.3625833, 132.4489781, 25.707], [34.3626158, 132.4489447, 25.722], [34.3626483, 132.4489114, 25.737], [34.3626808, 132.4488778, 25.752], [34.3627133, 132.4488444, 25.766], [34.3627458, 132.4488111, 25.781], [34.3627783, 132.4487775, 25.796], [34.3628108, 132.4487442, 25.811], [34.3628469, 132.4487083, 25.824], [34.3628831, 132.4486725, 25.837], [34.3629192, 132.4486367, 25.85], [34.3629525, 132.4486039, 25.85], [34.3629858, 132.4485711, 25.85], [34.3630192, 132.4485381, 25.85], [34.3630525, 132.4485053, 25.85], [34.3630897, 132.4484683, 25.829], [34.3631272, 132.4484314, 25.808], [34.3631644, 132.4483942, 25.787], [34.3632017, 132.4483572, 25.767], [34.3632381, 132.4483211, 25.73], [34.3632744, 132.4482853, 25.693], [34.3633108, 132.4482492, 25.656], [34.3633447, 132.4482158, 25.612], [34.3633786, 132.4481822, 25.567], [34.3634125, 132.4481489, 25.523], [34.3634464, 132.4481153, 25.479], [34.3634872, 132.4480758, 25.41], [34.3635278, 132.4480361, 25.342], [34.3635633, 132.4480017, 25.271], [34.3635986, 132.4479672, 25.2], [34.3636342, 132.4479325, 25.129], [34.3636694, 132.4478981, 25.058], [34.3637053, 132.4478633, 24.992], [34.3637411, 132.4478286, 24.927], [34.3637769, 132.4477939, 24.861], [34.3638128, 132.4477592, 24.796], [34.3638486, 132.4477244, 24.73], [34.3638847, 132.4476897, 24.669], [34.3639206, 132.4476547, 24.609], [34.3639567, 132.44762, 24.548], [34.3639925, 132.4475853, 24.487], [34.3640286, 132.4475503, 24.426], [34.3640644, 132.4475156, 24.365], [34.3641003, 132.4474817, 24.305], [34.3641361, 132.4474467, 24.244], [34.3641722, 132.4474119, 24.183], [34.3642075, 132.4473769, 24.118], [34.3642425, 132.4473417, 24.053], [34.3642778, 132.4473067, 23.988], [34.3643128, 132.4472714, 23.922], [34.3643481, 132.4472364, 23.857], [34.3643775, 132.4472028, 23.795], [34.3644072, 132.4471694, 23.733], [34.3644367, 132.4471358, 23.671], [34.3644631, 132.4471056, 23.616], [34.3644897, 132.4470753, 23.562], [34.3645161, 132.447045, 23.507], [34.3645489, 132.4470081, 23.464], [34.3645856, 132.4469664, 23.391], [34.3646225, 132.4469244, 23.318], [34.3646592, 132.4468828, 23.244], [34.3646925, 132.4468386, 23.174], [34.3647261, 132.4467944, 23.104], [34.3647594, 132.4467503, 23.033], [34.3647883, 132.4467125, 22.971], [34.3648169, 132.4466744, 22.909], [34.3648458, 132.4466367, 22.847], [34.3648744, 132.4465986, 22.784], [34.3649033, 132.4465608, 22.722], [34.3649319, 132.4465228, 22.66], [34.3649594, 132.44648, 22.595], [34.3649867, 132.4464372, 22.531], [34.3650142, 132.4463947, 22.466], [34.3650414, 132.4463519, 22.401], [34.3650689, 132.4463092, 22.337], [34.3650961, 132.4462664, 22.272], [34.3651236, 132.4462236, 22.208], [34.3651508, 132.4461808, 22.143], [34.3651783, 132.4461383, 22.079], [34.3652056, 132.4460956, 22.014], [34.3652331, 132.4460528, 21.949], [34.3652617, 132.4459994, 21.869], [34.36529, 132.4459461, 21.789], [34.3653153, 132.4458992, 21.728], [34.3653403, 132.4458525, 21.668], [34.3653656, 132.4458056, 21.608], [34.3653914, 132.4457575, 21.533], [34.3654172, 132.4457094, 21.458], [34.3654425, 132.4456619, 21.393], [34.365465, 132.4456144, 21.329], [34.3654875, 132.4455672, 21.266], [34.36551, 132.4455197, 21.203], [34.3655328, 132.4454722, 21.14], [34.3655553, 132.4454247, 21.076], [34.3655778, 132.4453775, 21.013], [34.3656003, 132.44533, 20.95], [34.3656222, 132.4452839, 20.876], [34.3656442, 132.4452378, 20.802], [34.3656633, 132.4451875, 20.726], [34.3656822, 132.4451369, 20.649], [34.3657014, 132.4450867, 20.573], [34.3657203, 132.4450375, 20.515], [34.3657408, 132.4449836, 20.468], [34.3657614, 132.44493, 20.42], [34.3657819, 132.4448761, 20.373], [34.3658036, 132.4448125, 20.326], [34.3658192, 132.4447664, 20.305], [34.3658344, 132.4447203, 20.283], [34.36585, 132.4446744, 20.262], [34.3658653, 132.4446283, 20.241], [34.3658808, 132.4445822, 20.219], [34.3658961, 132.4445361, 20.198], [34.3659136, 132.4444808, 20.195], [34.3659311, 132.4444253, 20.192], [34.3659486, 132.44437, 20.189], [34.3659647, 132.4443197, 20.206], [34.3659806, 132.4442697, 20.223], [34.3659967, 132.4442194, 20.24], [34.3660125, 132.4441692, 20.257], [34.3660264, 132.4441181, 20.284], [34.3660403, 132.4440669, 20.312], [34.3660542, 132.4440158, 20.339], [34.3660681, 132.443965, 20.366], [34.3660819, 132.4439139, 20.393], [34.3660958, 132.4438628, 20.42], [34.3661097, 132.4438117, 20.448], [34.3661236, 132.4437606, 20.475], [34.3661358, 132.443715, 20.495], [34.3661483, 132.4436697, 20.516], [34.3661606, 132.4436242, 20.536], [34.3661747, 132.4435744, 20.559], [34.3661889, 132.4435247, 20.582], [34.3662044, 132.4434711, 20.615], [34.3662197, 132.4434175, 20.648], [34.3662353, 132.4433636, 20.681], [34.3662506, 132.44331, 20.714], [34.3662661, 132.4432564, 20.747], [34.3662814, 132.4432028, 20.781], [34.3662969, 132.4431492, 20.814], [34.3663122, 132.4430956, 20.848], [34.3663278, 132.4430461, 20.876], [34.3663431, 132.4429964, 20.905], [34.3663586, 132.4429469, 20.933], [34.3663739, 132.4428972, 20.962], [34.3663894, 132.4428478, 20.99], [34.3664047, 132.4427981, 21.019], [34.3664203, 132.4427486, 21.047], [34.3664356, 132.4426997, 21.073], [34.3664508, 132.4426508, 21.099], [34.3664661, 132.4426019, 21.125], [34.3664814, 132.4425531, 21.151], [34.3664964, 132.4425069, 21.171], [34.3665111, 132.4424608, 21.191], [34.3665261, 132.4424147, 21.211], [34.3665444, 132.4423589, 21.243], [34.3665631, 132.4423028, 21.276], [34.3665814, 132.4422469, 21.308], [34.3665997, 132.4421908, 21.341], [34.3666167, 132.4421392, 21.367], [34.3666336, 132.4420872, 21.393], [34.3666428, 132.4420597, 21.402], [34.3666589, 132.4420167, 21.428], [34.366675, 132.4419739, 21.454], [34.3666911, 132.4419308, 21.48], [34.3667086, 132.4418844, 21.508], [34.3667261, 132.4418381, 21.537], [34.3667436, 132.4417917, 21.566], [34.3667611, 132.4417456, 21.594], [34.3667786, 132.4416992, 21.623], [34.3667961, 132.4416528, 21.652], [34.3668136, 132.4416064, 21.681], [34.3668353, 132.4415553, 21.713], [34.3668569, 132.4415044, 21.746], [34.3668786, 132.4414533, 21.779], [34.3669, 132.4414022, 21.811], [34.3669217, 132.4413511, 21.844], [34.3669433, 132.4413003, 21.876], [34.366965, 132.4412492, 21.909], [34.3669847, 132.4412036, 21.939], [34.3670047, 132.4411581, 21.968], [34.3670244, 132.4411125, 21.998], [34.3670442, 132.4410667, 22.028], [34.3670642, 132.4410211, 22.057], [34.3670839, 132.4409756, 22.087], [34.3671061, 132.4409258, 22.113], [34.3671283, 132.4408758, 22.14], [34.3671506, 132.4408261, 22.167], [34.3671725, 132.4407764, 22.193], [34.3671947, 132.4407267, 22.22], [34.3672169, 132.4406767, 22.246], [34.3672392, 132.4406269, 22.273], [34.3672611, 132.4405783, 22.282], [34.3672828, 132.4405297, 22.291], [34.3673047, 132.4404811, 22.3], [34.3673267, 132.4404325, 22.292], [34.3673483, 132.4403839, 22.283], [34.3673714, 132.4403325, 22.261], [34.3673944, 132.4402811, 22.238], [34.3674175, 132.4402294, 22.216], [34.3674406, 132.4401781, 22.193], [34.3674619, 132.4401311, 22.153], [34.3674833, 132.4400842, 22.112], [34.3675044, 132.4400372, 22.072], [34.3675258, 132.4399903, 22.031], [34.3675469, 132.4399442, 21.969], [34.3675678, 132.4398981, 21.907], [34.3675889, 132.4398519, 21.844], [34.3676114, 132.4398008, 21.752], [34.3676342, 132.4397494, 21.66], [34.3676567, 132.4396983, 21.568], [34.3676792, 132.4396469, 21.475], [34.3677019, 132.4395958, 21.383], [34.3677244, 132.4395444, 21.291], [34.36774, 132.4395036, 21.212], [34.3677556, 132.4394625, 21.133], [34.3677711, 132.4394217, 21.054], [34.3677875, 132.4393786, 20.959], [34.3678039, 132.4393353, 20.864], [34.3678206, 132.4392892, 20.773], [34.3678372, 132.4392431, 20.683], [34.3678561, 132.4391906, 20.589], [34.3678744, 132.43914, 20.483], [34.3678931, 132.4390892, 20.378], [34.3679114, 132.4390386, 20.273], [34.3679289, 132.4389869, 20.166], [34.3679464, 132.4389356, 20.059], [34.3679636, 132.4388839, 19.952], [34.3679811, 132.4388322, 19.845], [34.3680022, 132.4387708, 19.735], [34.3680186, 132.4387203, 19.636], [34.3680347, 132.4386694, 19.537], [34.3680511, 132.4386189, 19.438], [34.3680672, 132.4385683, 19.339], [34.3680836, 132.4385175, 19.24], [34.3680997, 132.4384669, 19.14], [34.3681128, 132.4384217, 19.049], [34.3681269, 132.4383725, 18.95], [34.3681411, 132.4383233, 18.852], [34.3681556, 132.4382744, 18.753], [34.3681697, 132.4382253, 18.654], [34.3681839, 132.4381761, 18.556], [34.3681981, 132.4381269, 18.457], [34.3682139, 132.4380728, 18.346], [34.3682294, 132.4380183, 18.236], [34.3682453, 132.4379642, 18.125], [34.3682611, 132.43791, 18.014], [34.3682769, 132.4378558, 17.903], [34.3682925, 132.4378014, 17.792], [34.3683083, 132.4377472, 17.682], [34.3683222, 132.4376928, 17.578], [34.3683358, 132.4376386, 17.474], [34.3683497, 132.4375842, 17.37], [34.3683628, 132.4375322, 17.27], [34.3683761, 132.4374803, 17.17], [34.3683892, 132.4374283, 17.07], [34.3684025, 132.4373764, 16.97], [34.3684156, 132.4373242, 16.87], [34.3684289, 132.4372722, 16.77], [34.3684419, 132.4372203, 16.67], [34.3684553, 132.4371683, 16.571], [34.3684683, 132.4371164, 16.471], [34.3684811, 132.4370622, 16.375], [34.3684939, 132.4370081, 16.279], [34.3685067, 132.4369544, 16.167], [34.3685194, 132.4369008, 16.055], [34.3685322, 132.4368469, 15.962], [34.3685453, 132.4367928, 15.868], [34.3685581, 132.4367389, 15.774], [34.3685711, 132.4366847, 15.688], [34.3685839, 132.4366311, 15.634], [34.3685967, 132.4365775, 15.579], [34.3686094, 132.4365239, 15.524], [34.3686247, 132.4364603, 15.469], [34.3686372, 132.4364078, 15.449], [34.3686497, 132.436355, 15.429], [34.3686622, 132.4363025, 15.409], [34.3686753, 132.4362481, 15.41], [34.3686883, 132.4361933, 15.411], [34.3687014, 132.4361392, 15.428], [34.3687144, 132.4360847, 15.445], [34.3687272, 132.4360306, 15.462], [34.3687403, 132.4359764, 15.479], [34.3687533, 132.4359219, 15.495], [34.3687664, 132.4358678, 15.512], [34.3687792, 132.4358136, 15.529], [34.3687922, 132.4357592, 15.546], [34.3688053, 132.435705, 15.563], [34.3688172, 132.4356553, 15.576], [34.3688292, 132.4356056, 15.588], [34.3688411, 132.4355558, 15.6], [34.3688531, 132.4355061, 15.612], [34.368865, 132.4354564, 15.625], [34.3688772, 132.4354069, 15.637], [34.3688892, 132.4353572, 15.649], [34.3689011, 132.4353075, 15.661], [34.3689131, 132.4352578, 15.674], [34.368925, 132.4352081, 15.686], [34.3689369, 132.4351583, 15.698], [34.3689489, 132.4351075, 15.708], [34.3689608, 132.4350567, 15.717], [34.3689683, 132.435035, 15.722]]",1,60
OE,"[34.3690194, 132.4349828, 34.3691975, 132.4342356, 34.3693553, 132.4335947, 34.3695078, 132.4329767, 34.3696553, 132.4323586, 34.3697722, 132.4318553, 34.3698944, 132.4313364, 34.3700867, 132.4305425, 34.3702189, 132.4300161, 34.3703208, 132.4295967, 34.3704478, 132.4291083, 34.3706158, 132.4285514, 34.3708089, 132.4280019, 34.3709208, 132.4277122, 34.3711447, 132.4271628, 34.3713583, 132.4266592, 34.3715669, 132.4261558, 34.3718264, 132.4255378, 34.3719483, 132.4252478, 34.3720603, 132.4249503, 34.3723756, 132.4240958]",1,4.0,1071,1,True,"[[34.3690194, 132.4349828, 15.722], [34.3690242, 132.4349539, 15.727], [34.3690361, 132.4349031, 15.737], [34.3690481, 132.4348522, 15.746], [34.3690603, 132.4348008, 15.764], [34.3690722, 132.4347494, 15.781], [34.3690844, 132.4346981, 15.798], [34.3690967, 132.4346467, 15.815], [34.3691086, 132.4345953, 15.833], [34.3691208, 132.4345439, 15.85], [34.3691331, 132.4344922, 15.867], [34.369145, 132.4344408, 15.884], [34.3691572, 132.4343894, 15.902], [34.3691694, 132.4343381, 15.919], [34.3691814, 132.4342867, 15.936], [34.3691936, 132.4342353, 15.953], [34.3692061, 132.4341844, 15.969], [34.3692183, 132.4341336, 15.985], [34.3692308, 132.4340825, 16.001], [34.3692431, 132.4340317, 16.017], [34.3692564, 132.4339769, 16.063], [34.3692697, 132.4339225, 16.065], [34.3692831, 132.4338678, 16.092], [34.3692961, 132.4338142, 16.106], [34.3693092, 132.4337608, 16.119], [34.3693222, 132.4337072, 16.133], [34.3693353, 132.4336539, 16.147], [34.3693483, 132.4336003, 16.16], [34.3693597, 132.4335511, 16.176], [34.3693714, 132.4335019, 16.192], [34.3693828, 132.4334531, 16.208], [34.3693944, 132.4334039, 16.224], [34.3694058, 132.4333547, 16.239], [34.3694175, 132.4333056, 16.255], [34.3694289, 132.4332567, 16.271], [34.3694406, 132.4332075, 16.287], [34.3694519, 132.4331583, 16.303], [34.3694644, 132.4331056, 16.316], [34.3694769, 132.4330525, 16.33], [34.3694892, 132.4329997, 16.343], [34.3695017, 132.4329469, 16.357], [34.3695142, 132.4328942, 16.371], [34.3695267, 132.4328411, 16.384], [34.3695392, 132.4327883, 16.398], [34.3695514, 132.4327356, 16.412], [34.3695639, 132.4326828, 16.425], [34.3695764, 132.4326297, 16.439], [34.3695889, 132.4325769, 16.452], [34.3696014, 132.4325242, 16.466], [34.3696136, 132.4324714, 16.48], [34.3696261, 132.4324183, 16.493], [34.3696386, 132.4323656, 16.507], [34.36965, 132.4323194, 16.522], [34.3696611, 132.4322733, 16.538], [34.3696725, 132.4322269, 16.553], [34.3696836, 132.4321808, 16.569], [34.369695, 132.4321347, 16.584], [34.3697078, 132.4320817, 16.607], [34.3697206, 132.4320289, 16.63], [34.3697331, 132.4319758, 16.652], [34.3697458, 132.4319231, 16.675], [34.3697586, 132.43187, 16.698], [34.3697708, 132.4318178, 16.712], [34.3697828, 132.4317656, 16.726], [34.369795, 132.4317133, 16.74], [34.3698069, 132.4316611, 16.753], [34.3698192, 132.4316092, 16.767], [34.3698311, 132.4315569, 16.781], [34.3698433, 132.4315047, 16.795], [34.3698553, 132.4314525, 16.809], [34.3698675, 132.4314003, 16.823], [34.3698794, 132.4313481, 16.837], [34.3698947, 132.4312847, 16.842], [34.3699075, 132.4312325, 16.863], [34.3699192, 132.43118, 16.884], [34.3699325, 132.4311261, 16.878], [34.3699456, 132.4310719, 16.873], [34.3699589, 132.4310164, 16.904], [34.3699714, 132.4309647, 16.915], [34.3699839, 132.4309131, 16.926], [34.3699967, 132.4308611, 16.938], [34.3700092, 132.4308094, 16.949], [34.3700217, 132.4307578, 16.96], [34.3700342, 132.4307061, 16.972], [34.3700469, 132.4306542, 16.983], [34.3700594, 132.4306025, 16.994], [34.3700719, 132.4305508, 17.006], [34.3700844, 132.4304989, 17.018], [34.3700969, 132.4304467, 17.031], [34.3701094, 132.4303947, 17.044], [34.3701219, 132.4303425, 17.057], [34.3701333, 132.4302953, 17.071], [34.3701447, 132.4302481, 17.086], [34.3701561, 132.4302006, 17.1], [34.3701675, 132.4301533, 17.114], [34.3701817, 132.430095, 17.125], [34.3701958, 132.4300367, 17.135], [34.3702083, 132.4299831, 17.154], [34.3702211, 132.4299294, 17.172], [34.3702336, 132.4298756, 17.191], [34.3702461, 132.4298219, 17.209], [34.3702586, 132.4297683, 17.228], [34.3702714, 132.4297147, 17.246], [34.3702839, 132.4296608, 17.265], [34.3702964, 132.4296072, 17.283], [34.3703106, 132.4295531, 17.301], [34.3703247, 132.4294989, 17.319], [34.3703389, 132.4294447, 17.337], [34.3703531, 132.4293906, 17.355], [34.3703669, 132.4293364, 17.372], [34.3703811, 132.4292822, 17.39], [34.3703953, 132.4292281, 17.408], [34.3704094, 132.4291739, 17.426], [34.3704236, 132.4291197, 17.444], [34.3704386, 132.4290711, 17.456], [34.3704533, 132.4290225, 17.469], [34.3704683, 132.4289736, 17.482], [34.3704831, 132.428925, 17.494], [34.3704992, 132.4288722, 17.513], [34.3705156, 132.4288194, 17.532], [34.3705317, 132.4287664, 17.551], [34.3705478, 132.4287136, 17.57], [34.3705622, 132.4286667, 17.579], [34.3705767, 132.4286194, 17.589], [34.3705911, 132.4285725, 17.598], [34.3706081, 132.4285231, 17.61], [34.3706253, 132.4284733, 17.622], [34.3706422, 132.4284239, 17.634], [34.3706594, 132.4283744, 17.646], [34.3706764, 132.4283247, 17.658], [34.3706936, 132.4282753, 17.67], [34.3707106, 132.4282256, 17.682], [34.3707278, 132.4281761, 17.694], [34.3707447, 132.4281267, 17.707], [34.3707619, 132.4280769, 17.719], [34.3707789, 132.4280275, 17.731], [34.3707978, 132.4279781, 17.748], [34.3708167, 132.4279283, 17.766], [34.3708356, 132.4278789, 17.784], [34.3708542, 132.4278294, 17.802], [34.3708731, 132.4277797, 17.82], [34.3708919, 132.4277303, 17.838], [34.3709114, 132.4276825, 17.855], [34.3709311, 132.4276347, 17.872], [34.3709506, 132.4275869, 17.89], [34.37097, 132.4275392, 17.907], [34.3709897, 132.4274914, 17.924], [34.3710092, 132.4274436, 17.941], [34.3710286, 132.4273958, 17.959], [34.3710483, 132.4273481, 17.976], [34.3710678, 132.4273003, 17.993], [34.3710908, 132.4272436, 18.002], [34.3711139, 132.4271869, 18.012], [34.3711342, 132.4271389, 18.026], [34.3711547, 132.4270908, 18.04], [34.371175, 132.4270425, 18.053], [34.3711953, 132.4269944, 18.067], [34.3712164, 132.4269447, 18.076], [34.3712375, 132.426895, 18.085], [34.3712583, 132.4268456, 18.094], [34.3712794, 132.4267958, 18.103], [34.3713006, 132.4267461, 18.111], [34.3713214, 132.4266972, 18.101], [34.3713419, 132.4266481, 18.09], [34.3713625, 132.4265997, 18.095], [34.3713831, 132.4265514, 18.099], [34.3714047, 132.4265006, 18.092], [34.3714264, 132.4264494, 18.086], [34.3714478, 132.4263986, 18.079], [34.3714694, 132.4263475, 18.073], [34.3714925, 132.4262928, 18.056], [34.3715156, 132.4262383, 18.039], [34.3715386, 132.4261836, 18.023], [34.3715581, 132.4261375, 18.004], [34.3715775, 132.4260914, 17.986], [34.3715969, 132.4260453, 17.968], [34.3716164, 132.4259992, 17.95], [34.3716375, 132.4259497, 17.939], [34.3716583, 132.4259003, 17.928], [34.3716794, 132.4258508, 17.917], [34.3717003, 132.4258014, 17.906], [34.3717214, 132.4257519, 17.895], [34.3717422, 132.4257025, 17.884], [34.3717606, 132.4256589, 17.865], [34.3717792, 132.4256156, 17.847], [34.3717975, 132.4255719, 17.828], [34.3718183, 132.4255186, 17.814], [34.3718392, 132.4254653, 17.799], [34.3718597, 132.4254122, 17.785], [34.3718806, 132.4253589, 17.771], [34.3719014, 132.4253056, 17.756], [34.3719136, 132.4252744, 17.772], [34.3719203, 132.4252564, 17.784], [34.3719397, 132.4252072, 17.771], [34.3719589, 132.4251578, 17.759], [34.3719761, 132.4251139, 17.728], [34.3719931, 132.42507, 17.698], [34.3720103, 132.4250261, 17.668], [34.3720272, 132.4249822, 17.638], [34.3720469, 132.4249281, 17.598], [34.3720669, 132.4248739, 17.558], [34.3720867, 132.42482, 17.518], [34.3721067, 132.4247658, 17.478], [34.3721264, 132.4247117, 17.438], [34.3721447, 132.4246619, 17.409], [34.3721631, 132.4246119, 17.38], [34.3721814, 132.4245622, 17.351], [34.3721997, 132.4245122, 17.322], [34.3722183, 132.4244617, 17.298], [34.3722369, 132.4244114, 17.273], [34.3722553, 132.4243608, 17.248], [34.3722739, 132.4243103, 17.223], [34.3722908, 132.4242644, 17.209], [34.3723075, 132.4242186, 17.194], [34.3723244, 132.4241725, 17.18], [34.3723411, 132.4241267, 17.165]]",1,60
OE,"[34.3723756, 132.4240958, 34.3726197, 132.4235922, 34.3728589, 132.4230964, 34.3731131, 132.4225317, 34.3733728, 132.4219753, 34.3736322, 132.4214261, 34.3737644, 132.4211286]",1,4.0,313,1,True,"[[34.3723786, 132.4240936, 17.165], [34.3724017, 132.424045, 17.152], [34.3724247, 132.4239964, 17.139], [34.3724481, 132.4239478, 17.126], [34.3724711, 132.4238992, 17.113], [34.3724942, 132.4238506, 17.099], [34.3725172, 132.4238019, 17.086], [34.3725406, 132.4237533, 17.073], [34.3725636, 132.4237047, 17.06], [34.3725867, 132.4236561, 17.047], [34.3726092, 132.4236089, 17.05], [34.3726319, 132.4235617, 17.033], [34.3726547, 132.4235142, 17.037], [34.3726778, 132.4234669, 17.04], [34.3727006, 132.4234194, 17.044], [34.3727236, 132.4233722, 17.047], [34.3727464, 132.4233247, 17.05], [34.3727678, 132.42328, 17.043], [34.3727892, 132.4232353, 17.035], [34.3728108, 132.4231903, 17.028], [34.3728322, 132.4231456, 17.02], [34.3728536, 132.4231008, 17.012], [34.3728692, 132.4230667, 16.996], [34.3728844, 132.4230322, 16.979], [34.3729069, 132.4229836, 16.928], [34.3729292, 132.422935, 16.878], [34.3729517, 132.4228864, 16.827], [34.3729736, 132.4228386, 16.804], [34.3729958, 132.4227906, 16.75], [34.3730181, 132.4227422, 16.696], [34.3730364, 132.4227025, 16.641], [34.3730544, 132.4226625, 16.586], [34.3730728, 132.4226228, 16.532], [34.3730936, 132.4225775, 16.455], [34.3731144, 132.4225319, 16.379], [34.3731339, 132.4224903, 16.308], [34.3731533, 132.4224489, 16.236], [34.3731728, 132.4224072, 16.164], [34.3731936, 132.4223628, 16.07], [34.3732144, 132.4223183, 15.975], [34.373235, 132.4222739, 15.88], [34.3732558, 132.4222294, 15.785], [34.3732744, 132.4221892, 15.684], [34.3732931, 132.4221492, 15.583], [34.3733117, 132.4221089, 15.481], [34.3733347, 132.4220597, 15.337], [34.3733578, 132.4220106, 15.184], [34.3733808, 132.4219617, 15.031], [34.3734036, 132.4219125, 14.878], [34.3734267, 132.4218633, 14.725], [34.3734497, 132.4218144, 14.547], [34.3734725, 132.4217656, 14.368], [34.3734956, 132.4217164, 14.19], [34.3735183, 132.4216675, 14.012], [34.3735397, 132.4216217, 13.834], [34.3735611, 132.4215756, 13.656], [34.3735825, 132.4215297, 13.478], [34.3736039, 132.4214836, 13.3], [34.3736253, 132.4214378, 13.122], [34.3736483, 132.4213889, 12.911], [34.3736711, 132.4213397, 12.7], [34.3736942, 132.4212908, 12.488], [34.3737169, 132.4212417, 12.277], [34.37374, 132.4211928, 12.066], [34.3737628, 132.4211436, 11.854]]",1,60
OE,"[34.3737644, 132.4211286, 34.3740697, 132.42048, 34.3743442, 132.4198697, 34.3746139, 132.4192592, 34.3748733, 132.4186414]",1,4.0,259,1,True,"[[34.3737675, 132.4211339, 11.854], [34.3737906, 132.4210844, 11.636], [34.3738136, 132.4210353, 11.418], [34.3738367, 132.4209858, 11.2], [34.3738597, 132.4209364, 10.982], [34.3738831, 132.4208858, 10.788], [34.3739064, 132.4208353, 10.594], [34.3739297, 132.4207847, 10.401], [34.3739531, 132.4207342, 10.225], [34.3739767, 132.4206833, 10.05], [34.374, 132.4206328, 9.875], [34.3740231, 132.4205831, 9.718], [34.3740461, 132.4205331, 9.561], [34.3740692, 132.4204833, 9.405], [34.3740922, 132.4204314, 9.27], [34.3741153, 132.4203797, 9.135], [34.3741383, 132.4203278, 9.0], [34.3741611, 132.4202772, 8.889], [34.3741836, 132.4202264, 8.777], [34.3742064, 132.4201758, 8.666], [34.3742289, 132.420125, 8.554], [34.3742517, 132.4200739, 8.469], [34.3742744, 132.4200231, 8.383], [34.3742972, 132.4199719, 8.297], [34.37432, 132.4199211, 8.232], [34.3743425, 132.4198703, 8.166], [34.3743647, 132.4198206, 8.092], [34.3743869, 132.4197706, 8.017], [34.3744092, 132.4197208, 7.969], [34.3744314, 132.4196708, 7.921], [34.3744536, 132.4196217, 7.892], [34.3744756, 132.4195722, 7.863], [34.3744978, 132.4195225, 7.843], [34.37452, 132.4194725, 7.823], [34.3745422, 132.4194228, 7.803], [34.3745661, 132.4193689, 7.799], [34.3745897, 132.419315, 7.794], [34.3746136, 132.4192611, 7.79], [34.3746333, 132.4192144, 7.812], [34.3746533, 132.4191675, 7.835], [34.3746731, 132.4191208, 7.857], [34.3746931, 132.4190739, 7.88], [34.3747128, 132.4190272, 7.902], [34.3747336, 132.4189778, 7.939], [34.3747547, 132.4189286, 7.975], [34.3747756, 132.4188792, 8.011], [34.3747967, 132.41883, 8.047], [34.3748175, 132.4187806, 8.084], [34.374835, 132.4187394, 8.105], [34.3748525, 132.4186981, 8.126], [34.37487, 132.4186569, 8.147]]",1,60
