,meshcode,linkno,geometry
0,513244,243,
1,513244,257,
2,513244,258,
3,513244,259,
4,513244,337,
5,513244,339,
6,513244,901,
7,513244,903,
8,513244,905,
9,513244,906,
10,513244,909,
11,513244,910,
12,513244,912,
13,513244,913,
14,513244,914,
15,513244,917,
16,513244,918,
17,513244,919,
18,513244,920,
19,513244,921,
20,513244,924,
21,513244,931,
22,513244,932,
23,513244,936,
24,513244,937,
25,513244,938,
26,513244,940,
27,513244,943,
28,513244,944,
29,513244,945,
30,513244,946,
31,513244,947,
32,513244,951,
33,513244,952,
34,513244,953,
35,513244,954,
36,513244,955,
37,513244,956,
38,513244,957,
39,513244,958,
40,513244,959,
41,513244,960,
42,513244,961,
43,513244,962,
44,513244,963,
45,513244,964,
46,513244,974,
47,513244,975,
48,513244,976,
49,513244,977,
50,513244,986,
51,513244,999,
52,513244,1005,
53,513244,1006,
54,513244,1007,
55,513244,1008,
56,513244,1009,
57,513244,1010,
58,513244,1012,
59,513244,1013,
60,513244,1014,
61,513244,1015,
62,513244,1029,
63,513244,1030,
64,513244,1031,
65,513244,1039,
66,513244,1043,
67,513244,1044,
68,513244,1045,
69,513244,1046,
70,513244,1050,
71,513244,1051,
72,513244,1054,
73,513244,1057,
74,513244,1058,
75,513244,1059,
76,513244,1060,
77,513244,1061,
78,513244,1062,
79,513244,1063,
80,513244,1064,
81,513244,1065,
82,513244,1067,
83,513244,1068,
84,513244,1069,
85,513244,1070,
86,513244,1071,
87,513244,1073,
88,513244,1089,
89,513244,1095,
90,513244,1096,
91,513244,1097,
92,513244,1099,
93,513244,1100,
94,513244,1101,
95,513244,1109,
96,513244,1110,
97,513244,1111,
98,513244,1123,
99,513244,1124,
100,513244,1125,
101,513244,1126,
102,513244,1127,
103,513244,1128,
104,513244,1129,
105,513244,1130,
106,513244,1131,
107,513244,1132,
108,513244,1137,
109,513244,1143,
110,513244,1144,
111,513244,1145,
112,513244,1146,
113,513244,1150,
114,513244,1151,
115,513244,1153,
116,513244,1154,
117,513244,1157,
118,513244,1159,
119,513244,1160,
120,513244,1161,
121,513244,1162,
122,513244,1163,
123,513244,1164,
124,513244,1165,
125,513244,1166,
126,513244,1167,
127,513244,1168,
128,513244,1169,
129,513244,1170,
130,513244,1171,
131,513244,1172,
132,513244,1173,
133,513244,1174,
134,513244,1175,
135,513244,1176,
136,513244,1177,
137,513244,1178,
138,513244,1179,
139,513244,1180,
140,513244,1181,
141,513244,1182,
142,513244,1183,
143,513244,1189,
144,513244,1207,
145,513244,1208,
146,513244,1209,
147,513244,1210,
148,513244,1211,
149,513244,1212,
150,513244,1213,
151,513244,1215,
152,513244,1216,
153,513244,1217,
154,513244,1218,
155,513244,1220,
156,513244,1221,
157,513244,1222,
158,513244,1223,
159,513244,1227,
160,513244,1228,
161,513244,1229,
162,513244,1230,
163,513244,1231,
164,513244,1232,
165,513244,1233,
166,513244,1236,
167,513244,1237,
168,513244,1240,
169,513244,1241,
170,513244,1242,
171,513244,1243,
172,513244,1244,
173,513244,1245,
174,513244,1246,
175,513244,1247,
176,513244,1248,
177,513244,1250,
178,513244,1251,
179,513244,1252,
180,513244,1261,
181,513244,1262,
182,513244,1263,
183,513244,1264,
184,513244,1265,
185,513244,1266,
186,513244,1267,
187,513244,1268,
188,513244,1269,
189,513244,1270,
190,513244,1277,
191,513244,1278,
192,513244,1279,
193,513244,1280,
194,513244,1281,
195,513244,1282,
196,513244,1288,
197,513244,1291,
198,513244,1294,
199,513244,1295,
200,513244,1298,
201,513244,1299,
202,513244,1300,
203,513244,1301,
204,513244,1303,
205,513244,1308,
206,513244,1309,
207,513244,1310,
208,513244,1311,
209,513244,1312,
210,513244,1313,
211,513244,1314,
212,513244,1315,
213,513244,1316,
214,513244,1318,
215,513244,1319,
216,513244,1320,
217,513244,1321,
218,513244,1322,
219,513244,1323,
220,513244,1324,
221,513244,1325,
222,513244,1326,
223,513244,1327,
224,513244,1328,
225,513244,1329,
226,513244,1333,
227,513244,1334,
228,513244,1338,
229,513244,1356,
230,513244,1357,
231,513244,1362,
232,513244,1363,
233,513244,1364,
234,513244,1365,
235,513244,1368,
236,513244,1369,
237,513244,1370,
238,513244,1371,
239,513244,1372,
240,513244,1373,
241,513244,1399,
242,513244,1401,
243,513244,1402,
244,513244,1403,
245,513244,1404,
246,513244,1405,
247,513244,1406,
248,513244,1407,
249,513244,1409,
250,513244,1410,
251,513244,1411,
252,513244,1412,
253,513244,1413,
254,513244,1414,
255,513244,1415,
256,513244,1419,
257,513244,1420,
258,513244,1425,
259,513244,1426,
260,513244,1427,
261,513244,1428,
262,513244,1429,
263,513244,1430,
264,513244,1431,
265,513244,1432,
266,513244,1433,
267,513244,1441,
268,513244,1442,
269,513244,1443,
270,513244,1444,
271,513244,1445,
272,513244,1446,
273,513244,1447,
274,513244,1453,
275,513244,1457,
276,513244,1458,
277,513244,1459,
278,513244,1462,
279,513244,1463,
280,513244,1464,
281,513244,1465,
282,513244,1466,
283,513244,1468,
284,513244,1469,
285,513244,1470,
286,513244,1471,
287,513244,1473,
288,513244,1474,
289,513244,1480,
290,513244,1481,
291,513244,1482,
292,513244,1483,
293,513244,1486,
294,513244,1487,
295,513244,1488,
296,513244,1489,
297,513244,1490,
298,513244,1491,
299,513244,1492,
300,513244,1493,
301,513244,1494,
302,513244,1495,
303,513244,1496,
304,513244,1497,
305,513244,1498,
306,513244,1499,
307,513244,1500,
308,513244,1514,
309,513244,1515,
310,513244,1536,
311,513244,1537,
312,513244,1546,
313,513244,1547,
314,513244,1548,
315,513244,1549,
316,513244,1557,
317,513244,1558,
318,513244,1559,
319,513244,1560,
320,513244,1561,
321,513244,1562,
322,513244,1563,
323,513244,1564,
324,513244,1565,
325,513244,1566,
326,513244,1567,
327,513244,1568,
328,513244,1569,
329,513244,1570,
330,513244,1574,
331,513244,1575,
332,513244,1576,
333,513244,1577,
334,513244,1578,
335,513244,1579,
336,513244,1580,
337,513244,1583,
338,513244,1584,
339,513244,1585,
340,513244,1586,
341,513244,1587,
342,513244,1588,
343,513244,1589,
344,513244,1590,
345,513244,1591,
346,513244,1592,
347,513244,1593,
348,513244,1594,
349,513244,1595,
350,513244,1597,
351,513244,1604,
352,513244,1678,
353,513244,1679,
354,513244,1680,
355,513244,1688,
356,513244,1689,
357,513244,1690,
358,513244,1691,
359,513244,1692,
360,513244,1693,
361,513244,1694,
362,513244,1695,
363,513244,1696,
364,513244,1697,
365,513244,1701,
366,513244,1702,
367,513244,1703,
368,513244,1712,
369,513244,1719,
370,513244,1722,
371,513244,1727,
372,513244,1728,
373,513244,1734,
374,513244,1739,
375,513244,1744,
376,513244,1748,
377,513244,1749,
378,513244,1750,
379,513244,1751,
380,513244,1752,
381,513244,1753,
382,513244,1754,
383,513244,1755,
384,513244,1756,
385,513244,1757,
386,513244,1758,
387,513244,1770,
388,513244,1773,
389,513244,1774,
390,513244,1776,
391,513244,1777,
392,513244,1778,
393,513244,1779,
394,513244,1780,
395,513244,1783,
396,513244,1784,
397,513244,1785,
398,513244,1787,
399,513244,1789,
400,513244,1790,
401,513244,1792,
402,513244,1794,
403,513244,1795,
404,513244,1796,
405,513244,1797,
406,513244,1798,
407,513244,1799,
408,513244,1800,
409,513244,1801,
410,513244,1802,
411,513244,1805,
412,513244,1806,
413,513244,1807,
414,513244,1808,
415,513244,1809,
416,513244,1810,
417,513244,1812,
418,513244,1813,
419,513244,1814,
420,513244,1815,
421,513244,1816,
422,513244,1817,
423,513244,1818,
424,513244,1821,
425,513244,1822,
426,513244,1823,
427,513244,1839,
428,513244,1840,
429,513244,1841,
430,513244,1845,
431,513244,1846,
432,513244,1847,
433,513244,1848,
434,513244,1854,
435,513244,1855,
436,513244,1870,
437,513244,1871,
438,513244,1872,
439,513244,1874,
440,513244,1881,
441,513244,1882,
442,513244,1883,
443,513244,1884,
444,513244,1885,
445,513244,1886,
446,513244,1893,
447,513244,1894,
448,513244,1895,
449,513244,1896,
450,513244,1897,
451,513244,1902,
452,513244,1903,
453,513244,1906,
454,513244,1907,
455,513244,1914,
456,513244,1915,
457,513244,1981,
458,513244,1982,
459,513244,1994,
460,513244,2000,
461,513244,2001,
462,513244,2012,
463,513244,2017,
464,513244,2018,
465,513244,2027,
466,513244,2028,
467,513244,2029,
468,513244,2030,
469,513244,2031,
470,513244,2035,
471,513244,2036,
472,513244,2040,
473,513244,2041,
474,513244,2045,
475,513244,2046,
476,513244,2063,
477,513244,2065,
478,513244,2067,
479,513244,2068,
480,513244,2069,
481,513244,2070,
482,513244,2071,
483,513244,2072,
484,513244,2074,
485,513244,2075,
486,513244,2077,
487,513244,2078,
488,513244,2081,
489,513244,2084,
490,513244,2085,
491,513244,2088,
492,513244,2091,
493,513244,2092,
494,513244,2093,
495,513244,2094,
496,513244,2095,
497,513244,2100,
498,513244,2101,
499,513244,2103,
500,513244,2104,
501,513244,2107,
502,513244,2108,
503,513244,2109,
504,513244,2110,
505,513244,2111,
506,513244,2112,
507,513244,2113,
508,513244,2114,
509,513244,2115,
510,513244,2116,
511,513244,2118,
512,513244,2119,
513,513244,2120,
514,513244,2121,
515,513244,2122,
516,513244,2123,
517,513244,2124,
518,513244,2125,
519,513244,2126,
520,513244,2127,
521,513244,2128,
522,513244,2131,
523,513244,2132,
524,513244,2133,
525,513244,2134,
526,513244,2135,
527,513244,2138,
528,513244,2139,
529,513244,2140,
530,513244,2141,
531,513244,2142,
532,513244,2143,
533,513244,2144,
534,513244,2147,
535,513244,2148,
536,513244,2162,
537,513244,2163,
538,513244,2164,
539,513244,2166,
540,513244,2187,
541,513244,2188,
542,513244,2189,
543,513244,2193,
544,513244,2204,
545,513244,2205,
546,513244,2206,
547,513244,2207,
548,513244,2216,
549,513244,2217,
550,513244,2219,
551,513244,2224,
552,513244,2229,
553,513244,2230,
554,513244,2231,
555,513244,2234,
556,513244,2235,
557,513244,2236,
558,513244,2237,
559,513244,2238,
560,513244,2239,
561,513244,2240,
562,513244,2244,
563,513244,2245,
564,513244,2246,
565,513244,2248,
566,513244,2249,
567,513244,2254,
568,513244,2258,
569,513244,2260,
570,513244,2266,
571,513244,2271,
572,513244,2272,
573,513244,2282,
574,513244,2284,
575,513244,2285,
576,513244,2286,
577,513244,2291,
578,513244,2292,
579,513244,2296,
580,513244,2310,
581,513244,2311,
582,513244,2312,
583,513244,2315,
584,513244,2316,
585,513244,2328,
586,513244,2353,
587,513244,2368,
588,513244,2369,
589,513244,2374,
590,513244,2376,
591,513244,2377,
592,513244,2380,
593,513244,2381,
594,513244,2382,
595,513244,2384,
596,513244,2385,
597,513244,2386,
598,513244,2395,
599,513244,2396,
600,513244,2402,
601,513244,2403,
602,513244,2404,
603,513244,2405,
604,513244,2409,
605,513244,2415,
606,513244,2417,
607,513244,2432,
608,513244,2436,
609,513244,2440,
610,513244,2441,
611,513244,2444,
612,513244,2447,
613,513244,2464,
614,513244,2466,
615,513244,2468,
616,513244,2469,
617,513244,2480,
618,513244,2487,
619,513244,2492,
620,513244,2495,
621,513244,2501,
622,513244,2502,
623,513244,2503,
624,513244,2504,
625,513244,2505,
626,513244,2506,
627,513244,2510,
628,513244,2511,
629,513244,2512,
630,513244,2513,
631,513244,2516,
632,513244,2518,
633,513244,2525,
634,513244,2532,
635,513244,2536,
636,513244,2538,
637,513244,2541,
638,513244,2546,
639,513244,2551,
640,513244,2555,
641,513244,2556,
642,513244,2557,
643,513244,2558,
644,513244,2575,
645,513244,2581,
646,513244,2583,
647,513244,2586,
648,513244,2601,
649,513244,2604,
650,513244,2605,
651,513244,2617,
652,513244,2618,
653,513244,2619,
654,513244,2623,
655,513244,2643,
656,513244,2644,
657,513244,2645,
658,513244,2648,
659,513244,2649,
660,513244,2654,
661,513244,2655,
662,513244,2662,
663,513244,2666,
664,513244,2670,
665,513244,2691,
666,513244,2692,
667,513244,2693,
668,513244,2694,
669,513244,2695,
670,513244,2696,
671,513244,2697,
672,513244,2699,
673,513244,2700,
674,513244,2701,
675,513244,2702,
676,513244,2703,
677,513244,2704,
678,513244,2705,
679,513244,2706,
680,513244,2708,
681,513244,2709,
682,513244,2710,
683,513244,2711,
684,513244,2712,
685,513244,2713,
686,513244,2714,
687,513244,2716,
688,513244,2719,
689,513244,2720,
690,513244,2721,
691,513244,2722,
692,513244,2726,
693,513244,2727,
694,513244,2728,
695,513244,2729,
696,513244,2731,
697,513244,2732,
698,513244,2733,
699,513244,2734,
700,513244,2735,
701,513244,2736,
702,513244,2737,
703,513244,2738,
704,513244,2739,
705,513244,2741,
706,513244,2742,
707,513244,2743,
708,513244,2744,
709,513244,2745,
710,513244,2746,
711,513244,2747,
712,513244,2748,
713,513244,2749,
714,513244,2752,
715,513244,2754,
716,513244,2755,
717,513244,2756,
718,513244,2757,
719,513244,2759,
720,513244,2760,
721,513244,2761,
722,513244,2762,
723,513244,2764,
724,513244,2765,
725,513244,2766,
726,513244,2770,
727,513244,2771,
728,513244,2775,
729,513244,2776,
730,513244,2777,
731,513244,2779,
732,513244,2780,
733,513244,2784,
734,513244,2785,
735,513244,2786,
736,513244,2787,
737,513244,2788,
738,513244,2789,
739,513244,2790,
740,513244,2791,
741,513244,2792,
742,513244,2793,
743,513244,2794,
744,513244,2795,
745,513244,2797,
746,513244,2798,
747,513244,2799,
748,513244,2800,
749,513244,2801,
750,513244,2802,
751,513244,2803,
752,513244,2804,
753,513244,2805,
754,513244,2806,
755,513244,2807,
756,513244,2809,
757,513244,2811,
758,513244,2812,
759,513244,2814,
760,513244,2815,
761,513244,2816,
762,513244,2818,
763,513244,2820,
764,513244,2822,
765,513244,2823,
766,513244,2824,
767,513244,2825,
768,513244,2826,
769,513244,2827,
770,513244,2828,
771,513244,2829,
772,513244,2830,
773,513244,2831,
774,513244,2832,
775,513244,2833,
776,513244,2834,
777,513244,2835,
778,513244,2836,
779,513244,2837,
780,513244,2838,
781,513244,2843,
782,513244,2845,
783,513244,2846,
784,513244,2847,
785,513244,2848,
786,513244,2851,
787,513244,2852,
788,513244,2862,
789,513244,2863,
790,513244,2866,
791,513244,2867,
792,513244,2869,
793,513244,2870,
794,513244,2873,
795,513244,2874,
796,513244,2875,
797,513244,2876,
798,513244,2881,
799,513244,2891,
800,513244,2898,
801,513244,2899,
802,513244,2900,
803,513244,2901,
804,513244,2905,
805,513244,2906,
806,513244,2907,
807,513244,2908,
808,513244,2909,
809,513244,2911,
810,513244,2914,
811,513244,2917,
812,513244,2918,
813,513244,2921,
814,513244,2922,
815,513244,2923,
816,513244,2924,
817,513244,2925,
818,513244,2928,
819,513244,2929,
820,513244,2930,
821,513244,2932,
822,513244,2933,
823,513244,2936,
824,513244,2946,
825,513244,2948,
826,513244,2950,
827,513244,2951,
828,513244,2953,
829,513244,2965,
830,513244,2966,
831,513244,2967,
832,513244,2968,
833,513244,2971,
834,513244,2972,
835,513244,2974,
836,513244,2975,
837,513244,2977,
838,513244,2978,
839,513244,2982,
840,513244,2983,
841,513244,2988,
842,513244,2989,
843,513244,2991,
844,513244,2994,
845,513244,2998,
846,513244,2999,
847,513244,3003,
848,513244,3005,
849,513244,3006,
850,513244,3007,
851,513244,3008,
852,513244,3010,
853,513244,3011,
854,513244,3012,
855,513244,3013,
856,513244,3014,
857,513244,3015,
858,513244,3016,
859,513244,3017,
860,513244,3024,
861,513244,3025,
862,513244,3026,
863,513244,3027,
864,513244,3033,
865,513244,3034,
866,513244,3036,
867,513244,3037,
868,513244,3042,
869,513244,3043,
870,513244,3044,
871,513244,3045,
872,513244,3046,
873,513244,3047,
874,513244,3048,
875,513244,3049,
876,513244,3050,
877,513244,3051,
878,513244,3052,
879,513244,3053,
880,513244,3054,
881,513244,3055,
882,513244,3056,
883,513244,3057,
884,513244,3058,
885,513244,3060,
886,513244,3061,
887,513244,3062,
888,513244,3063,
889,513244,3064,
890,513244,3069,
891,513244,3072,
892,513244,3073,
893,513244,3075,
894,513244,3076,
895,513244,3077,
896,513244,3078,
897,513244,3079,
898,513244,3081,
899,513244,3083,
900,513244,3085,
901,513244,3087,
902,513244,3088,
903,513244,3089,
904,513244,3090,
905,513244,3091,
906,513244,3093,
907,513244,3094,
908,513244,3097,
909,513244,3098,
910,513244,3099,
911,513244,3100,
912,513244,3101,
913,513244,3102,
914,513244,3103,
915,513244,3104,
916,513244,3105,
917,513244,3106,
918,513244,3107,
919,513244,3108,
920,513244,3109,
921,513244,3110,
922,513244,3111,
923,513244,3112,
924,513244,3113,
925,513244,3114,
926,513244,3117,
927,513244,3118,
928,513244,3119,
929,513244,3120,
930,513244,3121,
931,513244,3123,
932,513244,3124,
933,513244,3125,
934,513244,3126,
935,513244,3127,
936,513244,3129,
937,513244,3130,
938,513244,3133,
939,513244,3134,
940,513244,3135,
941,513244,3136,
942,513244,3137,
943,513244,3139,
944,513244,3140,
945,513244,3141,
946,513244,3144,
947,513244,3145,
948,513244,3146,
949,513244,3147,
950,513244,3148,
951,513244,3150,
952,513244,3154,
953,513244,3157,
954,513244,3158,
955,513244,3159,
956,513244,3160,
957,513244,3161,
958,513244,3162,
959,513244,3165,
960,513244,3168,
961,513244,3169,
962,513244,3170,
963,513244,3171,
964,513244,3172,
965,513244,3173,
966,513244,3177,
967,513244,3178,
968,513244,3179,
969,513244,3180,
970,513244,3181,
971,513244,3182,
972,513244,3183,
973,513244,3186,
974,513244,3187,
975,513244,3188,
976,513244,3189,
977,513244,3190,
978,513244,3193,
979,513244,3194,
980,513244,3195,
981,513244,3197,
982,513244,3198,
983,513244,3199,
984,513244,3205,
985,513244,3206,
986,513244,3207,
987,513244,3223,
988,513244,3224,
989,513244,3226,
990,513244,3227,
991,513244,3228,
992,513244,3229,
993,513244,3230,
994,513244,3231,
995,513244,3233,
996,513244,3234,
997,513244,3235,
998,513244,3238,
999,513244,3239,
1000,513244,3241,
1001,513244,3242,
1002,513244,3243,
1003,513244,3246,
1004,513244,3247,
1005,513244,3250,
1006,513244,3254,
1007,513244,3256,
1008,513244,3257,
1009,513244,3258,
1010,513244,3259,
1011,513244,3260,
1012,513244,3265,
1013,513244,3266,
1014,513244,3267,
1015,513244,3268,
1016,513244,3269,
1017,513244,3270,
1018,513244,3271,
1019,513244,3272,
1020,513244,3273,
1021,513244,3274,
1022,513244,3276,
1023,513244,3277,
1024,513244,3278,
1025,513244,3280,
1026,513244,3281,
1027,513244,3283,
1028,513244,3284,
1029,513244,3285,
1030,513244,3286,
1031,513244,3287,
1032,513244,3288,
1033,513244,3291,
1034,513244,3293,
1035,513244,3296,
1036,513244,3297,
1037,513244,3298,
1038,513244,3305,
1039,513244,3306,
1040,513244,3308,
1041,513244,3309,
1042,513244,3310,
1043,513244,3311,
1044,513244,3312,
1045,513244,3313,
1046,513244,3314,
1047,513244,3315,
1048,513244,3316,
1049,513244,3317,
1050,513244,3318,
1051,513244,3319,
1052,513244,3323,
1053,513244,3324,
1054,513244,3325,
1055,513244,3338,
1056,513244,3341,
1057,513244,3343,
1058,513244,3347,
1059,513244,3350,
1060,513244,3353,
1061,513244,3354,
1062,513244,3358,
1063,513244,3359,
1064,513244,3360,
1065,513244,3361,
1066,513244,3362,
1067,513244,3367,
1068,513244,3369,
1069,513244,3370,
1070,513244,3371,
1071,513244,3372,
1072,513244,3373,
1073,513244,3379,
1074,513244,3380,
1075,513244,3383,
1076,513244,3384,
1077,513244,3387,
1078,513244,3388,
1079,513244,3389,
1080,513244,3390,
1081,513244,3391,
1082,513244,3392,
1083,513244,3393,
1084,513244,3399,
1085,513244,3400,
1086,513244,3401,
1087,513244,3403,
1088,513244,3404,
1089,513244,3406,
1090,513244,3408,
1091,513244,3409,
1092,513244,3410,
1093,513244,3411,
1094,513244,3412,
1095,513244,3416,
1096,513244,3417,
1097,513244,3420,
1098,513244,3421,
1099,513244,3429,
1100,513244,3430,
1101,513244,3432,
1102,513244,3434,
1103,513244,3435,
1104,513244,3437,
1105,513244,3438,
1106,513244,3440,
1107,513244,3441,
1108,513244,3444,
1109,513244,3445,
1110,513244,3446,
1111,513244,3447,
1112,513244,3448,
1113,513244,3449,
1114,513244,3450,
1115,513244,3451,
1116,513244,3453,
1117,513244,3454,
1118,513244,3456,
1119,513244,3457,
1120,513244,3461,
1121,513244,3462,
1122,513244,3465,
1123,513244,3466,
1124,513244,3467,
1125,513244,3470,
1126,513244,3474,
1127,513244,3475,
1128,513244,3476,
1129,513244,3477,
1130,513244,3480,
1131,513244,3481,
1132,513244,3484,
1133,513244,3485,
1134,513244,3486,
1135,513244,3490,
1136,513244,3491,
1137,513244,3493,
1138,513244,3495,
1139,513244,3498,
1140,513244,3500,
1141,513244,3501,
1142,513244,3502,
1143,513244,3503,
1144,513244,3504,
1145,513244,3505,
1146,513244,3508,
1147,513244,3509,
1148,513244,3510,
1149,513244,3511,
1150,513244,3514,
1151,513244,3515,
1152,513244,3516,
1153,513244,3517,
1154,513244,3518,
1155,513244,3519,
1156,513244,3522,
1157,513244,3523,
1158,513244,3524,
1159,513244,3525,
1160,513244,3526,
1161,513244,3527,
1162,513244,3528,
1163,513244,3529,
1164,513244,3530,
1165,513244,3531,
1166,513244,3532,
1167,513244,3533,
1168,513244,3534,
1169,513244,3535,
1170,513244,3536,
1171,513244,3543,
1172,513244,3544,
1173,513244,3545,
1174,513244,3546,
1175,513244,3549,
1176,513244,3550,
1177,513244,3553,
1178,513244,3554,
1179,513244,3555,
1180,513244,3556,
1181,513244,3557,
1182,513244,3558,
1183,513244,3560,
1184,513244,3561,
1185,513244,3564,
1186,513244,3566,
1187,513244,3570,
1188,513244,3571,
1189,513244,3573,
1190,513244,3579,
1191,513244,3580,
1192,513244,3582,
1193,513244,3583,
1194,513244,3585,
1195,513244,3589,
1196,513244,3592,
1197,513244,3593,
1198,513244,3594,
1199,513244,3606,
1200,513244,3619,
1201,513244,3624,
1202,513244,3631,
1203,513244,3640,
1204,513244,3641,
1205,513244,3642,
1206,513244,3643,
1207,513244,3644,
1208,513244,3652,
1209,513244,3653,
1210,513244,3654,
1211,513244,3655,
1212,513244,3661,
1213,513244,3662,
1214,513244,3664,
1215,513244,3666,
1216,513244,3667,
1217,513244,3668,
1218,513244,3669,
1219,513244,3670,
1220,513244,3671,
1221,513244,3673,
1222,513244,3674,
1223,513244,3675,
1224,513244,3676,
1225,513244,3677,
1226,513244,3678,
1227,513244,3679,
1228,513244,3682,
1229,513244,3683,
1230,513244,3684,
1231,513244,3685,
1232,513244,3686,
1233,513244,3687,
1234,513244,3688,
1235,513244,3689,
1236,513244,3690,
1237,513244,3691,
1238,513244,3692,
1239,513244,3693,
1240,513244,3694,
1241,513244,3695,
1242,513244,3696,
1243,513244,3697,
1244,513244,3698,
1245,513244,3699,
1246,513244,3700,
1247,513244,3701,
1248,513244,3702,
1249,513244,3703,
1250,513244,3705,
1251,513244,3708,
1252,513244,3710,
1253,513244,3712,
1254,513244,3713,
1255,513244,3715,
1256,513244,3716,
1257,513244,3717,
1258,513244,3718,
1259,513244,3720,
1260,513244,3721,
1261,513244,3723,
1262,513244,3727,
1263,513244,3756,
1264,513244,3757,
1265,513244,3758,
1266,513244,3759,
1267,513244,3760,
1268,513244,3761,
1269,513244,3762,
1270,513244,3763,
1271,513244,3765,
1272,513244,3766,
1273,513244,3768,
1274,513244,3770,
1275,513244,3771,
1276,513244,3772,
1277,513244,3774,
1278,513244,3776,
1279,513244,3777,
1280,513244,3779,
1281,513244,3780,
1282,513244,3786,
1283,513244,3787,
1284,513244,3789,
1285,513244,3790,
1286,513244,3791,
1287,513244,3797,
1288,513244,3800,
1289,513244,3801,
1290,513244,3802,
1291,513244,3803,
1292,513244,3804,
1293,513244,3805,
1294,513244,3806,
1295,513244,3808,
1296,513244,3809,
1297,513244,3810,
1298,513244,3811,
1299,513244,3816,
1300,513244,3817,
1301,513244,3818,
1302,513244,3819,
1303,513244,3820,
1304,513244,3821,
1305,513244,3827,
1306,513244,3833,
1307,513244,3835,
1308,513244,3837,
1309,513244,3838,
1310,513244,3843,
1311,513244,3844,
1312,513244,3846,
1313,513244,3847,
1314,513244,3848,
1315,513244,3850,
1316,513244,3852,
1317,513244,3854,
1318,513244,3862,
1319,513244,3863,
1320,513244,3865,
1321,513244,3867,
1322,513244,3869,
1323,513244,3872,
1324,513244,3875,
1325,513244,3876,
1326,513244,3877,
1327,513244,3878,
1328,513244,3879,
1329,513244,3880,
1330,513244,3883,
1331,513244,3884,
1332,513244,3885,
1333,513244,3886,
1334,513244,3888,
1335,513244,3889,
1336,513244,3890,
1337,513244,3892,
1338,513244,3893,
1339,513244,3895,
1340,513244,3896,
1341,513244,3897,
1342,513244,3898,
1343,513244,3900,
1344,513244,3901,
1345,513244,3903,
1346,513244,3904,
1347,513244,3905,
1348,513244,3913,
1349,513244,3914,
1350,513244,3916,
1351,513244,3918,
1352,513244,3919,
1353,513244,3921,
1354,513244,3923,
1355,513244,3924,
1356,513244,3925,
1357,513244,3926,
1358,513244,3927,
1359,513244,3936,
1360,513244,3937,
1361,513244,3938,
1362,513244,3940,
1363,513244,3942,
1364,513244,3943,
1365,513244,3944,
1366,513244,3954,
1367,513244,3955,
1368,513244,3956,
1369,513244,3957,
1370,513244,3958,
1371,513244,3959,
1372,513244,3960,
1373,513244,3961,
1374,513244,3962,
1375,513244,3963,
1376,513244,3964,
1377,513244,3965,
1378,513244,3966,
1379,513244,3967,
1380,513244,3968,
1381,513244,3969,
1382,513244,3970,
1383,513244,3971,
1384,513244,3972,
1385,513244,3974,
1386,513244,3975,
1387,513244,3976,
1388,513244,3980,
1389,513244,3981,
1390,513244,3982,
1391,513244,3987,
1392,513244,3988,
1393,513244,3989,
1394,513244,3990,
1395,513244,3992,
1396,513244,3993,
1397,513244,3995,
1398,513244,3996,
1399,513244,4008,
1400,513244,4014,
1401,513244,4016,
1402,513244,4017,
1403,513244,4019,
1404,513244,4020,
1405,513244,4021,
1406,513244,4022,
1407,513244,4023,
1408,513244,4025,
1409,513244,4026,
1410,513244,4027,
1411,513244,4031,
1412,513244,4032,
1413,513244,4033,
1414,513244,4034,
1415,513244,4035,
1416,513244,4036,
1417,513244,4037,
1418,513244,4039,
1419,513244,4050,
1420,513244,4051,
1421,513244,4053,
1422,513244,4065,
1423,513244,4068,
1424,513244,4069,
1425,513244,4070,
1426,513244,4073,
1427,513244,4074,
1428,513244,4075,
1429,513244,4076,
1430,513244,4077,
1431,513244,4081,
1432,513244,4082,
1433,513244,4083,
1434,513244,4084,
1435,513244,4085,
1436,513244,4086,
1437,513244,4089,
1438,513244,4090,
1439,513244,4091,
1440,513244,4093,
1441,513244,4094,
1442,513244,4095,
1443,513244,4096,
1444,513244,4097,
1445,513244,4100,
1446,513244,4103,
1447,513244,4104,
1448,513244,4105,
1449,513244,4107,
1450,513244,4110,
1451,513244,4111,
1452,513244,4113,
1453,513244,4114,
1454,513244,4120,
1455,513244,4121,
1456,513244,4122,
1457,513244,4123,
1458,513244,4124,
1459,513244,4125,
1460,513244,4129,
1461,513244,4130,
1462,513244,4133,
1463,513244,4134,
1464,513244,4138,
1465,513244,4142,
1466,513244,4143,
1467,513244,4144,
1468,513244,4145,
1469,513244,4146,
1470,513244,4156,
1471,513244,4157,
1472,513244,4158,
1473,513244,4159,
1474,513244,4161,
1475,513244,4163,
1476,513244,4164,
1477,513244,4165,
1478,513244,4166,
1479,513244,4168,
1480,513244,4169,
1481,513244,4170,
1482,513244,4171,
1483,513244,4172,
1484,513244,4173,
1485,513244,4174,
1486,513244,4175,
1487,513244,4176,
1488,513244,4177,
1489,513244,4178,
1490,513244,4179,
1491,513244,4184,
1492,513244,4185,
1493,513244,4187,
1494,513244,4188,
1495,513244,4189,
1496,513244,4190,
1497,513244,4191,
1498,513244,4197,
1499,513244,4200,
1500,513244,4203,
1501,513244,4205,
1502,513244,4207,
1503,513244,4208,
1504,513244,4212,
1505,513244,4213,
1506,513244,4214,
1507,513244,4215,
1508,513244,4225,
1509,513244,4242,
1510,513244,4243,
1511,513244,4244,
1512,513244,4247,
1513,513244,4248,
1514,513244,4249,
1515,513244,4251,
1516,513244,4252,
1517,513244,4253,
1518,513244,4254,
1519,513244,4255,
1520,513244,4256,
1521,513244,4257,
1522,513244,4259,
1523,513244,4260,
1524,513244,4261,
1525,513244,4263,
1526,513244,4271,
1527,513244,4272,
1528,513244,4273,
1529,513244,4274,
1530,513244,4275,
1531,513244,4276,
1532,513244,4280,
1533,513244,4281,
1534,513244,4287,
1535,513244,4289,
1536,513244,4290,
1537,513244,4297,
1538,513244,4298,
1539,513244,4305,
1540,513244,4306,
1541,513244,4308,
1542,513244,4309,
1543,513244,4310,
1544,513244,4314,
1545,513244,4315,
1546,513244,4316,
1547,513244,4320,
1548,513244,4321,
1549,513244,4322,
1550,513244,4323,
1551,513244,4324,
1552,513244,4325,
1553,513244,4326,
1554,513244,4334,
1555,513244,4335,
1556,513244,4336,
1557,513244,4337,
1558,513244,4338,
1559,513244,4339,
1560,513244,4340,
1561,513244,4343,
1562,513244,4344,
1563,513244,4345,
1564,513244,4346,
1565,513244,4347,
1566,513244,4348,
1567,513244,4349,
1568,513244,4350,
1569,513244,4354,
1570,513244,4355,
1571,513244,4356,
1572,513244,4363,
1573,513244,4364,
1574,513244,4369,
1575,513244,4370,
1576,513244,4371,
1577,513244,4373,
1578,513244,4374,
1579,513244,4377,
1580,513244,4378,
1581,513244,4383,
1582,513244,4384,
1583,513244,4389,
1584,513244,4391,
1585,513244,4402,
1586,513244,4407,
1587,513244,4409,
1588,513244,4410,
1589,513244,4414,
1590,513244,4416,
1591,513244,4422,
1592,513244,4439,
1593,513244,4444,
1594,513244,4459,
1595,513244,4462,
1596,513244,4463,
1597,513244,4464,
1598,513244,4470,
1599,513244,4473,
1600,513244,4479,
1601,513244,4480,
1602,513244,4481,
1603,513244,4482,
1604,513244,4484,
1605,513244,4485,
1606,513244,4486,
1607,513244,4491,
1608,513244,4492,
1609,513244,4494,
1610,513244,4495,
1611,513244,4496,
1612,513244,4497,
1613,513244,4498,
1614,513244,4499,
1615,513244,4500,
1616,513244,4503,
1617,513244,4504,
1618,513244,4505,
1619,513244,4506,
1620,513244,4507,
1621,513244,4508,
1622,513244,4509,
1623,513244,4511,
1624,513244,4513,
1625,513244,4514,
1626,513244,4517,
1627,513244,4518,
1628,513244,4519,
1629,513244,4520,
1630,513244,4522,
1631,513244,4523,
1632,513244,4524,
1633,513244,4525,
1634,513244,4526,
1635,513244,4527,
1636,513244,4529,
1637,513244,4530,
1638,513244,4531,
1639,513244,4532,
1640,513244,4534,
1641,513244,4536,
1642,513244,4537,
1643,513244,4538,
1644,513244,4539,
1645,513244,4540,
1646,513244,4541,
1647,513244,4542,
1648,513244,4543,
1649,513244,4544,
1650,513244,4545,
1651,513244,4546,
1652,513244,4547,
1653,513244,4549,
1654,513244,4550,
1655,513244,4551,
1656,513244,4552,
1657,513244,4553,
1658,513244,4558,
1659,513244,4561,
1660,513244,4562,
1661,513244,4565,
1662,513244,4566,
1663,513244,4567,
1664,513244,4569,
1665,513244,4571,
1666,513244,4572,
1667,513244,4573,
1668,513244,4574,
1669,513244,4576,
1670,513244,4581,
1671,513244,4582,
1672,513244,4583,
1673,513244,4584,
1674,513244,4585,
1675,513244,4586,
1676,513244,4587,
1677,513244,4588,
1678,513244,4590,
1679,513244,4592,
1680,513244,4593,
1681,513244,4594,
1682,513244,4595,
1683,513244,4596,
1684,513244,4597,
1685,513244,4598,
1686,513244,4599,
1687,513244,4600,
1688,513244,4601,
1689,513244,4603,
1690,513244,4604,
1691,513244,4605,
1692,513244,4606,
1693,513244,4609,
1694,513244,4610,
1695,513244,4611,
1696,513244,4612,
1697,513244,4613,
1698,513244,4614,
1699,513244,4615,
1700,513244,4616,
1701,513244,4617,
1702,513244,4618,
1703,513244,4619,
1704,513244,4620,
1705,513244,4621,
1706,513244,4622,
1707,513244,4623,
1708,513244,4624,
1709,513244,4625,
1710,513244,4626,
1711,513244,4628,
1712,513244,4629,
1713,513244,4630,
1714,513244,4631,
1715,513244,4632,
1716,513244,4633,
1717,513244,4634,
1718,513244,4635,
1719,513244,4636,
1720,513244,4638,
1721,513244,4639,
1722,513244,4641,
1723,513244,4642,
1724,513244,4643,
1725,513244,4644,
1726,513244,4645,
1727,513244,4646,
1728,513244,4647,
1729,513244,4649,
1730,513244,4650,
1731,513244,4651,
1732,513244,4652,
1733,513244,4653,
1734,513244,4654,
1735,513244,4655,
1736,513244,4656,
1737,513244,4657,
1738,513244,4658,
1739,513244,4659,
1740,513244,4661,
1741,513244,4662,
1742,513244,4663,
1743,513244,4664,
1744,513244,4665,
1745,513244,4666,
1746,513244,4668,
1747,513244,4669,
1748,513244,4670,
1749,513244,4671,
1750,513244,4672,
1751,513244,4673,
1752,513244,4675,
1753,513244,4676,
1754,513244,4677,
1755,513244,4678,
1756,513244,4679,
1757,513244,4680,
1758,513244,4683,
1759,513244,4684,
1760,513244,4688,
1761,513244,4689,
1762,513244,4690,
1763,513244,4691,
1764,513244,4692,
1765,513244,4693,
1766,513244,4694,
1767,513244,4695,
1768,513244,4696,
1769,513244,4697,
1770,513244,4698,
1771,513244,4699,
1772,513244,4702,
1773,513244,4704,
1774,513244,4705,
1775,513244,4706,
1776,513244,4707,
1777,513244,4708,
1778,513244,4709,
1779,513244,4710,
1780,513244,4711,
1781,513244,4712,
1782,513244,4714,
1783,513244,4715,
1784,513244,4716,
1785,513244,4717,
1786,513244,4719,
1787,513244,4720,
1788,513244,4721,
1789,513244,4722,
1790,513244,4723,
1791,513244,4724,
1792,513244,4725,
1793,513244,4726,
1794,513244,4727,
1795,513244,4729,
1796,513244,4730,
1797,513244,4731,
1798,513244,4732,
1799,513244,4733,
1800,513244,4734,
1801,513244,4735,
1802,513244,4736,
1803,513244,4747,
1804,513244,4748,
1805,513244,4751,
1806,513244,4752,
1807,513244,4753,
1808,513244,4756,
1809,513244,4757,
1810,513244,4758,
1811,513244,4759,
1812,513244,4760,
1813,513244,4761,
1814,513244,4762,
1815,513244,4763,
1816,513244,4764,
1817,513244,4765,
1818,513244,4769,
1819,513244,4770,
1820,513244,4771,
1821,513244,4772,
1822,513244,4773,
1823,513244,4774,
1824,513244,4775,
1825,513244,4776,
1826,513244,4777,
1827,513244,4778,
1828,513244,4779,
1829,513244,4780,
1830,513244,4781,
1831,513244,4782,
1832,513244,4783,
1833,513244,4784,
1834,513244,4785,
1835,513244,4786,
1836,513244,4787,
1837,513244,4788,
1838,513244,4789,
1839,513244,4790,
1840,513244,4791,
1841,513244,4792,
1842,513244,4793,
1843,513244,4794,
1844,513244,4795,
1845,513244,4796,
1846,513244,4797,
1847,513244,4799,
1848,513244,4800,
1849,513244,4801,
1850,513244,4802,
1851,513244,4803,
1852,513244,4804,
1853,513244,4806,
1854,513244,4807,
1855,513244,4810,
1856,513244,4811,
1857,513244,4812,
1858,513244,4814,
1859,513244,4815,
1860,513244,4818,
1861,513244,4819,
1862,513244,4820,
1863,513244,4821,
1864,513244,4822,
1865,513244,4824,
1866,513244,4826,
1867,513244,4827,
1868,513244,4828,
1869,513244,4829,
1870,513244,4830,
1871,513244,4832,
1872,513244,4833,
1873,513244,4840,
1874,513244,4841,
1875,513244,4842,
1876,513244,4843,
1877,513244,4844,
1878,513244,4845,
1879,513244,4846,
1880,513244,4847,
1881,513244,4848,
1882,513244,4849,
1883,513244,4850,
1884,513244,4851,
1885,513244,4852,
1886,513244,4853,
1887,513244,4854,
1888,513244,4855,
1889,513244,4856,
1890,513244,4857,
1891,513244,4858,
1892,513244,4859,
1893,513244,4860,
1894,513244,4861,
1895,513244,4862,
1896,513244,4863,
1897,513244,4864,
1898,513244,4865,
1899,513244,4866,
1900,513244,4867,
1901,513244,4868,
1902,513244,4869,
1903,513244,4870,
1904,513244,4871,
1905,513244,4872,
1906,513244,4873,
1907,513244,4874,
1908,513244,4875,
1909,513244,4876,
1910,513244,4877,
1911,513244,4878,
1912,513244,4879,
1913,513244,4882,
1914,513244,4883,
1915,513244,4884,
1916,513244,4885,
1917,513244,4886,
1918,513244,4887,
1919,513244,4888,
1920,513244,4889,
1921,513244,4890,
1922,513244,4891,
1923,513244,4892,
1924,513244,4893,
1925,513244,4894,
1926,513244,4895,
1927,513244,4896,
1928,513244,4897,
1929,513244,4898,
1930,513244,4899,
1931,513244,4900,
1932,513244,4901,
1933,513244,4902,
1934,513244,4903,
1935,513244,4904,
1936,513244,4905,
1937,513244,4906,
1938,513244,4907,
1939,513244,4908,
1940,513244,4909,
1941,513244,4910,
1942,513244,4911,
1943,513244,4912,
1944,513244,4913,
1945,513244,4914,
1946,513244,4915,
1947,513244,4916,
1948,513244,4917,
1949,513244,4918,
1950,513244,4920,
1951,513244,4921,
1952,513244,4922,
1953,513244,4923,
1954,513244,4924,
1955,513244,4925,
1956,513244,4931,
1957,513244,4932,
1958,513244,4933,
1959,513244,4935,
1960,513244,4936,
1961,513244,4937,
1962,513244,4938,
1963,513244,4939,
1964,513244,4940,
1965,513244,4941,
1966,513244,4942,
1967,513244,4943,
1968,513244,4944,
1969,513244,4945,
1970,513244,4946,
1971,513244,4947,
1972,513244,4948,
1973,513244,4949,
1974,513244,4955,
1975,513244,4956,
1976,513244,4957,
1977,513244,4958,
1978,513244,4959,
1979,513244,4960,
1980,513244,4961,
1981,513244,4962,
1982,513244,4963,
1983,513244,4964,
1984,513244,4965,
1985,513244,4966,
1986,513244,4967,
1987,513244,4968,
1988,513244,4969,
1989,513244,4970,
1990,513244,4971,
1991,513244,4972,
1992,513244,4973,
1993,513244,4974,
1994,513244,4975,
1995,513244,4976,
1996,513244,4977,
1997,513244,4978,
1998,513244,4981,
1999,513244,4982,
2000,513244,4983,
2001,513244,4984,
2002,513244,4985,
2003,513244,4986,
2004,513244,4987,
2005,513244,4988,
2006,513244,4989,
2007,513244,4990,
2008,513244,4991,
2009,513244,4993,
2010,513244,4994,
2011,513244,4996,
2012,513244,4997,
2013,513244,4998,
2014,513244,4999,
2015,513244,5000,
2016,513244,5001,
2017,513244,5003,
2018,513244,5004,
2019,513244,5005,
2020,513244,5006,
2021,513244,5008,
2022,513244,5009,
2023,513244,5010,
2024,513244,5013,
2025,513244,5015,
2026,513244,5016,
2027,513244,5017,
2028,513244,5018,
2029,513244,5020,
2030,513244,5021,
2031,513244,5022,
2032,513244,5023,
2033,513244,5024,
2034,513244,5028,
2035,513244,5029,
2036,513244,5030,
2037,513244,5032,
2038,513244,5033,
2039,513244,5034,
2040,513244,5035,
2041,513244,5036,
2042,513244,5037,
2043,513244,5038,
2044,513244,5039,
2045,513244,5041,
2046,513244,5043,
2047,513244,5046,
2048,513244,5048,
2049,513244,5051,
2050,513244,5052,
2051,513244,5057,
2052,513244,5058,
2053,513244,5059,
2054,513244,5060,
2055,513244,5061,
2056,513244,5063,
2057,513244,5064,
2058,513244,5065,
2059,513244,5066,
2060,513244,5067,
2061,513244,5068,
2062,513244,5069,
2063,513244,5070,
2064,513244,5071,
2065,513244,5074,
2066,513244,5075,
2067,513244,5076,
2068,513244,5077,
2069,513244,5078,
2070,513244,5079,
2071,513244,5080,
2072,513244,5081,
2073,513244,5082,
2074,513244,5083,
2075,513244,5084,
2076,513244,5085,
2077,513244,5086,
2078,513244,5087,
2079,513244,5088,
2080,513244,5089,
2081,513244,5090,
2082,513244,5091,
2083,513244,5092,
2084,513244,5093,
2085,513244,5094,
2086,513244,5095,
2087,513244,5096,
2088,513244,5099,
2089,513244,5100,
2090,513244,5101,
2091,513244,5102,
2092,513244,5103,
2093,513244,5104,
2094,513244,5105,
2095,513244,5106,
2096,513244,5107,
2097,513244,5108,
2098,513244,5109,
2099,513244,5110,
2100,513244,5111,
2101,513244,5112,
2102,513244,5113,
2103,513244,5114,
2104,513244,5115,
2105,513244,5116,
2106,513244,5117,
2107,513244,5118,
2108,513244,5119,
2109,513244,5120,
2110,513244,5121,
2111,513244,5122,
2112,513244,5123,
2113,513244,5124,
2114,513244,5125,
2115,513244,5126,
2116,513244,5128,
2117,513244,5129,
2118,513244,5130,
2119,513244,5131,
2120,513244,5133,
2121,513244,5134,
2122,513244,5136,
2123,513244,5138,
2124,513244,5140,
2125,513244,5141,
2126,513244,5142,
2127,513244,5143,
2128,513244,5144,
2129,513244,5145,
2130,513244,5146,
2131,513244,5147,
2132,513244,5149,
2133,513244,5150,
2134,513244,5151,
2135,513244,5153,
2136,513244,5154,
2137,513244,5155,
2138,513244,5156,
2139,513244,5157,
2140,513244,5158,
2141,513244,5159,
2142,513244,5162,
2143,513244,5164,
2144,513244,5166,
2145,513244,5169,
2146,513244,5170,
2147,513244,5173,
2148,513244,5174,
2149,513244,5175,
2150,513244,5177,
2151,513244,5178,
2152,513244,5180,
2153,513244,5181,
2154,513244,5182,
2155,513244,5183,
2156,513244,5185,
2157,513244,5186,
2158,513244,5187,
2159,513244,5189,
2160,513244,5190,
2161,513244,5191,
2162,513244,5192,
2163,513244,5193,
2164,513244,5194,
2165,513244,5195,
2166,513244,5196,
2167,513244,5197,
2168,513244,5198,
2169,513244,5199,
2170,513244,5201,
2171,513244,5202,
2172,513244,5203,
2173,513244,5204,
2174,513244,5205,
2175,513244,5206,
2176,513244,5207,
2177,513244,5208,
2178,513244,5209,
2179,513244,5210,
2180,513244,5211,
2181,513244,5212,
2182,513244,5213,
2183,513244,5214,
2184,513244,5215,
2185,513244,5216,
2186,513244,5217,
2187,513244,5218,
2188,513244,5219,
2189,513244,5221,
2190,513244,5222,
2191,513244,5223,
2192,513244,5224,
2193,513244,5225,
2194,513244,5226,
2195,513244,5227,
2196,513244,5228,
2197,513244,5229,
2198,513244,5230,
2199,513244,5231,
2200,513244,5232,
2201,513244,5233,
2202,513244,5234,
2203,513244,5235,
2204,513244,5239,
2205,513244,5240,
2206,513244,5241,
2207,513244,5242,
2208,513244,5243,
2209,513244,5244,
2210,513244,5245,
2211,513244,5246,
2212,513244,5247,
2213,513244,5248,
2214,513244,5249,
2215,513244,5250,
2216,513244,5251,
2217,513244,5252,
2218,513244,5253,
2219,513244,5254,
2220,513244,5255,
2221,513244,5256,
2222,513244,5257,
2223,513244,5258,
2224,513244,5261,
2225,513244,5262,
2226,513244,5264,
2227,513244,5265,
2228,513244,5266,
2229,513244,5267,
2230,513244,5268,
2231,513244,5269,
2232,513244,5270,
2233,513244,5271,
2234,513244,5272,
2235,513244,5273,
2236,513244,5276,
2237,513244,5277,
2238,513244,5280,
2239,513244,5281,
2240,513244,5282,
2241,513244,5283,
2242,513244,5284,
2243,513244,5285,
2244,513244,5287,
2245,513244,5290,
2246,513244,5295,
2247,513244,5296,
2248,513244,5302,
2249,513244,5303,
2250,513244,5304,
2251,513244,5305,
2252,513244,5306,
2253,513244,5307,
2254,513244,5308,
2255,513244,5311,
2256,513244,5312,
2257,513244,5313,
2258,513244,5314,
2259,513244,5315,
2260,513244,5316,
2261,513244,5317,
2262,513244,5318,
2263,513244,5319,
2264,513244,5322,
2265,513244,5323,
2266,513244,5324,
2267,513244,5326,
2268,513244,5327,
2269,513244,5328,
2270,513244,5330,
2271,513244,5332,
2272,513244,5333,
2273,513244,5334,
2274,513244,5335,
2275,513244,5336,
2276,513244,5337,
2277,513244,5338,
2278,513244,5340,
2279,513244,5341,
2280,513244,5342,
2281,513244,5343,
2282,513244,5344,
2283,513244,5345,
2284,513244,5346,
2285,513244,5347,
2286,513244,5348,
2287,513244,5349,
2288,513244,5350,
2289,513244,5351,
2290,513244,5352,
2291,513244,5353,
2292,513244,5354,
2293,513244,5355,
2294,513244,5356,
2295,513244,5357,
2296,513244,5358,
2297,513244,5359,
2298,513244,5360,
2299,513244,5361,
2300,513244,5362,
2301,513244,5363,
2302,513244,5364,
2303,513244,5365,
2304,513244,5368,
2305,513244,5369,
2306,513244,5370,
2307,513244,5371,
2308,513244,5372,
2309,513244,5373,
2310,513244,5374,
2311,513244,5375,
2312,513244,5376,
2313,513244,5377,
2314,513244,5378,
2315,513244,5379,
2316,513244,5380,
2317,513244,5381,
2318,513244,5382,
2319,513244,5383,
2320,513244,5384,
2321,513244,5385,
2322,513244,5386,
2323,513244,5387,
2324,513244,5388,
2325,513244,5389,
2326,513244,5392,
2327,513244,5393,
2328,513244,5394,
2329,513244,5395,
2330,513244,5396,
2331,513244,5397,
2332,513244,5398,
2333,513244,5399,
2334,513244,5400,
2335,513244,5401,
2336,513244,5402,
2337,513244,5404,
2338,513244,5405,
2339,513244,5406,
2340,513244,5407,
2341,513244,5408,
2342,513244,5409,
2343,513244,5410,
2344,513244,5412,
2345,513244,5413,
2346,513244,5414,
2347,513244,5415,
2348,513244,5416,
2349,513244,5417,
2350,513244,5418,
2351,513244,5419,
2352,513244,5420,
2353,513244,5421,
2354,513244,5422,
2355,513244,5423,
2356,513244,5424,
2357,513244,5425,
2358,513244,5426,
2359,513244,5427,
2360,513244,5428,
2361,513244,5429,
2362,513244,5430,
2363,513244,5431,
2364,513244,5432,
2365,513244,5433,
2366,513244,5434,
2367,513244,5435,
2368,513244,5436,
2369,513244,5437,
2370,513244,5439,
2371,513244,5440,
2372,513244,5441,
2373,513244,5442,
2374,513244,5443,
2375,513244,5444,
2376,513244,5445,
2377,513244,5446,
2378,513244,5447,
2379,513244,5448,
2380,513244,5449,
2381,513244,5450,
2382,513244,5451,
2383,513244,5452,
2384,513244,5453,
2385,513244,5454,
2386,513244,5455,
2387,513244,5456,
2388,513244,5457,
2389,513244,5458,
2390,513244,5459,
2391,513244,5460,
2392,513244,5461,
2393,513244,5462,
2394,513244,5463,
2395,513244,5468,
2396,513244,5470,
2397,513244,5471,
2398,513244,5472,
2399,513244,5474,
2400,513244,5475,
2401,513244,5476,
2402,513244,5477,
2403,513244,5478,
2404,513244,5479,
2405,513244,5480,
2406,513244,5481,
2407,513244,5482,
2408,513244,5483,
2409,513244,5484,
2410,513244,5485,
2411,513244,5486,
2412,513244,5487,
2413,513244,5488,
2414,513244,5489,
2415,513244,5490,
2416,513244,5491,
2417,513244,5492,
2418,513244,5493,
2419,513244,5494,
2420,513244,5495,
2421,513244,5496,
2422,513244,5497,
2423,513244,5498,
2424,513244,5499,
2425,513244,5500,
2426,513244,5501,
2427,513244,5502,
2428,513244,5503,
2429,513244,5504,
2430,513244,5505,
2431,513244,5507,
2432,513244,5508,
2433,513244,5509,
2434,513244,5510,
2435,513244,5511,
2436,513244,5514,
2437,513244,5515,
2438,513244,5517,
2439,513244,5518,
2440,513244,5519,
2441,513244,5520,
2442,513244,5521,
2443,513244,5522,
2444,513244,5523,
2445,513244,5524,
2446,513244,5525,
2447,513244,5526,
2448,513244,5527,
2449,513244,5529,
2450,513244,5530,
2451,513244,5532,
2452,513244,5533,
2453,513244,5534,
2454,513244,5535,
2455,513244,5536,
2456,513244,5537,
2457,513244,5538,
2458,513244,5539,
2459,513244,5540,
2460,513244,5543,
2461,513244,5544,
2462,513244,5545,
2463,513244,5547,
2464,513244,5548,
2465,513244,5551,
2466,513244,5553,
2467,513244,5554,
2468,513244,5555,
2469,513244,5556,
2470,513244,5557,
2471,513244,5558,
2472,513244,5559,
2473,513244,5560,
2474,513244,5561,
2475,513244,5563,
2476,513244,5564,
2477,513244,5566,
2478,513244,5567,
2479,513244,5568,
2480,513244,5569,
2481,513244,5570,
2482,513244,5571,
2483,513244,5573,
2484,513244,5574,
2485,513244,5576,
2486,513244,5577,
2487,513244,5579,
2488,513244,5580,
2489,513244,5581,
2490,513244,5582,
2491,513244,5587,
2492,513244,5589,
2493,513244,5590,
2494,513244,5591,
2495,513244,5592,
2496,513244,5599,
2497,513244,5600,
2498,513244,5601,
2499,513244,5602,
2500,513244,5604,
2501,513244,5606,
2502,513244,5607,
2503,513244,5608,
2504,513244,5611,
2505,513244,5613,
2506,513244,5614,
2507,513244,5615,
2508,513244,5616,
2509,513244,5617,
2510,513244,5618,
2511,513244,5619,
2512,513244,5621,
2513,513244,5622,
2514,513244,5623,
2515,513244,5624,
2516,513244,5625,
2517,513244,5626,
2518,513244,5628,
2519,513244,5629,
2520,513244,5631,
2521,513244,5632,
2522,513244,5634,
2523,513244,5635,
2524,513244,5636,
2525,513244,5637,
2526,513244,5638,
2527,513244,5639,
2528,513244,5640,
2529,513244,5641,
2530,513244,5642,
2531,513244,5643,
2532,513244,5644,
2533,513244,5647,
2534,513244,5649,
2535,513244,5650,
2536,513244,5653,
2537,513244,5654,
2538,513244,5657,
2539,513244,5658,
2540,513244,5659,
2541,513244,5661,
2542,513244,5667,
2543,513244,5669,
2544,513244,5670,
2545,513244,5671,
2546,513244,5672,
2547,513244,5673,
2548,513244,5674,
2549,513244,5675,
2550,513244,5677,
2551,513244,5678,
2552,513244,5680,
2553,513244,5681,
2554,513244,5682,
2555,513244,5683,
2556,513244,5685,
2557,513244,5686,
2558,513244,5688,
2559,513244,5689,
2560,513244,5691,
2561,513244,5692,
2562,513244,5693,
2563,513244,5694,
2564,513244,5696,
2565,513244,5697,
2566,513244,5698,
2567,513244,5699,
2568,513244,5700,
2569,513244,5701,
2570,513244,5702,
2571,513244,5704,
2572,513244,5705,
2573,513244,5706,
2574,513244,5709,
2575,513244,5710,
2576,513244,5713,
2577,513244,5714,
2578,513244,5715,
2579,513244,5716,
2580,513244,5717,
2581,513244,5718,
2582,513244,5719,
2583,513244,5720,
2584,513244,5721,
2585,513244,5722,
2586,513244,5723,
2587,513244,5724,
2588,513244,5725,
2589,513244,5726,
2590,513244,5728,
2591,513244,5729,
2592,513244,5731,
2593,513244,5732,
2594,513244,5733,
2595,513244,5734,
2596,513244,5735,
2597,513244,5736,
2598,513244,5737,
2599,513244,5738,
2600,513244,5739,
2601,513244,5740,
2602,513244,5741,
2603,513244,5742,
2604,513244,5743,
2605,513244,5744,
2606,513244,5745,
2607,513244,5746,
2608,513244,5747,
2609,513244,5749,
2610,513244,5752,
2611,513244,5754,
2612,513244,5755,
2613,513244,5756,
2614,513244,5757,
2615,513244,5760,
2616,513244,5761,
2617,513244,5762,
2618,513244,5763,
2619,513244,5764,
2620,513244,5765,
2621,513244,5766,
2622,513244,5767,
2623,513244,5768,
2624,513244,5769,
2625,513244,5770,
2626,513244,5771,
2627,513244,5772,
2628,513244,5773,
2629,513244,5774,
2630,513244,5775,
2631,513244,5776,
2632,513244,5777,
2633,513244,5778,
2634,513244,5779,
2635,513244,5780,
2636,513244,5781,
2637,513244,5782,
2638,513244,5783,
2639,513244,5784,
2640,513244,5785,
2641,513244,5787,
2642,513244,5788,
2643,513244,5789,
2644,513244,5790,
2645,513244,5791,
2646,513244,5792,
2647,513244,5793,
2648,513244,5794,
2649,513244,5796,
2650,513244,5797,
2651,513244,5800,
2652,513244,5801,
2653,513244,5802,
2654,513244,5803,
2655,513244,5804,
2656,513244,5805,
2657,513244,5806,
2658,513244,5808,
2659,513244,5809,
2660,513244,5811,
2661,513244,5813,
2662,513244,5814,
2663,513244,5815,
2664,513244,5816,
2665,513244,5817,
2666,513244,5818,
2667,513244,5819,
2668,513244,5820,
2669,513244,5821,
2670,513244,5822,
2671,513244,5823,
2672,513244,5824,
2673,513244,5825,
2674,513244,5826,
2675,513244,5827,
2676,513244,5828,
2677,513244,5829,
2678,513244,5830,
2679,513244,5831,
2680,513244,5832,
2681,513244,5834,
2682,513244,5835,
2683,513244,5837,
2684,513244,5838,
2685,513244,5839,
2686,513244,5841,
2687,513244,5843,
2688,513244,5847,
2689,513244,5850,
2690,513244,5851,
2691,513244,5852,
2692,513244,5853,
2693,513244,5854,
2694,513244,5855,
2695,513244,5857,
2696,513244,5859,
2697,513244,5861,
2698,513244,5862,
2699,513244,5863,
2700,513244,5864,
2701,513244,5865,
2702,513244,5866,
2703,513244,5868,
2704,513244,5869,
2705,513244,5870,
2706,513244,5871,
2707,513244,5872,
2708,513244,5873,
2709,513244,5874,
2710,513244,5875,
2711,513244,5876,
2712,513244,5877,
2713,513244,5880,
2714,513244,5884,
2715,513244,5885,
2716,513244,5886,
2717,513244,5887,
2718,513244,5888,
2719,513244,5889,
2720,513244,5890,
2721,513244,5891,
2722,513244,5892,
2723,513244,5893,
2724,513244,5894,
2725,513244,5895,
2726,513244,5896,
2727,513244,5898,
2728,513244,5899,
2729,513244,5900,
2730,513244,5901,
2731,513244,5902,
2732,513244,5903,
2733,513244,5904,
2734,513244,5908,
2735,513244,5909,
2736,513244,5911,
2737,513244,5913,
2738,513244,5914,
2739,513244,5915,
2740,513244,5916,
2741,513244,5918,
2742,513244,5919,
2743,513244,5920,
2744,513244,5921,
2745,513244,5922,
2746,513244,5923,
2747,513244,5924,
2748,513244,5925,
2749,513244,5926,
2750,513244,5927,
2751,513244,5928,
2752,513244,5929,
2753,513244,5930,
2754,513244,5931,
2755,513244,5933,
2756,513244,5934,
2757,513244,5936,
2758,513244,5939,
2759,513244,5940,
2760,513244,5941,
2761,513244,5942,
2762,513244,5944,
2763,513244,5946,
2764,513244,5947,
2765,513244,5948,
2766,513244,5949,
2767,513244,5950,
2768,513244,5952,
2769,513244,5953,
2770,513244,5955,
2771,513244,5956,
2772,513244,5957,
2773,513244,5958,
2774,513244,5959,
2775,513244,5960,
2776,513244,5961,
2777,513244,5962,
2778,513244,5963,
2779,513244,5964,
2780,513244,5965,
2781,513244,5966,
2782,513244,5967,
2783,513244,5968,
2784,513244,5969,
2785,513244,5970,
2786,513244,5971,
2787,513244,5972,
2788,513244,5973,
2789,513244,5974,
2790,513244,5978,
2791,513244,5979,
2792,513244,5980,
2793,513244,5981,
2794,513244,5982,
2795,513244,5988,
2796,513244,5989,
2797,513244,5990,
2798,513244,5991,
2799,513244,5992,
2800,513244,5993,
2801,513244,5994,
2802,513244,5995,
2803,513244,5996,
2804,513244,5998,
2805,513244,5999,
2806,513244,6000,
2807,513244,6002,
2808,513244,6004,
2809,513244,6005,
2810,513244,6006,
2811,513244,6007,
2812,513244,6008,
2813,513244,6009,
2814,513244,6010,
2815,513244,6011,
2816,513244,6012,
2817,513244,6013,
2818,513244,6014,
2819,513244,6015,
2820,513244,6016,
2821,513244,6017,
2822,513244,6018,
2823,513244,6019,
2824,513244,6025,
2825,513244,6027,
2826,513244,6028,
2827,513244,6031,
2828,513244,6033,
2829,513244,6038,
2830,513244,6039,
2831,513244,6040,
2832,513244,6041,
2833,513244,6042,
2834,513244,6043,
2835,513244,6044,
2836,513244,6045,
2837,513244,6046,
2838,513244,6047,
2839,513244,6049,
2840,513244,6050,
2841,513244,6051,
2842,513244,6052,
2843,513244,6054,
2844,513244,6055,
2845,513244,6056,
2846,513244,6057,
2847,513244,6058,
2848,513244,6059,
2849,513244,6060,
2850,513244,6061,
2851,513244,6062,
2852,513244,6063,
2853,513244,6064,
2854,513244,6065,
2855,513244,6066,
2856,513244,6067,
2857,513244,6068,
2858,513244,6069,
2859,513244,6070,
2860,513244,6071,
2861,513244,6072,
2862,513244,6073,
2863,513244,6074,
2864,513244,6075,
2865,513244,6076,
2866,513244,6077,
2867,513244,6080,
2868,513244,6085,
2869,513244,6086,
2870,513244,6087,
2871,513244,6089,
2872,513244,6090,
2873,513244,6091,
2874,513244,6092,
2875,513244,6093,
2876,513244,6097,
2877,513244,6098,
2878,513244,6099,
2879,513244,6100,
2880,513244,6101,
2881,513244,6102,
2882,513244,6103,
2883,513244,6104,
2884,513244,6105,
2885,513244,6106,
2886,513244,6107,
2887,513244,6108,
2888,513244,6109,
2889,513244,6110,
2890,513244,6111,
2891,513244,6112,
2892,513244,6113,
2893,513244,6114,
2894,513244,6115,
2895,513244,6116,
2896,513244,6121,
2897,513244,6122,
2898,513244,6123,
2899,513244,6124,
2900,513244,6125,
2901,513244,6126,
2902,513244,6127,
2903,513244,6128,
2904,513244,6130,
2905,513244,6131,
2906,513244,6132,
2907,513244,6133,
2908,513244,6134,
2909,513244,6135,
2910,513244,6136,
2911,513244,6137,
2912,513244,6138,
2913,513244,6139,
2914,513244,6140,
2915,513244,6141,
2916,513244,6142,
2917,513244,6143,
2918,513244,6144,
2919,513244,6145,
2920,513244,6146,
2921,513244,6147,
2922,513244,6150,
2923,513244,6151,
2924,513244,6152,
2925,513244,6153,
2926,513244,6154,
2927,513244,6155,
2928,513244,6156,
2929,513244,6157,
2930,513244,6158,
2931,513244,6159,
2932,513244,6160,
2933,513244,6161,
2934,513244,6162,
2935,513244,6163,
2936,513244,6164,
2937,513244,6165,
2938,513244,6166,
2939,513244,6167,
2940,513244,6168,
2941,513244,6169,
2942,513244,6170,
2943,513244,6171,
2944,513244,6172,
2945,513244,6173,
2946,513244,6174,
2947,513244,6175,
2948,513244,6176,
2949,513244,6178,
2950,513244,6181,
2951,513244,6183,
2952,513244,6184,
2953,513244,6185,
2954,513244,6186,
2955,513244,6187,
2956,513244,6188,
2957,513244,6189,
2958,513244,6190,
2959,513244,6194,
2960,513244,6195,
2961,513244,6199,
2962,513244,6200,
2963,513244,6201,
2964,513244,6202,
2965,513244,6203,
2966,513244,6204,
2967,513244,6205,
2968,513244,6206,
2969,513244,6207,
2970,513244,6208,
2971,513244,6209,
2972,513244,6210,
2973,513244,6212,
2974,513244,6213,
2975,513244,6214,
2976,513244,6215,
2977,513244,6216,
2978,513244,6217,
2979,513244,6218,
2980,513244,6219,
2981,513244,6227,
2982,513244,6232,
2983,513244,6233,
2984,513244,6235,
2985,513244,6237,
2986,513244,6238,
2987,513244,6240,
2988,513244,6241,
2989,513244,6245,
2990,513244,6246,
2991,513244,6247,
2992,513244,6248,
2993,513244,6249,
2994,513244,6250,
2995,513244,6251,
2996,513244,6252,
2997,513244,6253,
2998,513244,6254,
2999,513244,6255,
3000,513244,6256,
3001,513244,6258,
3002,513244,6260,
3003,513244,6261,
3004,513244,6262,
3005,513244,6263,
3006,513244,6264,
3007,513244,6265,
3008,513244,6266,
3009,513244,6267,
3010,513244,6268,
3011,513244,6269,
3012,513244,6270,
3013,513244,6271,
3014,513244,6272,
3015,513244,6273,
3016,513244,6274,
3017,513244,6275,
3018,513244,6276,
3019,513244,6277,
3020,513244,6278,
3021,513244,6279,
3022,513244,6280,
3023,513244,6281,
3024,513244,6282,
3025,513244,6283,
3026,513244,6286,
3027,513244,6287,
3028,513244,6288,
3029,513244,6289,
3030,513244,6290,
3031,513244,6291,
3032,513244,6292,
3033,513244,6293,
3034,513244,6294,
3035,513244,6295,
3036,513244,6297,
3037,513244,6299,
3038,513244,6300,
3039,513244,6302,
3040,513244,6303,
3041,513244,6304,
3042,513244,6305,
3043,513244,6306,
3044,513244,6307,
3045,513244,6308,
3046,513244,6310,
3047,513244,6315,
3048,513244,6316,
3049,513244,6317,
3050,513244,6318,
3051,513244,6321,
3052,513244,6322,
3053,513244,6323,
3054,513244,6324,
3055,513244,6325,
3056,513244,6326,
3057,513244,6327,
3058,513244,6328,
3059,513244,6329,
3060,513244,6330,
3061,513244,6343,
3062,513244,6344,
3063,513244,6345,
3064,513244,6346,
3065,513244,6347,
3066,513244,6348,
3067,513244,6349,
3068,513244,6351,
3069,513244,6352,
3070,513244,6353,
3071,513244,6358,
3072,513244,6359,
3073,513244,6360,
3074,513244,6361,
3075,513244,6362,
3076,513244,6363,
3077,513244,6364,
3078,513244,6365,
3079,513244,6368,
3080,513244,6370,
3081,513244,6371,
3082,513244,6380,
3083,513244,6381,
3084,513244,6382,
3085,513244,6383,
3086,513244,6384,
3087,513244,6385,
3088,513244,6386,
3089,513244,6387,
3090,513244,6388,
3091,513244,6389,
3092,513244,6390,
3093,513244,6391,
3094,513244,6392,
3095,513244,6393,
3096,513244,6394,
3097,513244,6395,
3098,513244,6396,
3099,513244,6397,
3100,513244,6400,
3101,513244,6401,
3102,513244,6402,
3103,513244,6403,
3104,513244,6404,
3105,513244,6405,
3106,513244,6406,
3107,513244,6407,
3108,513244,6408,
3109,513244,6410,
3110,513244,6411,
3111,513244,6412,
3112,513244,6413,
3113,513244,6416,
3114,513244,6417,
3115,513244,6418,
3116,513244,6419,
3117,513244,6421,
3118,513244,6422,
3119,513244,6423,
3120,513244,6424,
3121,513244,6425,
3122,513244,6432,
3123,513244,6433,
3124,513244,6434,
3125,513244,6435,
3126,513244,6436,
3127,513244,6439,
3128,513244,6444,
3129,513244,6445,
3130,513244,6446,
3131,513244,6447,
3132,513244,6448,
3133,513244,6449,
3134,513244,6450,
3135,513244,6451,
3136,513244,6452,
3137,513244,6460,
3138,513244,6462,
3139,513244,6463,
3140,513244,6464,
3141,513244,6465,
3142,513244,6466,
3143,513244,6467,
3144,513244,6470,
3145,513244,6471,
3146,513244,6475,
3147,513244,6476,
3148,513244,6477,
3149,513244,6478,
3150,513244,6479,
3151,513244,6480,
3152,513244,6481,
3153,513244,6482,
3154,513244,6483,
3155,513244,6484,
3156,513244,6485,
3157,513244,6486,
3158,513244,6487,
3159,513244,6488,
3160,513244,6489,
3161,513244,6490,
3162,513244,6491,
3163,513244,6492,
3164,513244,6493,
3165,513244,6494,
3166,513244,6495,
3167,513244,6497,
3168,513244,6498,
3169,513244,6499,
3170,513244,6500,
3171,513244,6503,
3172,513244,6504,
3173,513244,6505,
3174,513244,6506,
3175,513244,6507,
3176,513244,6508,
3177,513244,6511,
3178,513244,6512,
3179,513244,6513,
3180,513244,6514,
3181,513244,6517,
3182,513244,6518,
3183,513244,6519,
3184,513244,6520,
3185,513244,6521,
3186,513244,6527,
3187,513244,6532,
3188,513244,6533,
3189,513244,6534,
3190,513244,6535,
3191,513244,6536,
3192,513244,6537,
3193,513244,6538,
3194,513244,6539,
3195,513244,6540,
3196,513244,6541,
3197,513244,6545,
3198,513244,6546,
3199,513244,6548,
3200,513244,6553,
3201,513244,6554,
3202,513244,6561,
3203,513244,6562,
3204,513244,6563,
3205,513244,6564,
3206,513244,6565,
3207,513244,6566,
3208,513244,6569,
3209,513244,6570,
3210,513244,6571,
3211,513244,6572,
3212,513244,6573,
3213,513244,6574,
3214,513244,6575,
3215,513244,6576,
3216,513244,6577,
3217,513244,6578,
3218,513244,6579,
3219,513244,6581,
3220,513244,6582,
3221,513244,6583,
3222,513244,6584,
3223,513244,6585,
3224,513244,6586,
3225,513244,6587,
3226,513244,6588,
3227,513244,6589,
3228,513244,6590,
3229,513244,6591,
3230,513244,6592,
3231,513244,6594,
3232,513244,6595,
3233,513244,6597,
3234,513244,6598,
3235,513244,6599,
3236,513244,6601,
3237,513244,6604,
3238,513244,6608,
3239,513244,6611,
3240,513244,6612,
3241,513244,6615,
3242,513244,6616,
3243,513244,6617,
3244,513244,6618,
3245,513244,6619,
3246,513244,6620,
3247,513244,6621,
3248,513244,6622,
3249,513244,6623,
3250,513244,6624,
3251,513244,6625,
3252,513244,6626,
3253,513244,6629,
3254,513244,6630,
3255,513244,6633,
3256,513244,6634,
3257,513244,6635,
3258,513244,6636,
3259,513244,6637,
3260,513244,6638,
3261,513244,6639,
3262,513244,6640,
3263,513244,6641,
3264,513244,6642,
3265,513244,6643,
3266,513244,6644,
3267,513244,6645,
3268,513244,6646,
3269,513244,6647,
3270,513244,6648,
3271,513244,6649,
3272,513244,6650,
3273,513244,6651,
3274,513244,6652,
3275,513244,6653,
3276,513244,6654,
3277,513244,6655,
3278,513244,6656,
3279,513244,6657,
3280,513244,6658,
3281,513244,6661,
3282,513244,6665,
3283,513244,6666,
3284,513244,6667,
3285,513244,6668,
3286,513244,6669,
3287,513244,6671,
3288,513244,6672,
3289,513244,6673,
3290,513244,6674,
3291,513244,6675,
3292,513244,6676,
3293,513244,6680,
3294,513244,6681,
3295,513244,6682,
3296,513244,6683,
3297,513244,6684,
3298,513244,6685,
3299,513244,6686,
3300,513244,6687,
3301,513244,6689,
3302,513244,6690,
3303,513244,6691,
3304,513244,6692,
3305,513244,6694,
3306,513244,6695,
3307,513244,6696,
3308,513244,6697,
3309,513244,6698,
3310,513244,6699,
3311,513244,6700,
3312,513244,6701,
3313,513244,6702,
3314,513244,6703,
3315,513244,6704,
3316,513244,6705,
3317,513244,6706,
3318,513244,6708,
3319,513244,6711,
3320,513244,6712,
3321,513244,6716,
3322,513244,6717,
3323,513244,6718,
3324,513244,6719,
3325,513244,6723,
3326,513244,6724,
3327,513244,6727,
3328,513244,6736,
3329,513244,6737,
3330,513244,6738,
3331,513244,6739,
3332,513244,6740,
3333,513244,6741,
3334,513244,6742,
3335,513244,6745,
3336,513244,6746,
3337,513244,6747,
3338,513244,6748,
3339,513244,6751,
3340,513244,6752,
3341,513244,6753,
3342,513244,6754,
3343,513244,6760,
3344,513244,6761,
3345,513244,6767,
3346,513244,6768,
3347,513244,6775,
3348,513244,6776,
3349,513244,6777,
3350,513244,6778,
3351,513244,6779,
3352,513244,6780,
3353,513244,6781,
3354,513244,6782,
3355,513244,6783,
3356,513244,6787,
3357,513244,6788,
3358,513244,6789,
3359,513244,6790,
3360,513244,6791,
3361,513244,6792,
3362,513244,6793,
3363,513244,6799,
3364,513244,6800,
3365,513244,6801,
3366,513244,6802,
3367,513244,6803,
3368,513244,6804,
3369,513244,6806,
3370,513244,6807,
3371,513244,6808,
3372,513244,6809,
3373,513244,6810,
3374,513244,6811,
3375,513244,6812,
3376,513244,6813,
3377,513244,6814,
3378,513244,6818,
3379,513244,6819,
3380,513244,6820,
3381,513244,6821,
3382,513244,6823,
3383,513244,6824,
3384,513244,6825,
3385,513244,6826,
3386,513244,6827,
3387,513244,6828,
3388,513244,6829,
3389,513244,6830,
3390,513244,6833,
3391,513244,6834,
3392,513244,6835,
3393,513244,6836,
3394,513244,6837,
3395,513244,6844,
3396,513244,6845,
3397,513244,6846,
3398,513244,6850,
3399,513244,6851,
3400,513244,6852,
3401,513244,6853,
3402,513244,6859,
3403,513244,6860,
3404,513244,6861,
3405,513244,6862,
3406,513244,6863,
3407,513244,6864,
3408,513244,6865,
3409,513244,6866,
3410,513244,6867,
3411,513244,6868,
3412,513244,6869,
3413,513244,6870,
3414,513244,6871,
3415,513244,6872,
3416,513244,6873,
3417,513244,6874,
3418,513244,6875,
3419,513244,6876,
3420,513244,6877,
3421,513244,6878,
3422,513244,6879,
3423,513244,6880,
3424,513244,6881,
3425,513244,6882,
3426,513244,6883,
3427,513244,6884,
3428,513244,6885,
3429,513244,6886,
3430,513244,6887,
3431,513244,6890,
3432,513244,6895,
3433,513244,6896,
3434,513244,6897,
3435,513244,6898,
3436,513244,6899,
3437,513244,6900,
3438,513244,6901,
3439,513244,6902,
3440,513244,6903,
3441,513244,6904,
3442,513244,6905,
3443,513244,6906,
3444,513244,6907,
3445,513244,6908,
3446,513244,6909,
3447,513244,6910,
3448,513244,6911,
3449,513244,6914,
3450,513244,6915,
3451,513244,6921,
3452,513244,6922,
3453,513244,6923,
3454,513244,6924,
3455,513244,6925,
3456,513244,6926,
3457,513244,6927,
3458,513244,6928,
3459,513244,6929,
3460,513244,6930,
3461,513244,6931,
3462,513244,6932,
3463,513244,6934,
3464,513244,6935,
3465,513244,6936,
3466,513244,6939,
3467,513244,6942,
3468,513244,6943,
3469,513244,6944,
3470,513244,6947,
3471,513244,6948,
3472,513244,6949,
3473,513244,6950,
3474,513244,6954,
3475,513244,6955,
3476,513244,6958,
3477,513244,6959,
3478,513244,6960,
3479,513244,6961,
3480,513244,6962,
3481,513244,6963,
3482,513244,6964,
3483,513244,6965,
3484,513244,6966,
3485,513244,6967,
3486,513244,6968,
3487,513244,6969,
3488,513244,6970,
3489,513244,6971,
3490,513244,6972,
3491,513244,6973,
3492,513244,6974,
3493,513244,6975,
3494,513244,6976,
3495,513244,6977,
3496,513244,6978,
3497,513244,6979,
3498,513244,6980,
3499,513244,6981,
3500,513244,6982,
3501,513244,6983,
3502,513244,6984,
3503,513244,6985,
3504,513244,6986,
3505,513244,6987,
3506,513244,6988,
3507,513244,6989,
3508,513244,6990,
3509,513244,6991,
3510,513244,6992,
3511,513244,6993,
3512,513244,6994,
3513,513244,6995,
3514,513244,6996,
3515,513244,6997,
3516,513244,6998,
3517,513244,6999,
3518,513244,7000,
3519,513244,7001,
3520,513244,7003,
3521,513244,7004,
3522,513244,7009,
3523,513244,7010,
3524,513244,7011,
3525,513244,7012,
3526,513244,7016,
3527,513244,7017,
3528,513244,7018,
3529,513244,7019,
3530,513244,7020,
3531,513244,7021,
3532,513244,7023,
3533,513244,7026,
3534,513244,7027,
3535,513244,7028,
3536,513244,7029,
3537,513244,7030,
3538,513244,7031,
3539,513244,7032,
3540,513244,7033,
3541,513244,7034,
3542,513244,7035,
3543,513244,7037,
3544,513244,7038,
3545,513244,7039,
3546,513244,7040,
3547,513244,7041,
3548,513244,7042,
3549,513244,7043,
3550,513244,7044,
3551,513244,7045,
3552,513244,7046,
3553,513244,7048,
3554,513244,7049,
3555,513244,7050,
3556,513244,7051,
3557,513244,7053,
3558,513244,7054,
3559,513244,7056,
3560,513244,7058,
3561,513244,7059,
3562,513244,7060,
3563,513244,7061,
3564,513244,7062,
3565,513244,7063,
3566,513244,7064,
3567,513244,7065,
3568,513244,7066,
3569,513244,7067,
3570,513244,7068,
3571,513244,7069,
3572,513244,7070,
3573,513244,7071,
3574,513244,7072,
3575,513244,7074,
3576,513244,7075,
3577,513244,7076,
3578,513244,7077,
3579,513244,7078,
3580,513244,7079,
3581,513244,7080,
3582,513244,7081,
3583,513244,7083,
3584,513244,7084,
3585,513244,7085,
3586,513244,7086,
3587,513244,7087,
3588,513244,7088,
3589,513244,7089,
3590,513244,7090,
3591,513244,7091,
3592,513244,7092,
3593,513244,7093,
3594,513244,7094,
3595,513244,7095,
3596,513244,7099,
3597,513244,7106,
3598,513244,7107,
3599,513244,7108,
3600,513244,7109,
3601,513244,7110,
3602,513244,7111,
3603,513244,7112,
3604,513244,7114,
3605,513244,7115,
3606,513244,7118,
3607,513244,7120,
3608,513244,7121,
3609,513244,7122,
3610,513244,7123,
3611,513244,7124,
3612,513244,7125,
3613,513244,7126,
3614,513244,7127,
3615,513244,7128,
3616,513244,7129,
3617,513244,7130,
3618,513244,7131,
3619,513244,7132,
3620,513244,7134,
3621,513244,7135,
3622,513244,7136,
3623,513244,7137,
3624,513244,7138,
3625,513244,7139,
3626,513244,7140,
3627,513244,7141,
3628,513244,7142,
3629,513244,7143,
3630,513244,7144,
3631,513244,7145,
3632,513244,7146,
3633,513244,7152,
3634,513244,7156,
3635,513244,7157,
3636,513244,7159,
3637,513244,7160,
3638,513244,7161,
3639,513244,7162,
3640,513244,7163,
3641,513244,7164,
3642,513244,7165,
3643,513244,7166,
3644,513244,7167,
3645,513244,7168,
3646,513244,7169,
3647,513244,7173,
3648,513244,7174,
3649,513244,7175,
3650,513244,7176,
3651,513244,7178,
3652,513244,7179,
3653,513244,7180,
3654,513244,7181,
3655,513244,7182,
3656,513244,7183,
3657,513244,7184,
3658,513244,7185,
3659,513244,7186,
3660,513244,7188,
3661,513244,7191,
3662,513244,7192,
3663,513244,7193,
3664,513244,7194,
3665,513244,7195,
3666,513244,7196,
3667,513244,7199,
3668,513244,7200,
3669,513244,7201,
3670,513244,7202,
3671,513244,7203,
3672,513244,7204,
3673,513244,7205,
3674,513244,7206,
3675,513244,7207,
3676,513244,7208,
3677,513244,7210,
3678,513244,7211,
3679,513244,7213,
3680,513244,7214,
3681,513244,7218,
3682,513244,7219,
3683,513244,7220,
3684,513244,7221,
3685,513244,7222,
3686,513244,7223,
3687,513244,7224,
3688,513244,7225,
3689,513244,7226,
3690,513244,7227,
3691,513244,7228,
3692,513244,7229,
3693,513244,7230,
3694,513244,7231,
3695,513244,7232,
3696,513244,7233,
3697,513244,7234,
3698,513244,7240,
3699,513244,7241,
3700,513244,7242,
3701,513244,7243,
3702,513244,7244,
3703,513244,7245,
3704,513244,7246,
3705,513244,7247,
3706,513244,7248,
3707,513244,7249,
3708,513244,7250,
3709,513244,7251,
3710,513244,7252,
3711,513244,7253,
3712,513244,7254,
3713,513244,7255,
3714,513244,7256,
3715,513244,7257,
3716,513244,7258,
3717,513244,7259,
3718,513244,7260,
3719,513244,7261,
3720,513244,7262,
3721,513244,7263,
3722,513244,7264,
3723,513244,7265,
3724,513244,7266,
3725,513244,7267,
3726,513244,7268,
3727,513244,7271,
3728,513244,7272,
3729,513244,7275,
3730,513244,7276,
3731,513244,7277,
3732,513244,7278,
3733,513244,7279,
3734,513244,7281,
3735,513244,7283,
3736,513244,7284,
3737,513244,7285,
3738,513244,7286,
3739,513244,7287,
3740,513244,7288,
3741,513244,7289,
3742,513244,7290,
3743,513244,7298,
3744,513244,7303,
3745,513244,7306,
3746,513244,7307,
3747,513244,7308,
3748,513244,7309,
3749,513244,7310,
3750,513244,7312,
3751,513244,7313,
3752,513244,7315,
3753,513244,7316,
3754,513244,7317,
3755,513244,7318,
3756,513244,7321,
3757,513244,7324,
3758,513244,7325,
3759,513244,7326,
3760,513244,7327,
3761,513244,7328,
3762,513244,7329,
3763,513244,7331,
3764,513244,7332,
3765,513244,7333,
3766,513244,7334,
3767,513244,7335,
3768,513244,7336,
3769,513244,7337,
3770,513244,7338,
3771,513244,7339,
3772,513244,7340,
3773,513244,7341,
3774,513244,7342,
3775,513244,7343,
3776,513244,7345,
3777,513244,7346,
3778,513244,7347,
3779,513244,7348,
3780,513244,7349,
3781,513244,7350,
3782,513244,7351,
3783,513244,7352,
3784,513244,7353,
3785,513244,7355,
3786,513244,7356,
3787,513244,7357,
3788,513244,7358,
3789,513244,7359,
3790,513244,7360,
3791,513244,7361,
3792,513244,7362,
3793,513244,7363,
3794,513244,7368,
3795,513244,7369,
3796,513244,7370,
3797,513244,7371,
3798,513244,7372,
3799,513244,7373,
3800,513244,7374,
3801,513244,7375,
3802,513244,7376,
3803,513244,7377,
3804,513244,7378,
3805,513244,7380,
3806,513244,7383,
3807,513244,7384,
3808,513244,7385,
3809,513244,7386,
3810,513244,7387,
3811,513244,7388,
3812,513244,7389,
3813,513244,7390,
3814,513244,7391,
3815,513244,7394,
3816,513244,7395,
3817,513244,7396,
3818,513244,7397,
3819,513244,7400,
3820,513244,7401,
3821,513244,7402,
3822,513244,7403,
3823,513244,7404,
3824,513244,7405,
3825,513244,7406,
3826,513244,7413,
3827,513244,7414,
3828,513244,7415,
3829,513244,7416,
3830,513244,7417,
3831,513244,7418,
3832,513244,7419,
3833,513244,7420,
3834,513244,7421,
3835,513244,7422,
3836,513244,7423,
3837,513244,7424,
3838,513244,7436,
3839,513244,7437,
3840,513244,7442,
3841,513244,7443,
3842,513244,7450,
3843,513244,7451,
3844,513244,7454,
3845,513244,7455,
3846,513244,7456,
3847,513244,7457,
3848,513244,7458,
3849,513244,7462,
3850,513244,7463,
3851,513244,7464,
3852,513244,7465,
3853,513244,7466,
3854,513244,7471,
3855,513244,7472,
3856,513244,7473,
3857,513244,7474,
3858,513244,7475,
3859,513244,7476,
3860,513244,7477,
3861,513244,7478,
3862,513244,7479,
3863,513244,7480,
3864,513244,7481,
3865,513244,7482,
3866,513244,7483,
3867,513244,7484,
3868,513244,7485,
3869,513244,7486,
3870,513244,7487,
3871,513244,7488,
3872,513244,7489,
3873,513244,7490,
3874,513244,7491,
3875,513244,7492,
3876,513244,7493,
3877,513244,7494,
3878,513244,7495,
3879,513244,7499,
3880,513244,7500,
3881,513244,7501,
3882,513244,7502,
3883,513244,7503,
3884,513244,7504,
3885,513244,7505,
3886,513244,7506,
3887,513244,7507,
3888,513244,7508,
3889,513244,7509,
3890,513244,7511,
3891,513244,7512,
3892,513244,7517,
3893,513244,7518,
3894,513244,7519,
3895,513244,7520,
3896,513244,7521,
3897,513244,7522,
3898,513244,7526,
3899,513244,7527,
3900,513244,7528,
3901,513244,7529,
3902,513244,7530,
3903,513244,7531,
3904,513244,7532,
3905,513244,7533,
3906,513244,7534,
3907,513244,7535,
3908,513244,7536,
3909,513244,7537,
3910,513244,7538,
3911,513244,7539,
3912,513244,7540,
3913,513244,7541,
3914,513244,7542,
3915,513244,7543,
3916,513244,7544,
3917,513244,7545,
3918,513244,7546,
3919,513244,7547,
3920,513244,7548,
3921,513244,7549,
3922,513244,7550,
3923,513244,7551,
3924,513244,7552,
3925,513244,7553,
3926,513244,7554,
3927,513244,7555,
3928,513244,7556,
3929,513244,7557,
3930,513244,7558,
3931,513244,7559,
3932,513244,7560,
3933,513244,7561,
3934,513244,7562,
3935,513244,7563,
3936,513244,7564,
3937,513244,7565,
3938,513244,7566,
3939,513244,7567,
3940,513244,7571,
3941,513244,7572,
3942,513244,7573,
3943,513244,7574,
3944,513244,7575,
3945,513244,7576,
3946,513244,7584,
3947,513244,7585,
3948,513244,7586,
3949,513244,7587,
3950,513244,7588,
3951,513244,7589,
3952,513244,7590,
3953,513244,7592,
3954,513244,7595,
3955,513244,7596,
3956,513244,7599,
3957,513244,7605,
3958,513244,7606,
3959,513244,7607,
3960,513244,7610,
3961,513244,7611,
3962,513244,7614,
3963,513244,7618,
3964,513244,7623,
3965,513244,7626,
3966,513244,7639,
3967,513244,7644,
3968,513244,7645,
3969,513244,7649,
3970,513244,7651,
3971,513244,7659,
3972,513244,7665,
3973,513244,7667,
3974,513244,7674,
3975,513244,7679,
3976,513244,7680,
3977,513244,7684,
3978,513244,7686,
3979,513244,7690,
3980,513244,7691,
3981,513244,7693,
3982,513244,7694,
3983,513244,7695,
3984,513244,7699,
3985,513244,7701,
3986,513244,7703,
3987,513244,7709,
3988,513244,7715,
3989,513244,7716,
3990,513244,7717,
3991,513244,7724,
3992,513244,7726,
3993,513244,7728,
3994,513244,7729,
3995,513244,7730,
3996,513244,7732,
3997,513244,7734,
3998,513244,7735,
3999,513244,7737,
4000,513244,7738,
4001,513244,7740,
4002,513244,7741,
4003,513244,7747,
4004,513244,7752,
4005,513244,7754,
4006,513244,7757,
4007,513244,7761,
4008,513244,7768,
4009,513244,7773,
4010,513244,7775,
4011,513244,7777,
4012,513244,7778,
4013,513244,7780,
4014,513244,7783,
4015,513244,7787,
4016,513244,7793,
4017,513244,7795,
4018,513244,7797,
4019,513244,7799,
4020,513244,7802,
4021,513244,7804,
4022,513244,7812,
4023,513244,7815,
4024,513244,7819,
4025,513244,7823,
4026,513244,7826,
4027,513244,7827,
4028,513244,7830,
4029,513244,7832,
4030,513244,7835,
4031,513244,7837,
4032,513244,7838,
4033,513244,7840,
4034,513244,7841,
4035,513244,7842,
4036,513244,7843,
4037,513244,7845,
4038,513244,7847,
4039,513244,7849,
4040,513244,7850,
4041,513244,7854,
4042,513244,7855,
4043,513244,7858,
4044,513244,7860,
4045,513244,7862,
4046,513244,7863,
4047,513244,7865,
4048,513244,7866,
4049,513244,7870,
4050,513244,7871,
4051,513244,7874,
4052,513244,7875,
4053,513244,7876,
4054,513244,7877,
4055,513244,7879,
4056,513244,7881,
4057,513244,7886,
4058,513244,7889,
4059,513244,7893,
4060,513244,7896,
4061,513244,7897,
4062,513244,7899,
4063,513244,7902,
4064,513244,7903,
4065,513244,7904,
4066,513244,7906,
4067,513244,7907,
4068,513244,7908,
4069,513244,7914,
4070,513244,7917,
4071,513244,7919,
4072,513244,7921,
4073,513244,7924,
4074,513244,7926,
4075,513244,7929,
4076,513244,7931,
4077,513244,7932,
4078,513244,7933,
4079,513244,7935,
4080,513244,7936,
4081,513244,7937,
4082,513244,7939,
4083,513244,7940,
4084,513244,7941,
4085,513244,7942,
4086,513244,7943,
4087,513244,7946,
4088,513244,7948,
4089,513244,7952,
4090,513244,7956,
4091,513244,7960,
4092,513244,7962,
4093,513244,7968,
4094,513244,7972,
4095,513244,7976,
4096,513244,7979,
4097,513244,7981,
4098,513244,7985,
4099,513244,7987,
4100,513244,7988,
4101,513244,7990,
4102,513244,7991,
4103,513244,7993,
4104,513244,7995,
4105,513244,8002,
4106,513244,8007,
4107,513244,8008,
4108,513244,8009,
4109,513244,8012,
4110,513244,8013,
4111,513244,8014,
4112,513244,8015,
4113,513244,8018,
4114,513244,8019,
4115,513244,8020,
4116,513244,8023,
4117,513244,8026,
4118,513244,8027,
4119,513244,8029,
4120,513244,8030,
4121,513244,8032,
4122,513244,8033,
4123,513244,8034,
4124,513244,8035,
4125,513244,8037,
4126,513244,8039,
4127,513244,8040,
4128,513244,8047,
4129,513244,8048,
4130,513244,8049,
4131,513244,8052,
4132,513244,8055,
4133,513244,8057,
4134,513244,8059,
4135,513244,8061,
4136,513244,8063,
4137,513244,8065,
4138,513244,8067,
4139,513244,8071,
4140,513244,8073,
4141,513244,8074,
4142,513244,8078,
4143,513244,8079,
4144,513244,8081,
4145,513244,8082,
4146,513244,8083,
4147,513244,8084,
4148,513244,8085,
4149,513244,8086,
4150,513244,8087,
4151,513244,8089,
4152,513244,8090,
4153,513244,8091,
4154,513244,8093,
4155,513244,8094,
4156,513244,8100,
4157,513244,8102,
4158,513244,8103,
4159,513244,8112,
4160,513244,8115,
4161,513244,8116,
4162,513244,8117,
4163,513244,8118,
4164,513244,8119,
4165,513244,8122,
4166,513244,8124,
4167,513244,8128,
4168,513244,8130,
4169,513244,8132,
4170,513244,8135,
4171,513244,8137,
4172,513244,8139,
4173,513244,8143,
4174,513244,8147,
4175,513244,8148,
4176,513244,8149,
4177,513244,8151,
4178,513244,8152,
4179,513244,8154,
4180,513244,8155,
4181,513244,8157,
4182,513244,8159,
4183,513244,8161,
4184,513244,8162,
4185,513244,8164,
4186,513244,8166,
4187,513244,8167,
4188,513244,8169,
4189,513244,8170,
4190,513244,8172,
4191,513244,8175,
4192,513244,8177,
4193,513244,8178,
4194,513244,8180,
4195,513244,8183,
4196,513244,8184,
4197,513244,8188,
4198,513244,8190,
4199,513244,8191,
4200,513244,8193,
4201,513244,8195,
4202,513244,8196,
4203,513244,8197,
4204,513244,8199,
4205,513244,8201,
4206,513244,8202,
4207,513244,8204,
4208,513244,8205,
4209,513244,8206,
4210,513244,8209,
4211,513244,8210,
4212,513244,8211,
4213,513244,8213,
4214,513244,8217,
4215,513244,8218,
4216,513244,8222,
4217,513244,8223,
4218,513244,8224,
4219,513244,8228,
4220,513244,8230,
4221,513244,8233,
4222,513244,8235,
4223,513244,8237,
4224,513244,8240,
4225,513244,8243,
4226,513244,8245,
4227,513244,8247,
4228,513244,8250,
4229,513244,8252,
4230,513244,8256,
4231,513244,8258,
4232,513244,8259,
4233,513244,8260,
4234,513244,8262,
4235,513244,8265,
4236,513244,8267,
4237,513244,8268,
4238,513244,8270,
4239,513244,8271,
4240,513244,8273,
4241,513244,8274,
4242,513244,8276,
4243,513244,8281,
4244,513244,8282,
4245,513244,8287,
4246,513244,8288,
4247,513244,8292,
4248,513244,8299,
4249,513244,8301,
4250,513244,8303,
4251,513244,8304,
4252,513244,8308,
4253,513244,8310,
4254,513244,8311,
4255,513244,8316,
4256,513244,8317,
4257,513244,8318,
4258,513244,8323,
4259,513244,8324,
4260,513244,8327,
4261,513244,8328,
4262,513244,8332,
4263,513244,8335,
4264,513244,8336,
4265,513244,8338,
4266,513244,8340,
4267,513244,8341,
4268,513244,8343,
4269,513244,8344,
4270,513244,8347,
4271,513244,8348,
4272,513244,8350,
4273,513244,8351,
4274,513244,8355,
4275,513244,8363,
4276,513244,8364,
4277,513244,8365,
4278,513244,8367,
4279,513244,8370,
4280,513244,8371,
4281,513244,8373,
4282,513244,8375,
4283,513244,8378,
4284,513244,8379,
4285,513244,8380,
4286,513244,8381,
4287,513244,8384,
4288,513244,8387,
4289,513244,8389,
4290,513244,8394,
4291,513244,8396,
4292,513244,8401,
4293,513244,8412,
4294,513244,8425,
4295,513244,8427,
4296,513244,8435,
4297,513244,8438,
4298,513244,8440,
4299,513244,8443,
4300,513244,8448,
4301,513244,8449,
4302,513244,8452,
4303,513244,8453,
4304,513244,8454,
4305,513244,8456,
4306,513244,8464,
4307,513244,8470,
4308,513244,8479,
4309,513244,8480,
4310,513244,8483,
4311,513244,8484,
4312,513244,8485,
4313,513244,8491,
4314,513244,8492,
4315,513244,8493,
4316,513244,8494,
4317,513244,8495,
4318,513244,8498,
4319,513244,8499,
4320,513244,8500,
4321,513244,8504,
4322,513244,8506,
4323,513244,8507,
4324,513244,8510,
4325,513244,8511,
4326,513244,8513,
4327,513244,8515,
4328,513244,8518,
4329,513244,8521,
4330,513244,8522,
4331,513244,8524,
4332,513244,8525,
4333,513244,8528,
4334,513244,8529,
4335,513244,8532,
4336,513244,8535,
4337,513244,8536,
4338,513244,8540,
4339,513244,8543,
4340,513244,8545,
4341,513244,8547,
4342,513244,8549,
4343,513244,8555,
4344,513244,8556,
4345,513244,8558,
4346,513244,8559,
4347,513244,8561,
4348,513244,8562,
4349,513244,8565,
4350,513244,8566,
4351,513244,8568,
4352,513244,8569,
4353,513244,8571,
4354,513244,8572,
4355,513244,8573,
4356,513244,8574,
4357,513244,8575,
4358,513244,8576,
4359,513244,8578,
4360,513244,8579,
4361,513244,8580,
4362,513244,8581,
4363,513244,8582,
4364,513244,8584,
4365,513244,8586,
4366,513244,8587,
4367,513244,8588,
4368,513244,8589,
4369,513244,8591,
4370,513244,8592,
4371,513244,8593,
4372,513244,8594,
4373,513244,8598,
4374,513244,8600,
4375,513244,8603,
4376,513244,8604,
4377,513244,8607,
4378,513244,8609,
4379,513244,8610,
4380,513244,8611,
4381,513244,8613,
4382,513244,8615,
4383,513244,8616,
4384,513244,8617,
4385,513244,8619,
4386,513244,8620,
4387,513244,8621,
4388,513244,8622,
4389,513244,8625,
4390,513244,8626,
4391,513244,8627,
4392,513244,8628,
4393,513244,8631,
4394,513244,8632,
4395,513244,8633,
4396,513244,8634,
4397,513244,8635,
4398,513244,8638,
4399,513244,8639,
4400,513244,8644,
4401,513244,8646,
4402,513244,8650,
4403,513244,8651,
4404,513244,8652,
4405,513244,8655,
4406,513244,8657,
4407,513244,8658,
4408,513244,8661,
4409,513244,8662,
4410,513244,8664,
4411,513244,8670,
4412,513244,8674,
4413,513244,8679,
4414,513244,8685,
4415,513244,8687,
4416,513244,8693,
4417,513244,8696,
4418,513244,8698,
4419,513244,8702,
4420,513244,8704,
4421,513244,8710,
4422,513244,8722,
4423,513244,8725,
4424,513244,8727,
4425,513244,8730,
4426,513244,8731,
4427,513244,8734,
4428,513244,8735,
4429,513244,8738,
4430,513244,8739,
4431,513244,8742,
4432,513244,8750,
4433,513244,8751,
4434,513244,8754,
4435,513244,8759,
4436,513244,8760,
4437,513244,8762,
4438,513244,8763,
4439,513244,8768,
4440,513244,8772,
4441,513244,8777,
4442,513244,8780,
4443,513244,8782,
4444,513244,8784,
4445,513244,8786,
4446,513244,8787,
4447,513244,8798,
4448,513244,8805,
4449,513244,8810,
4450,513244,8813,
4451,513244,8821,
4452,513244,8833,
4453,513244,8849,
4454,513244,8852,
4455,513244,8859,
4456,513244,8862,
4457,513244,8864,
4458,513244,8866,
4459,513244,8868,
4460,513244,8869,
4461,513244,8871,
4462,513244,8872,
4463,513244,8873,
4464,513244,8875,
4465,513244,8876,
4466,513244,8877,
4467,513244,8878,
4468,513244,8881,
4469,513244,8882,
4470,513244,8886,
4471,513244,8888,
4472,513244,8890,
4473,513244,8893,
4474,513244,8894,
4475,513244,8895,
4476,513244,8900,
4477,513244,8901,
4478,513244,8904,
4479,513244,8906,
4480,513244,8907,
4481,513244,8909,
4482,513244,8910,
4483,513244,8912,
4484,513244,8913,
4485,513244,8916,
4486,513244,8918,
4487,513244,8920,
4488,513244,8922,
4489,513244,8924,
4490,513244,8925,
4491,513244,8926,
4492,513244,8927,
4493,513244,8928,
4494,513244,8930,
4495,513244,8934,
4496,513244,8937,
4497,513244,8938,
4498,513244,8948,
4499,513244,8950,
4500,513244,8952,
4501,513244,8953,
4502,513244,8954,
4503,513244,8957,
4504,513244,8959,
4505,513244,8960,
4506,513244,8962,
4507,513244,8963,
4508,513244,8967,
4509,513244,8969,
4510,513244,8970,
4511,513244,8972,
4512,513244,8977,
4513,513244,8979,
4514,513244,8980,
4515,513244,8981,
4516,513244,8983,
4517,513244,8987,
4518,513244,9002,
4519,513244,9003,
4520,513244,9009,
4521,513244,9010,
4522,513244,9011,
4523,513244,9012,
4524,513244,9013,
4525,513244,9014,
4526,513244,9016,
4527,513244,9023,
4528,513244,9025,
4529,513244,9027,
4530,513244,9028,
4531,513244,9029,
4532,513244,9036,
4533,513244,9037,
4534,513244,9053,
4535,513244,9055,
4536,513244,9057,
4537,513244,9059,
4538,513244,9061,
4539,513244,9063,
4540,513244,9072,
4541,513244,9074,
4542,513244,9081,
4543,513244,9083,
4544,513244,9085,
4545,513244,9087,
4546,513244,9088,
4547,513244,9089,
4548,513244,9090,
4549,513244,9094,
4550,513244,9095,
4551,513244,9096,
4552,513244,9097,
4553,513244,9103,
4554,513244,9104,
4555,513244,9106,
4556,513244,9107,
4557,513244,9120,
4558,513244,9122,
4559,513244,9123,
4560,513244,9124,
4561,513244,9125,
4562,513244,9127,
4563,513244,9128,
4564,513244,9129,
4565,513244,9131,
4566,513244,9132,
4567,513244,9133,
4568,513244,9143,
4569,513244,9145,
4570,513244,9149,
4571,513244,9161,
4572,513244,9162,
4573,513244,9163,
4574,513244,9165,
4575,513244,9168,
4576,513244,9170,
4577,513244,9172,
4578,513244,9174,
4579,513244,9175,
4580,513244,9177,
4581,513244,9178,
4582,513244,9180,
4583,513244,9182,
4584,513244,9183,
4585,513244,9184,
4586,513244,9185,
4587,513244,9187,
4588,513244,9193,
4589,513244,9194,
4590,513244,9195,
4591,513244,9196,
4592,513244,9197,
4593,513244,9201,
4594,513244,9204,
4595,513244,9205,
4596,513244,9206,
4597,513244,9209,
4598,513244,9210,
4599,513244,9213,
4600,513244,9215,
4601,513244,9218,
4602,513244,9224,
4603,513244,9225,
4604,513244,9236,
4605,513244,9239,
4606,513244,9241,
4607,513244,9243,
4608,513244,9248,
4609,513244,9250,
4610,513244,9252,
4611,513244,9253,
4612,513244,9255,
4613,513244,9256,
4614,513244,9257,
4615,513244,9259,
4616,513244,9261,
4617,513244,9262,
4618,513244,9264,
4619,513244,9265,
4620,513244,9266,
4621,513244,9267,
4622,513244,9270,
4623,513244,9271,
4624,513244,9272,
4625,513244,9273,
4626,513244,9274,
4627,513244,9277,
4628,513244,9278,
4629,513244,9279,
4630,513244,9280,
4631,513244,9282,
4632,513244,9284,
4633,513244,9286,
4634,513244,9288,
4635,513244,9290,
4636,513244,9294,
4637,513244,9295,
4638,513244,9297,
4639,513244,9299,
4640,513244,9300,
4641,513244,9301,
4642,513244,9303,
4643,513244,9304,
4644,513244,9306,
4645,513244,9307,
4646,513244,9308,
4647,513244,9310,
4648,513244,9311,
4649,513244,9312,
4650,513244,9314,
4651,513244,9316,
4652,513244,9318,
4653,513244,9319,
4654,513244,9321,
4655,513244,9322,
4656,513244,9323,
4657,513244,9324,
4658,513244,9325,
4659,513244,9328,
4660,513244,9330,
4661,513244,9332,
4662,513244,9333,
4663,513244,9336,
4664,513244,9338,
4665,513244,9353,
4666,513244,9361,
4667,513244,9367,
4668,513244,9372,
4669,513244,9373,
4670,513244,9374,
4671,513244,9380,
4672,513244,9382,
4673,513244,9393,
4674,513244,9395,
4675,513244,9409,
4676,513244,9413,
4677,513244,9419,
4678,513244,9422,
4679,513244,9431,
4680,513244,9441,
4681,513244,9443,
4682,513244,9444,
4683,513244,9445,
4684,513244,9448,
4685,513244,9450,
4686,513244,9451,
4687,513244,9454,
4688,513244,9455,
4689,513244,9462,
4690,513244,9466,
4691,513244,9467,
4692,513244,9473,
4693,513244,9482,
4694,513244,9483,
4695,513244,9486,
4696,513244,9494,
4697,513244,9495,
4698,513244,9496,
4699,513244,9499,
4700,513244,9501,
4701,513244,9502,
4702,513244,9503,
4703,513244,9504,
4704,513244,9505,
4705,513244,9508,
4706,513244,9509,
4707,513244,9510,
4708,513244,9518,
4709,513244,9522,
4710,513244,9526,
4711,513244,9531,
4712,513244,9540,
4713,513244,9542,
4714,513244,9543,
4715,513244,9548,
4716,513244,9550,
4717,513244,9556,
4718,513244,9557,
4719,513244,9560,
4720,513244,9561,
4721,513244,9570,
4722,513244,9571,
4723,513244,9578,
4724,513244,9580,
4725,513244,9584,
4726,513244,9587,
4727,513244,9588,
4728,513244,9590,
4729,513244,9593,
4730,513244,9594,
4731,513244,9595,
4732,513244,9596,
4733,513244,9597,
4734,513244,9598,
4735,513244,9600,
4736,513244,9607,
4737,513244,9608,
4738,513244,9609,
4739,513244,9610,
4740,513244,9612,
4741,513244,9619,
4742,513244,9620,
4743,513244,9621,
4744,513244,9623,
4745,513244,9624,
4746,513244,9633,
4747,513244,9634,
4748,513244,9635,
4749,513244,9636,
4750,513244,9638,
4751,513244,9643,
4752,513244,9645,
4753,513244,9646,
4754,513244,9652,
4755,513244,9654,
4756,513244,9660,
4757,513244,9661,
4758,513244,9663,
4759,513244,9667,
4760,513244,9672,
4761,513244,9673,
4762,513244,9674,
4763,513244,9679,
4764,513244,9680,
4765,513244,9682,
4766,513244,9686,
4767,513244,9687,
4768,513244,9690,
4769,513244,9692,
4770,513244,9693,
4771,513244,9695,
4772,513244,9696,
4773,513244,9697,
4774,513244,9698,
4775,513244,9701,
4776,513244,9702,
4777,513244,9703,
4778,513244,9704,
4779,513244,9706,
4780,513244,9707,
4781,513244,9708,
4782,513244,9713,
4783,513244,9714,
4784,513244,9715,
4785,513244,9717,
4786,513244,9718,
4787,513244,9721,
4788,513244,9726,
4789,513244,9728,
4790,513244,9729,
4791,513244,9732,
4792,513244,9733,
4793,513244,9735,
4794,513244,9742,
4795,513244,9745,
4796,513244,9748,
4797,513244,9749,
4798,513244,9754,
4799,513244,9756,
4800,513244,9759,
4801,513244,9760,
4802,513244,9761,
4803,513244,9762,
4804,513244,9769,
4805,513244,9770,
4806,513244,9773,
4807,513244,9774,
4808,513244,9780,
4809,513244,9784,
4810,513244,9785,
4811,513244,9786,
4812,513244,9788,
4813,513244,9789,
4814,513244,9790,
4815,513244,9791,
4816,513244,9793,
4817,513244,9795,
4818,513244,9801,
4819,513244,9803,
4820,513244,9809,
4821,513244,9810,
4822,513244,9812,
4823,513244,9813,
4824,513244,9815,
4825,513244,9820,
4826,513244,9821,
4827,513244,9822,
4828,513244,9823,
4829,513244,9824,
4830,513244,9834,
4831,513244,9837,
4832,513244,9841,
4833,513244,9843,
4834,513244,9846,
4835,513244,9850,
4836,513244,9855,
4837,513244,9856,
4838,513244,9858,
4839,513244,9859,
4840,513244,9861,
4841,513244,9866,
4842,513244,9868,
4843,513244,9869,
4844,513244,9872,
4845,513244,9877,
4846,513244,9878,
4847,513244,9880,
4848,513244,9882,
4849,513244,9885,
4850,513244,9886,
4851,513244,9890,
4852,513244,9891,
4853,513244,9899,
4854,513244,9900,
4855,513244,9901,
4856,513244,9902,
4857,513244,9905,
4858,513244,9906,
4859,513244,9907,
4860,513244,9908,
4861,513244,9909,
4862,513244,9910,
4863,513244,9913,
4864,513244,9915,
4865,513244,9918,
4866,513244,9926,
4867,513244,9938,
4868,513244,9939,
4869,513244,9940,
4870,513244,9942,
4871,513244,9944,
4872,513244,9947,
4873,513244,9948,
4874,513244,9952,
4875,513244,9954,
4876,513244,9955,
4877,513244,9961,
4878,513244,9962,
4879,513244,9963,
4880,513244,9968,
4881,513244,9973,
4882,513244,9975,
4883,513244,9980,
4884,513244,9982,
4885,513244,9984,
4886,513244,9987,
4887,513244,9989,
4888,513244,9991,
4889,513244,9996,
4890,513244,10004,
4891,513244,10007,
4892,513244,10010,
4893,513244,10011,
4894,513244,10012,
4895,513244,10015,
4896,513244,10019,
4897,513244,10020,
4898,513244,10022,
4899,513244,10025,
4900,513244,10031,
4901,513244,10038,
4902,513244,10044,
4903,513244,10045,
4904,513244,10046,
4905,513244,10047,
4906,513244,10048,
4907,513244,10049,
4908,513244,10051,
4909,513244,10052,
4910,513244,10053,
4911,513244,10056,
4912,513244,10057,
4913,513244,10059,
4914,513244,10060,
4915,513244,10063,
4916,513244,10064,
4917,513244,10067,
4918,513244,10071,
4919,513244,10076,
4920,513244,10080,
4921,513244,10081,
4922,513244,10088,
4923,513244,10089,
4924,513244,10094,
4925,513244,10096,
4926,513244,10098,
4927,513244,10102,
4928,513244,10104,
4929,513244,10106,
4930,513244,10110,
4931,513244,10111,
4932,513244,10113,
4933,513244,10116,
4934,513244,10117,
4935,513244,10123,
4936,513244,10125,
4937,513244,10127,
4938,513244,10128,
4939,513244,10130,
4940,513244,10131,
4941,513244,10134,
4942,513244,10136,
4943,513244,10138,
4944,513244,10145,
4945,513244,10146,
4946,513244,10148,
4947,513244,10151,
4948,513244,10152,
4949,513244,10158,
4950,513244,10161,
4951,513244,10165,
4952,513244,10166,
4953,513244,10171,
4954,513244,10177,
4955,513244,10178,
4956,513244,10180,
4957,513244,10189,
4958,513244,10190,
4959,513244,10192,
4960,513244,10194,
4961,513244,10196,
4962,513244,10197,
4963,513244,10201,
4964,513244,10211,
4965,513244,10212,
4966,513244,10215,
4967,513244,10216,
4968,513244,10219,
4969,513244,10223,
4970,513244,10225,
4971,513244,10226,
4972,513244,10233,
4973,513244,10240,
4974,513244,10241,
4975,513244,10242,
4976,513244,10247,
4977,513244,10248,
4978,513244,10250,
4979,513244,10254,
4980,513244,10259,
4981,513244,10262,
4982,513244,10266,
4983,513244,10278,
4984,513244,10280,
4985,513244,10287,
4986,513244,10294,
4987,513244,10299,
4988,513244,10301,
4989,513244,10302,
4990,513244,10303,
4991,513244,10308,
4992,513244,10310,
4993,513244,10317,
4994,513244,10318,
4995,513244,10320,
4996,513244,10330,
4997,513244,10334,
4998,513244,10335,
4999,513244,10336,
5000,513244,10353,
5001,513244,10354,
5002,513244,10359,
5003,513244,10363,
5004,513244,10364,
5005,513244,10367,
5006,513244,10372,
5007,513244,10375,
5008,513244,10381,
5009,513244,10391,
5010,513244,10392,
5011,513244,10395,
5012,513244,10398,
5013,513244,10399,
5014,513244,10404,
5015,513244,10406,
5016,513244,10419,
5017,513244,10425,
5018,513244,10427,
5019,513244,10429,
5020,513244,10430,
5021,513244,10432,
5022,513244,10436,
5023,513244,10440,
5024,513244,10441,
5025,513244,10442,
5026,513244,10444,
5027,513244,10445,
5028,513244,10455,
5029,513244,10460,
5030,513244,10462,
5031,513244,10464,
5032,513244,10467,
5033,513244,10469,
5034,513244,10470,
5035,513244,10480,
5036,513244,10483,
5037,513244,10485,
5038,513244,10486,
5039,513244,10491,
5040,513244,10495,
5041,513244,10504,
5042,513244,10508,
5043,513244,10509,
5044,513244,10510,
5045,513244,10515,
5046,513244,10517,
5047,513244,10518,
5048,513244,10526,
5049,513244,10527,
5050,513244,10528,
5051,513244,10529,
5052,513244,10530,
5053,513244,10533,
5054,513244,10537,
5055,513244,10538,
5056,513244,10539,
5057,513244,10541,
5058,513244,10542,
5059,513244,10549,
5060,513244,10554,
5061,513244,10563,
5062,513244,10569,
5063,513244,10571,
5064,513244,10577,
5065,513244,10585,
5066,513244,10590,
5067,513244,10593,
5068,513244,10595,
5069,513244,10600,
5070,513244,10604,
5071,513244,10605,
5072,513244,10607,
5073,513244,10609,
5074,513244,10610,
5075,513244,10611,
5076,513244,10618,
5077,513244,10621,
5078,513244,10622,
5079,513244,10623,
5080,513244,10625,
5081,513244,10626,
5082,513244,10630,
5083,513244,10632,
5084,513244,10636,
5085,513244,10638,
5086,513244,10641,
5087,513244,10643,
5088,513244,10647,
5089,513244,10648,
5090,513244,10651,
5091,513244,10652,
5092,513244,10655,
5093,513244,10658,
5094,513244,10660,
5095,513244,10661,
5096,513244,10663,
5097,513244,10667,
5098,513244,10669,
5099,513244,10671,
5100,513244,10672,
5101,513244,10677,
5102,513244,10678,
5103,513244,10681,
5104,513244,10683,
5105,513244,10686,
5106,513244,10692,
5107,513244,10696,
5108,513244,10699,
5109,513244,10700,
5110,513244,10701,
5111,513244,10703,
5112,513244,10704,
5113,513244,10705,
5114,513244,10706,
5115,513244,10708,
5116,513244,10710,
5117,513244,10711,
5118,513244,10713,
5119,513244,10716,
5120,513244,10718,
5121,513244,10721,
5122,513244,10725,
5123,513244,10727,
5124,513244,10729,
5125,513244,10731,
5126,513244,10732,
5127,513244,10733,
5128,513244,10735,
5129,513244,10736,
5130,513244,10737,
5131,513244,10739,
5132,513244,10740,
5133,513244,10741,
5134,513244,10742,
5135,513244,10743,
5136,513244,10744,
5137,513244,10745,
5138,513244,10749,
5139,513244,10750,
5140,513244,10755,
5141,513244,10757,
5142,513244,10760,
5143,513244,10761,
5144,513244,10767,
5145,513244,10768,
5146,513244,10769,
5147,513244,10773,
5148,513244,10774,
5149,513244,10775,
5150,513244,10776,
5151,513244,10777,
5152,513244,10779,
5153,513244,10780,
5154,513244,10783,
5155,513244,10784,
5156,513244,10789,
5157,513244,10793,
5158,513244,10794,
5159,513244,10795,
5160,513244,10796,
5161,513244,10797,
5162,513244,10798,
5163,513244,10799,
5164,513244,10800,
5165,513244,10801,
5166,513244,10802,
