,meshcode,tnodeno,snodeno,enodeno,tlanesu,lanesu,hodo,sokusen,high,laneno,klanecd,flanecd,ysnodeno,yenodeno,geometry
0,513244,101,1,103,3,2,1,1,2,1,1,1,103,102,
1,513244,101,1,103,3,2,1,1,2,2,1,2,105,146,
2,513244,101,1,103,3,2,1,1,2,3,1,2,105,146,
3,513244,101,1,103,3,2,1,1,2,3,1,2,103,6621,
4,513244,101,101,102,1,1,2,1,2,0,0,0,0,0,
5,513244,101,103,1,2,2,1,1,2,0,0,0,0,0,
6,513244,101,103,102,1,1,2,1,2,0,0,0,0,0,
7,513244,101,103,4359,1,1,2,2,2,0,0,0,0,0,
8,513244,101,103,6621,1,1,2,1,2,0,0,0,0,0,
9,513244,101,105,146,2,2,1,2,2,0,0,0,0,0,
10,513244,101,146,105,3,2,1,1,2,1,1,2,103,1,
11,513244,101,146,105,3,2,1,1,2,1,1,2,103,6621,
12,513244,101,146,105,3,2,1,1,2,2,1,2,103,1,
13,513244,101,146,105,3,2,1,1,2,3,1,1,101,102,
14,513244,101,4359,103,1,1,2,2,2,1,3,2,0,0,
15,513244,101,6621,103,1,1,2,2,2,1,3,2,0,0,
16,513244,101,6736,104,2,2,2,1,2,1,1,2,103,1,
17,513244,101,6736,104,2,2,2,1,2,1,1,2,105,146,
18,513244,101,6736,104,2,2,2,1,2,2,1,2,103,1,
19,513244,115,115,116,2,2,1,1,2,0,0,0,0,0,
20,513244,115,115,264,2,2,1,1,2,0,0,0,0,0,
21,513244,115,115,1574,1,1,1,1,2,0,0,0,0,0,
22,513244,115,116,115,2,2,1,1,2,1,1,2,115,264,
23,513244,115,116,115,2,2,1,1,2,2,1,2,115,1574,
24,513244,115,116,115,2,2,1,1,2,2,1,2,115,264,
25,513244,115,264,115,2,2,1,1,2,1,1,2,115,116,
26,513244,115,264,115,2,2,1,1,2,1,1,2,115,1574,
27,513244,115,264,115,2,2,1,1,2,2,1,2,115,116,
28,513244,115,1574,115,1,1,2,1,2,1,3,2,0,0,
29,513244,116,115,116,2,2,1,1,2,1,1,2,0,0,
30,513244,116,115,116,2,2,1,1,2,2,1,2,0,0,
31,513244,116,116,115,2,2,1,1,2,0,0,0,0,0,
32,513244,116,116,117,2,2,1,1,2,0,0,0,0,0,
33,513244,116,116,265,1,1,2,2,2,0,0,0,0,0,
34,513244,116,116,5324,1,1,2,1,2,0,0,0,0,0,
35,513244,116,117,116,2,2,1,1,2,1,1,2,0,0,
36,513244,116,117,116,2,2,1,1,2,2,1,2,0,0,
37,513244,116,265,116,1,1,2,2,2,1,3,2,0,0,
38,513244,116,5324,116,1,1,1,2,2,1,3,2,0,0,
39,513244,118,118,4918,1,1,1,1,2,0,0,0,0,0,
40,513244,118,118,4919,4,4,1,1,2,0,0,0,0,0,
41,513244,118,118,6635,2,2,2,1,2,0,0,0,0,0,
42,513244,118,118,6758,1,1,1,2,2,0,0,0,0,0,
43,513244,118,4918,118,1,1,1,1,2,1,1,2,0,0,
44,513244,118,4919,118,2,2,1,1,2,1,1,2,118,6758,
45,513244,118,4919,118,2,2,1,1,2,1,1,2,118,6635,
46,513244,118,4919,118,2,2,1,1,2,2,1,2,118,6635,
47,513244,118,6640,118,4,2,1,1,2,1,1,1,118,4918,
48,513244,118,6640,118,4,2,1,1,2,2,1,2,118,4919,
49,513244,118,6640,118,4,2,1,1,2,3,1,2,118,4919,
50,513244,118,6640,118,4,2,1,1,2,4,1,1,118,6758,
51,513244,118,6758,118,2,2,1,2,2,1,1,2,118,4918,
52,513244,118,6758,118,2,2,1,2,2,1,1,2,118,6635,
53,513244,118,6758,118,2,2,1,2,2,2,1,2,118,4918,
54,513244,118,6758,118,2,2,1,2,2,2,1,2,118,4919,
55,513244,119,119,6683,2,2,2,1,2,0,0,0,0,0,
56,513244,119,119,6709,1,1,2,1,2,0,0,0,0,0,
57,513244,119,143,119,2,2,2,1,2,1,1,2,0,0,
58,513244,119,143,119,2,2,2,1,2,2,1,2,0,0,
59,513244,120,120,121,2,2,1,1,2,0,0,0,0,0,
60,513244,120,120,6644,2,2,1,1,2,0,0,0,0,0,
61,513244,120,121,120,2,2,2,1,2,1,1,2,0,0,
62,513244,120,121,120,2,2,2,1,2,2,1,2,0,0,
63,513244,120,256,120,1,1,2,1,2,1,1,2,0,0,
64,513244,120,6644,120,2,2,1,1,2,1,1,2,0,0,
65,513244,120,6644,120,2,2,1,1,2,2,1,2,0,0,
66,513244,121,120,121,2,2,1,1,2,1,1,2,0,0,
67,513244,121,120,121,2,2,1,1,2,2,1,2,0,0,
68,513244,121,121,120,2,2,2,1,2,0,0,0,0,0,
69,513244,121,121,256,1,1,2,1,3,0,0,0,0,0,
70,513244,121,121,6006,1,1,1,2,3,0,0,0,0,0,
71,513244,121,121,6652,2,2,1,1,2,0,0,0,0,0,
72,513244,121,6652,121,2,2,1,1,2,1,1,2,0,0,
73,513244,121,6652,121,2,2,1,1,2,2,1,2,0,0,
74,513244,122,122,123,2,2,1,1,2,0,0,0,0,0,
75,513244,122,122,155,2,2,1,1,2,0,0,0,0,0,
76,513244,122,122,1340,1,1,2,2,2,0,0,0,0,0,
77,513244,122,123,122,3,2,1,1,2,1,1,1,122,1340,
78,513244,122,123,122,3,2,1,1,2,2,1,2,0,0,
79,513244,122,123,122,3,2,1,1,2,3,1,2,0,0,
80,513244,122,155,122,2,2,1,1,2,1,1,2,0,0,
81,513244,122,155,122,2,2,1,1,2,2,1,2,0,0,
82,513244,123,122,123,2,2,1,1,2,1,1,2,0,0,
83,513244,123,122,123,2,2,1,1,2,2,1,2,0,0,
84,513244,123,123,122,2,2,1,1,2,0,0,0,0,0,
85,513244,123,123,6652,2,2,1,1,2,0,0,0,0,0,
86,513244,123,6005,123,1,1,1,2,3,1,1,2,0,0,
87,513244,123,6652,123,2,2,1,1,2,1,1,2,0,0,
88,513244,123,6652,123,2,2,1,1,2,2,1,2,0,0,
89,513244,124,124,126,2,2,2,1,2,0,0,0,0,0,
90,513244,124,124,6762,2,2,1,1,2,0,0,0,0,0,
91,513244,124,126,124,2,2,2,1,2,1,1,2,0,0,
92,513244,124,126,124,2,2,2,1,2,2,1,2,0,0,
93,513244,124,3576,124,1,1,2,1,2,1,1,2,0,0,
94,513244,124,6762,124,2,2,2,1,2,1,1,2,0,0,
95,513244,124,6762,124,2,2,2,1,2,2,1,2,0,0,
96,513244,125,125,3575,1,1,1,1,2,0,0,0,0,0,
97,513244,125,125,5516,2,2,1,1,2,0,0,0,0,0,
98,513244,125,125,6762,2,2,2,1,2,0,0,0,0,0,
99,513244,125,5516,125,2,2,1,1,2,1,1,2,0,0,
100,513244,125,5516,125,2,2,1,1,2,2,1,2,0,0,
101,513244,125,6762,125,2,2,1,1,2,1,1,2,0,0,
102,513244,125,6762,125,2,2,1,1,2,2,1,2,0,0,
103,513244,126,59,126,1,1,2,2,2,1,1,2,0,0,
104,513244,126,124,126,2,2,2,1,2,1,1,2,126,2075,
105,513244,126,124,126,2,2,2,1,2,2,1,2,126,2075,
106,513244,126,126,59,1,1,2,2,2,0,0,0,0,0,
107,513244,126,126,124,2,2,2,1,2,0,0,0,0,0,
108,513244,126,126,2075,2,2,1,1,2,0,0,0,0,0,
109,513244,126,126,3577,1,1,1,1,2,0,0,0,0,0,
110,513244,126,408,126,2,2,1,1,2,1,1,2,0,0,
111,513244,126,408,126,2,2,1,1,2,2,1,2,0,0,
112,513244,126,2075,126,3,3,1,1,2,1,1,2,126,3577,
113,513244,126,2075,126,3,3,1,1,2,2,1,2,126,124,
114,513244,126,2075,126,3,3,1,1,2,3,1,2,126,124,
115,513244,127,127,2144,2,2,1,1,2,0,0,0,0,0,
116,513244,127,127,2145,1,1,1,1,2,0,0,0,0,0,
117,513244,127,127,5408,1,1,1,1,2,0,0,0,0,0,
118,513244,127,127,6656,2,2,1,2,2,0,0,0,0,0,
119,513244,127,2144,127,3,3,1,1,2,1,1,2,127,6656,
120,513244,127,2144,127,3,3,1,1,2,2,1,2,127,6656,
121,513244,127,2144,127,3,3,1,1,2,3,1,2,127,5408,
122,513244,127,2145,127,1,1,1,1,2,1,1,2,0,0,
123,513244,127,5408,127,2,1,1,1,2,1,1,2,127,2145,
124,513244,127,5408,127,2,1,1,1,2,1,1,2,127,2144,
125,513244,127,5408,127,2,1,1,1,2,2,1,1,127,6656,
126,513244,127,6656,127,3,3,1,2,2,1,1,2,127,5408,
127,513244,127,6656,127,3,3,1,2,2,1,1,2,127,2144,
128,513244,127,6656,127,3,3,1,2,2,2,1,2,127,2144,
129,513244,127,6656,127,3,3,1,2,2,3,1,2,127,2145,
130,513244,128,128,137,2,2,1,1,2,0,0,0,0,0,
131,513244,128,128,523,1,1,2,2,2,0,0,0,0,0,
132,513244,128,128,5023,2,2,1,1,2,0,0,0,0,0,
133,513244,128,137,128,2,2,2,1,2,1,1,2,0,0,
134,513244,128,137,128,2,2,2,1,2,2,1,2,0,0,
135,513244,128,523,128,1,1,1,2,2,1,3,2,0,0,
136,513244,128,5023,128,2,2,1,1,2,1,1,2,0,0,
137,513244,128,5023,128,2,2,1,1,2,2,1,2,0,0,
138,513244,129,129,130,2,2,1,1,2,0,0,0,0,0,
139,513244,129,129,3112,2,2,2,1,2,0,0,0,0,0,
140,513244,129,129,4043,1,1,2,2,2,0,0,0,0,0,
141,513244,129,130,129,2,2,2,1,2,1,1,2,0,0,
142,513244,129,130,129,2,2,2,1,2,2,1,2,0,0,
143,513244,129,3112,129,2,2,1,1,2,1,1,2,0,0,
144,513244,129,3112,129,2,2,1,1,2,2,1,2,0,0,
145,513244,129,4043,129,1,1,2,2,2,1,3,2,0,0,
146,513244,131,131,132,2,2,1,1,2,0,0,0,0,0,
147,513244,131,131,1400,1,1,1,2,2,0,0,0,0,0,
148,513244,131,131,2586,2,2,2,1,2,0,0,0,0,0,
149,513244,131,131,7141,1,1,1,1,2,0,0,0,0,0,
150,513244,131,132,131,3,2,1,1,2,1,1,2,131,2586,
151,513244,131,132,131,3,2,1,1,2,1,1,2,131,1400,
152,513244,131,132,131,3,2,1,1,2,2,1,2,131,2586,
153,513244,131,132,131,3,2,1,1,2,3,1,1,131,7141,
154,513244,131,1400,131,1,1,1,2,2,1,1,2,0,0,
155,513244,131,2586,131,3,2,1,1,2,1,1,2,131,132,
156,513244,131,2586,131,3,2,1,1,2,1,1,2,131,7141,
157,513244,131,2586,131,3,2,1,1,2,2,1,2,131,132,
158,513244,131,2586,131,3,2,1,1,2,3,1,1,131,1400,
159,513244,131,7141,131,2,1,1,1,2,1,1,2,131,1400,
160,513244,131,7141,131,2,1,1,1,2,1,1,2,131,132,
161,513244,131,7141,131,2,1,1,1,2,2,1,1,131,2586,
162,513244,132,131,132,2,2,1,1,2,1,1,2,0,0,
163,513244,132,131,132,2,2,1,1,2,2,1,2,0,0,
164,513244,132,132,131,3,3,1,1,2,0,0,0,0,0,
165,513244,132,132,5566,1,1,2,2,2,0,0,0,0,0,
166,513244,132,132,5567,2,2,1,1,2,0,0,0,0,0,
167,513244,132,5566,132,1,1,1,2,2,1,3,2,0,0,
168,513244,132,5567,132,2,2,2,1,2,1,1,2,0,0,
169,513244,132,5567,132,2,2,2,1,2,2,1,2,0,0,
170,513244,133,133,134,2,2,1,1,2,0,0,0,0,0,
171,513244,133,133,171,2,2,2,1,2,0,0,0,0,0,
172,513244,133,133,992,1,1,2,2,2,0,0,0,0,0,
173,513244,133,134,133,2,2,2,1,2,1,1,2,0,0,
174,513244,133,134,133,2,2,2,1,2,2,1,2,0,0,
175,513244,133,171,133,2,2,1,1,2,1,1,2,0,0,
176,513244,133,171,133,2,2,1,1,2,2,1,2,0,0,
177,513244,133,992,133,1,1,2,2,2,1,3,2,0,0,
178,513244,137,128,137,2,2,1,1,2,1,1,2,0,0,
179,513244,137,128,137,2,2,1,1,2,2,1,2,0,0,
180,513244,137,137,128,2,2,2,1,2,0,0,0,0,0,
181,513244,137,137,138,2,2,1,1,2,0,0,0,0,0,
182,513244,137,137,5080,1,1,2,2,2,0,0,0,0,0,
183,513244,137,138,137,2,2,2,1,2,1,1,2,0,0,
184,513244,137,138,137,2,2,2,1,2,2,1,2,0,0,
185,513244,137,5080,137,1,1,2,2,2,1,3,2,0,0,
186,513244,139,139,608,1,1,1,1,2,0,0,0,0,0,
187,513244,139,139,5343,2,2,1,1,2,0,0,0,0,0,
188,513244,139,139,6084,1,1,2,2,2,0,0,0,0,0,
189,513244,139,139,6093,1,1,2,1,2,0,0,0,0,0,
190,513244,139,139,7056,2,2,1,1,2,0,0,0,0,0,
191,513244,139,608,139,1,1,2,1,2,1,1,2,0,0,
192,513244,139,5343,139,2,2,2,1,2,1,1,2,0,0,
193,513244,139,5343,139,2,2,2,1,2,2,1,2,0,0,
194,513244,139,6084,139,1,1,1,1,2,1,3,2,0,0,
195,513244,139,6093,139,1,1,2,2,2,1,3,2,0,0,
196,513244,139,7056,139,2,2,1,2,2,1,1,2,0,0,
197,513244,139,7056,139,2,2,1,2,2,2,1,2,0,0,
198,513244,140,117,140,3,2,1,1,2,1,1,2,140,5286,
199,513244,140,117,140,3,2,1,1,2,1,1,2,140,5284,
200,513244,140,117,140,3,2,1,1,2,2,1,2,140,5284,
201,513244,140,117,140,3,2,1,1,2,3,1,1,140,5331,
202,513244,140,140,117,2,2,1,1,2,0,0,0,0,0,
203,513244,140,140,5284,2,2,1,1,2,0,0,0,0,0,
204,513244,140,140,5286,1,1,1,1,2,0,0,0,0,0,
205,513244,140,140,5331,1,1,2,2,2,0,0,0,0,0,
206,513244,140,5284,140,3,2,1,1,2,1,1,2,140,117,
207,513244,140,5284,140,3,2,1,1,2,1,1,2,140,5331,
208,513244,140,5284,140,3,2,1,1,2,2,1,2,140,117,
209,513244,140,5284,140,3,2,1,1,2,3,1,1,140,5286,
210,513244,140,5286,140,2,1,1,1,2,1,1,2,140,5284,
211,513244,140,5286,140,2,1,1,1,2,1,1,2,140,5331,
212,513244,140,5286,140,2,1,1,1,2,2,1,1,140,117,
213,513244,140,5331,140,1,1,1,2,2,1,3,2,0,0,
214,513244,141,141,5284,1,1,1,1,2,0,0,0,0,0,
215,513244,141,141,5409,1,1,1,2,2,0,0,0,0,0,
216,513244,141,141,5410,1,1,2,1,2,0,0,0,0,0,
217,513244,141,141,6656,1,1,1,2,2,0,0,0,0,0,
218,513244,141,5284,141,1,1,1,1,2,1,1,2,0,0,
219,513244,141,5409,141,1,1,1,2,2,1,1,2,0,0,
220,513244,141,5410,141,1,1,2,1,2,1,3,2,0,0,
221,513244,141,6656,141,2,2,1,2,2,1,1,2,0,0,
222,513244,141,6656,141,2,2,1,2,2,2,1,2,0,0,
223,513244,142,142,143,2,2,2,1,2,0,0,0,0,0,
224,513244,142,156,142,1,1,2,1,2,1,1,2,0,0,
225,513244,142,6702,142,1,1,2,1,2,1,1,2,0,0,
226,513244,145,145,6712,2,2,2,1,2,0,0,0,0,0,
227,513244,145,145,6743,1,1,2,1,1,0,0,0,0,0,
228,513244,145,145,7640,2,2,1,1,2,0,0,0,0,0,
229,513244,145,6712,145,2,2,1,1,2,1,1,2,0,0,
230,513244,145,6712,145,2,2,1,1,2,2,1,2,0,0,
231,513244,145,7640,145,2,2,1,1,2,1,1,2,0,0,
232,513244,145,7640,145,2,2,1,1,2,2,1,2,0,0,
233,513244,146,105,146,2,2,1,2,2,1,1,2,146,4320,
234,513244,146,105,146,2,2,1,2,2,1,1,2,146,6587,
235,513244,146,105,146,2,2,1,2,2,2,1,2,146,4320,
236,513244,146,146,105,2,2,1,1,2,0,0,0,0,0,
237,513244,146,146,4320,2,2,1,1,2,0,0,0,0,0,
238,513244,146,146,6587,1,1,1,2,2,0,0,0,0,0,
239,513244,146,4320,146,3,2,1,2,2,1,1,2,146,105,
240,513244,146,4320,146,3,2,1,2,2,2,1,2,146,105,
241,513244,146,4320,146,3,2,1,2,2,3,1,1,146,6587,
242,513244,146,6587,146,2,2,1,2,2,1,1,2,146,4320,
243,513244,146,6587,146,2,2,1,2,2,2,1,2,146,105,
244,513244,147,147,3609,1,1,2,2,2,0,0,0,0,0,
245,513244,147,147,5367,2,2,1,1,2,0,0,0,0,0,
246,513244,147,147,6659,1,1,1,2,2,0,0,0,0,0,
247,513244,147,147,7892,2,2,1,1,2,0,0,0,0,0,
248,513244,147,3609,147,1,1,2,2,2,1,3,2,0,0,
249,513244,147,5367,147,3,2,1,1,2,1,1,2,147,7892,
250,513244,147,5367,147,3,2,1,1,2,1,1,2,147,6659,
251,513244,147,5367,147,3,2,1,1,2,2,1,2,147,7892,
252,513244,147,5367,147,3,2,1,1,2,3,1,1,147,3609,
253,513244,147,6659,147,2,1,1,2,2,1,1,1,147,7892,
254,513244,147,6659,147,2,1,1,2,2,2,1,2,147,3609,
255,513244,147,6659,147,2,1,1,2,2,2,1,2,147,5367,
256,513244,147,7892,147,3,2,1,1,2,1,1,2,147,3609,
257,513244,147,7892,147,3,2,1,1,2,1,1,2,147,5367,
258,513244,147,7892,147,3,2,1,1,2,2,1,2,147,5367,
259,513244,147,7892,147,3,2,1,1,2,3,1,1,147,6659,
260,513244,148,148,7416,1,1,1,2,2,0,0,0,0,0,
261,513244,148,148,7624,2,2,1,1,2,0,0,0,0,0,
262,513244,148,180,7412,2,2,1,1,2,1,1,2,0,0,
263,513244,148,180,7412,2,2,1,1,2,2,1,2,0,0,
264,513244,148,7412,180,2,2,1,1,2,0,0,0,0,0,
265,513244,148,7509,7412,1,1,1,2,2,1,1,2,0,0,
266,513244,148,7624,148,3,2,1,1,2,1,1,1,148,7416,
267,513244,148,7624,148,3,2,1,1,2,2,1,2,0,0,
268,513244,148,7624,148,3,2,1,1,2,3,1,2,0,0,
269,513244,152,152,3153,1,1,1,1,2,0,0,0,0,0,
270,513244,152,152,3154,1,1,2,2,2,0,0,0,0,0,
271,513244,152,152,3632,1,1,1,1,2,0,0,0,0,0,
272,513244,152,1653,2900,1,1,1,1,2,0,0,0,0,0,
273,513244,152,1653,3154,1,1,2,1,2,0,0,0,0,0,
274,513244,152,2900,1653,2,1,1,1,2,1,1,2,152,3632,
275,513244,152,2900,1653,2,1,1,1,2,1,1,2,152,3153,
276,513244,152,2900,1653,2,1,1,1,2,2,1,1,1653,3154,
277,513244,152,3153,152,2,1,1,1,2,1,1,2,152,3154,
278,513244,152,3153,152,2,1,1,1,2,1,1,2,1653,2900,
279,513244,152,3153,152,2,1,1,1,2,2,1,1,152,3632,
280,513244,152,3154,152,1,1,2,1,2,1,3,2,0,0,
281,513244,152,3154,1653,1,1,2,1,2,1,3,2,0,0,
282,513244,152,3632,152,2,2,1,1,2,1,1,2,152,3153,
283,513244,152,3632,152,2,2,1,1,2,1,1,2,152,3154,
284,513244,152,3632,152,2,2,1,1,2,2,1,2,1653,2900,
285,513244,156,156,142,1,1,2,1,2,0,0,0,0,0,
286,513244,156,156,1249,1,1,2,1,1,0,0,0,0,0,
287,513244,156,6635,156,1,1,1,1,2,1,1,2,0,0,
288,513244,158,158,159,2,2,1,1,2,0,0,0,0,0,
289,513244,158,158,671,1,1,1,1,2,0,0,0,0,0,
290,513244,158,158,2620,2,2,2,1,2,0,0,0,0,0,
291,513244,158,158,7242,1,1,2,2,2,0,0,0,0,0,
292,513244,158,159,158,3,2,1,1,2,1,1,2,158,671,
293,513244,158,159,158,3,2,1,1,2,1,1,2,158,2620,
294,513244,158,159,158,3,2,1,1,2,2,1,2,158,2620,
295,513244,158,159,158,3,2,1,1,2,3,1,1,158,7242,
296,513244,158,671,158,1,1,2,1,2,1,1,2,0,0,
297,513244,158,2620,158,3,2,1,1,2,1,1,2,158,159,
298,513244,158,2620,158,3,2,1,1,2,1,1,2,158,7242,
299,513244,158,2620,158,3,2,1,1,2,2,1,2,158,159,
300,513244,158,2620,158,3,2,1,1,2,3,1,1,158,671,
301,513244,158,7242,158,1,1,2,2,2,1,3,2,0,0,
302,513244,159,158,159,2,2,1,1,2,1,1,2,0,0,
303,513244,159,158,159,2,2,1,1,2,2,1,2,0,0,
304,513244,159,159,158,2,2,1,1,2,0,0,0,0,0,
305,513244,159,159,4067,2,2,1,1,2,0,0,0,0,0,
306,513244,159,159,4068,1,1,2,2,2,0,0,0,0,0,
307,513244,159,4067,159,2,2,2,1,2,1,1,2,0,0,
308,513244,159,4067,159,2,2,2,1,2,2,1,2,0,0,
309,513244,159,4068,159,1,1,1,2,2,1,3,2,0,0,
310,513244,160,160,4067,2,2,2,1,2,0,0,0,0,0,
311,513244,160,160,4070,1,1,2,2,2,0,0,0,0,0,
312,513244,160,160,4970,2,2,1,1,2,0,0,0,0,0,
313,513244,160,4067,160,2,2,1,1,2,1,1,2,160,4070,
314,513244,160,4067,160,2,2,1,1,2,1,1,2,160,4970,
315,513244,160,4067,160,2,2,1,1,2,2,1,2,160,4970,
316,513244,160,4070,160,1,1,1,2,2,1,3,2,0,0,
317,513244,160,4970,160,3,3,1,1,2,1,1,2,160,4067,
318,513244,160,4970,160,3,3,1,1,2,2,1,2,160,4067,
319,513244,160,4970,160,3,3,1,1,2,3,1,2,160,4070,
320,513244,165,164,4360,3,2,1,1,2,1,1,2,165,4995,
321,513244,165,164,4360,3,2,1,1,2,1,1,2,4360,4974,
322,513244,165,164,4360,3,2,1,1,2,2,1,2,165,4995,
323,513244,165,164,4360,3,2,1,1,2,3,1,1,165,991,
324,513244,165,165,991,1,1,2,2,2,0,0,0,0,0,
325,513244,165,165,4995,2,2,1,1,2,0,0,0,0,0,
326,513244,165,991,165,1,1,2,2,2,1,3,2,0,0,
327,513244,165,4360,164,2,2,1,1,2,0,0,0,0,0,
328,513244,165,4360,4974,1,1,1,2,2,0,0,0,0,0,
329,513244,165,4974,4360,1,1,2,2,2,1,3,2,0,0,
330,513244,165,4995,165,3,2,1,1,2,1,1,2,165,991,
331,513244,165,4995,165,3,2,1,1,2,1,1,2,4360,164,
332,513244,165,4995,165,3,2,1,1,2,2,1,2,4360,164,
333,513244,165,4995,165,3,2,1,1,2,3,1,1,4360,4974,
334,513244,168,168,2559,1,1,2,1,2,0,0,0,0,0,
335,513244,168,168,3009,1,1,2,1,2,0,0,0,0,0,
336,513244,168,168,4285,2,2,1,1,2,0,0,0,0,0,
337,513244,168,2559,168,1,1,2,1,2,1,2,2,0,0,
338,513244,168,3009,168,2,2,1,1,2,1,1,2,168,2559,
339,513244,168,3009,168,2,2,1,1,2,1,1,2,168,4285,
340,513244,168,3009,168,2,2,1,1,2,2,1,2,168,4285,
341,513244,168,4285,168,2,1,2,1,2,1,1,2,168,3009,
342,513244,168,4285,168,2,1,2,1,2,2,1,1,168,2559,
343,513244,169,169,170,2,2,1,1,2,0,0,0,0,0,
344,513244,169,169,4285,2,2,2,1,2,0,0,0,0,0,
345,513244,169,170,169,2,2,1,1,2,1,1,2,0,0,
346,513244,169,170,169,2,2,1,1,2,2,1,2,0,0,
347,513244,169,1010,169,1,1,2,2,2,1,1,2,0,0,
348,513244,169,4285,169,2,2,1,1,2,1,1,2,0,0,
349,513244,169,4285,169,2,2,1,1,2,2,1,2,0,0,
350,513244,171,133,171,2,2,2,1,2,1,1,2,0,0,
351,513244,171,133,171,2,2,2,1,2,2,1,2,0,0,
352,513244,171,171,133,2,2,1,1,2,0,0,0,0,0,
353,513244,171,171,1633,1,1,2,2,2,0,0,0,0,0,
354,513244,171,171,2570,2,2,2,1,2,0,0,0,0,0,
355,513244,171,1633,171,1,1,1,2,2,1,3,2,0,0,
356,513244,171,2570,171,2,2,1,1,2,1,1,2,0,0,
357,513244,171,2570,171,2,2,1,1,2,2,1,2,0,0,
358,513244,177,177,6892,1,1,1,1,2,0,0,0,0,0,
359,513244,177,177,8111,1,1,1,1,2,0,0,0,0,0,
360,513244,177,177,8192,1,1,1,1,2,0,0,0,0,0,
361,513244,177,177,8251,1,1,2,1,2,0,0,0,0,0,
362,513244,177,6892,177,2,1,1,1,2,1,1,2,177,8192,
363,513244,177,6892,177,2,1,1,1,2,1,1,2,177,8251,
364,513244,177,6892,177,2,1,1,1,2,2,1,1,177,8111,
365,513244,177,8111,177,3,1,1,1,2,1,1,1,177,6892,
366,513244,177,8111,177,3,1,1,1,2,2,1,2,177,8192,
367,513244,177,8111,177,3,1,1,1,2,3,1,1,177,8251,
368,513244,177,8192,177,2,1,2,1,2,1,1,2,177,8251,
369,513244,177,8192,177,2,1,2,1,2,1,1,2,177,8111,
370,513244,177,8192,177,2,1,2,1,2,2,1,1,177,6892,
371,513244,177,8251,177,2,1,1,1,2,1,1,1,177,6892,
372,513244,177,8251,177,2,1,1,1,2,1,1,1,177,8111,
373,513244,177,8251,177,2,1,1,1,2,2,1,2,177,8192,
374,513244,178,178,6712,2,2,1,1,2,0,0,0,0,0,
375,513244,178,178,7641,2,2,2,1,2,0,0,0,0,0,
376,513244,178,904,178,1,1,1,1,1,1,1,2,0,0,
377,513244,178,6712,178,2,2,2,1,2,1,1,2,0,0,
378,513244,178,6712,178,2,2,2,1,2,2,1,2,0,0,
379,513244,178,7641,178,2,2,2,1,2,1,1,2,0,0,
380,513244,178,7641,178,2,2,2,1,2,2,1,2,0,0,
381,513244,180,180,7412,3,3,1,1,2,0,0,0,0,0,
382,513244,180,180,8312,2,2,1,1,2,0,0,0,0,0,
383,513244,180,5391,180,2,2,1,1,2,1,1,2,180,7412,
384,513244,180,5391,180,2,2,1,1,2,2,1,2,180,7412,
385,513244,180,7412,180,2,2,1,1,2,1,1,2,180,8312,
386,513244,180,7412,180,2,2,1,1,2,2,1,2,180,8312,
387,513244,180,7646,180,1,1,2,1,3,1,1,2,180,7412,
388,513244,186,114,1625,2,1,1,1,2,1,1,2,1625,7175,
389,513244,186,114,1625,2,1,1,1,2,1,1,2,1625,7189,
390,513244,186,114,1625,2,1,1,1,2,2,1,1,186,7909,
391,513244,186,186,5450,2,2,1,1,2,0,0,0,0,0,
392,513244,186,186,7909,1,1,2,1,2,0,0,0,0,0,
393,513244,186,186,8222,1,1,1,2,2,0,0,0,0,0,
394,513244,186,1625,7175,1,1,1,1,2,0,0,0,0,0,
395,513244,186,1625,7189,1,1,2,1,2,0,0,0,0,0,
396,513244,186,7189,1625,2,1,2,1,2,1,1,2,186,7909,
397,513244,186,7189,1625,2,1,2,1,2,1,1,2,1625,7175,
398,513244,186,7189,1625,2,1,2,1,2,2,1,1,186,5450,
399,513244,186,7909,186,3,2,1,2,2,1,1,2,186,5450,
400,513244,186,7909,186,3,2,1,2,2,2,1,2,1625,7189,
401,513244,186,7909,186,3,2,1,2,2,3,1,1,1625,7175,
402,513244,186,8151,186,3,2,1,1,2,1,1,2,186,7909,
403,513244,186,8151,186,3,2,1,1,2,1,1,2,186,5450,
404,513244,186,8151,186,3,2,1,1,2,2,1,2,186,5450,
405,513244,186,8151,186,3,2,1,1,2,3,1,1,1625,7189,
406,513244,187,187,188,2,2,1,1,2,0,0,0,0,0,
407,513244,187,187,393,1,1,1,1,2,0,0,0,0,0,
408,513244,187,187,3073,1,1,2,2,2,0,0,0,0,0,
409,513244,187,187,8408,2,2,1,1,2,0,0,0,0,0,
410,513244,187,188,187,3,2,1,2,2,1,1,2,187,393,
411,513244,187,188,187,3,2,1,2,2,1,1,2,187,8408,
412,513244,187,188,187,3,2,1,2,2,2,1,2,187,8408,
413,513244,187,188,187,3,2,1,2,2,3,1,1,187,3073,
414,513244,187,393,187,2,1,1,1,2,1,1,2,187,3073,
415,513244,187,393,187,2,1,1,1,2,1,1,2,187,8408,
416,513244,187,393,187,2,1,1,1,2,2,1,1,187,188,
417,513244,187,3073,187,2,1,1,2,2,1,1,2,187,188,
418,513244,187,3073,187,2,1,1,2,2,1,1,2,187,393,
419,513244,187,3073,187,2,1,1,2,2,2,1,1,187,8408,
420,513244,187,8248,187,3,2,1,1,2,1,1,2,187,188,
421,513244,187,8248,187,3,2,1,1,2,1,1,2,187,3073,
422,513244,187,8248,187,3,2,1,1,2,2,1,2,187,188,
423,513244,187,8248,187,3,2,1,1,2,3,1,1,187,393,
424,513244,188,187,188,3,2,1,1,2,1,1,2,188,7999,
425,513244,188,187,188,3,2,1,1,2,2,1,2,188,6622,
426,513244,188,187,188,3,2,1,1,2,3,1,1,188,6622,
427,513244,188,188,187,2,2,1,2,2,0,0,0,0,0,
428,513244,188,188,6622,1,1,1,1,2,0,0,0,0,0,
429,513244,188,188,7999,1,1,1,1,2,0,0,0,0,0,
430,513244,188,6630,188,3,3,1,1,2,1,1,2,188,187,
431,513244,188,6630,188,3,3,1,1,2,2,1,2,188,187,
432,513244,188,6630,188,3,3,1,1,2,3,1,2,188,7999,
433,513244,188,7999,188,2,1,2,1,2,1,1,2,188,187,
434,513244,188,7999,188,2,1,2,1,2,1,1,2,188,6622,
435,513244,188,7999,188,2,1,2,1,2,2,1,1,188,187,
436,513244,189,189,1204,1,1,1,2,2,0,0,0,0,0,
437,513244,189,189,3724,1,1,1,1,2,0,0,0,0,0,
438,513244,189,189,3728,1,1,1,1,2,0,0,0,0,0,
439,513244,189,189,5466,1,1,1,1,2,0,0,0,0,0,
440,513244,189,1204,189,1,1,2,2,2,1,3,2,0,0,
441,513244,189,3724,189,2,1,1,2,2,1,1,2,189,3728,
442,513244,189,3724,189,2,1,1,2,2,1,1,2,189,1204,
443,513244,189,3724,189,2,1,1,2,2,2,1,1,189,5466,
444,513244,189,3728,189,2,1,1,2,2,1,1,2,189,5466,
445,513244,189,3728,189,2,1,1,2,2,1,1,2,189,3724,
446,513244,189,3728,189,2,1,1,2,2,2,1,1,189,1204,
447,513244,189,5466,189,2,1,1,1,2,1,1,2,0,0,
448,513244,189,5466,189,2,1,1,1,2,2,1,1,189,3728,
449,513244,198,198,199,2,2,1,2,2,0,0,0,0,0,
450,513244,198,198,4357,1,1,2,2,2,0,0,0,0,0,
451,513244,198,198,4461,1,1,1,2,2,0,0,0,0,0,
452,513244,198,198,4669,2,2,1,1,2,0,0,0,0,0,
453,513244,198,199,198,3,2,1,2,2,1,1,2,198,4461,
454,513244,198,199,198,3,2,1,2,2,1,1,2,198,4669,
455,513244,198,199,198,3,2,1,2,2,2,1,2,198,4669,
456,513244,198,199,198,3,2,1,2,2,3,1,1,198,4357,
457,513244,198,4357,198,1,1,2,1,2,1,1,2,0,0,
458,513244,198,4461,198,2,2,1,2,2,1,1,2,198,4669,
459,513244,198,4461,198,2,2,1,2,2,2,1,2,198,199,
460,513244,198,4461,198,2,2,1,2,2,2,1,2,198,4357,
461,513244,198,4669,198,3,2,1,1,2,1,1,2,198,199,
462,513244,198,4669,198,3,2,1,1,2,1,1,2,198,4357,
463,513244,198,4669,198,3,2,1,1,2,2,1,2,198,199,
464,513244,198,4669,198,3,2,1,1,2,3,1,1,198,4461,
465,513244,221,221,7768,1,1,1,1,2,0,0,0,0,0,
466,513244,221,221,8427,2,2,1,2,2,0,0,0,0,0,
467,513244,221,7768,221,2,1,1,1,2,1,1,1,221,8427,
468,513244,221,7768,221,2,1,1,1,2,2,1,2,8294,8248,
469,513244,221,8106,8294,1,1,2,1,2,1,1,2,0,0,
470,513244,221,8294,8248,2,2,1,1,2,0,0,0,0,0,
471,513244,221,8371,8294,3,2,1,2,2,1,1,2,8294,8248,
472,513244,221,8371,8294,3,2,1,2,2,2,1,2,8294,8248,
473,513244,221,8371,8294,3,2,1,2,2,3,1,1,221,7768,
474,513244,221,8408,221,2,2,1,1,2,1,1,2,221,8427,
475,513244,221,8408,221,2,2,1,1,2,1,1,2,221,7768,
476,513244,221,8408,221,2,2,1,1,2,2,1,2,221,8427,
477,513244,232,232,234,2,2,1,2,2,0,0,0,0,0,
478,513244,232,232,235,1,1,1,1,2,0,0,0,0,0,
479,513244,232,232,8033,2,2,1,2,2,0,0,0,0,0,
480,513244,232,234,232,2,2,1,2,2,1,1,2,232,235,
481,513244,232,234,232,2,2,1,2,2,1,1,2,232,8033,
482,513244,232,234,232,2,2,1,2,2,2,1,2,232,8033,
483,513244,232,235,232,1,1,1,1,2,1,1,2,0,0,
484,513244,232,8033,232,3,2,1,1,2,1,1,2,232,234,
485,513244,232,8033,232,3,2,1,1,2,2,1,2,232,234,
486,513244,232,8033,232,3,2,1,1,2,3,1,1,232,235,
487,513244,233,233,234,2,2,1,2,2,0,0,0,0,0,
488,513244,233,233,235,2,2,1,2,2,0,0,0,0,0,
489,513244,233,233,241,1,1,1,1,2,0,0,0,0,0,
490,513244,233,234,233,2,2,1,2,2,1,1,2,233,241,
491,513244,233,234,233,2,2,1,2,2,2,1,2,233,235,
492,513244,233,235,233,2,2,1,2,2,1,1,2,0,0,
493,513244,233,235,233,2,2,1,2,2,2,1,2,233,241,
494,513244,233,235,233,2,2,1,2,2,2,1,2,233,234,
495,513244,233,241,233,2,1,1,1,2,1,1,2,233,235,
496,513244,233,241,233,2,1,1,1,2,2,1,1,233,234,
497,513244,234,232,234,3,2,1,2,2,1,1,2,234,253,
498,513244,234,232,234,3,2,1,2,2,1,1,2,234,247,
499,513244,234,232,234,3,2,1,2,2,2,1,2,234,247,
500,513244,234,232,234,3,2,1,2,2,3,1,1,234,233,
501,513244,234,233,234,3,3,1,2,2,1,1,2,234,232,
502,513244,234,233,234,3,3,1,2,2,2,1,2,234,253,
503,513244,234,233,234,3,3,1,2,2,2,1,2,234,247,
504,513244,234,233,234,3,3,1,2,2,3,1,2,234,247,
505,513244,234,234,232,2,2,1,2,2,0,0,0,0,0,
506,513244,234,234,233,2,2,1,2,2,0,0,0,0,0,
507,513244,234,234,247,2,2,1,2,2,0,0,0,0,0,
508,513244,234,234,253,1,1,1,1,2,0,0,0,0,0,
509,513244,234,247,234,3,2,1,2,2,1,1,2,234,232,
510,513244,234,247,234,3,2,1,2,2,1,1,2,234,233,
511,513244,234,247,234,3,2,1,2,2,2,1,2,234,232,
512,513244,234,247,234,3,2,1,2,2,3,1,1,234,253,
513,513244,234,253,234,2,1,1,1,2,1,1,2,234,247,
514,513244,234,253,234,2,1,1,1,2,1,1,2,234,233,
515,513244,234,253,234,2,1,1,1,2,2,1,1,234,232,
516,513244,235,232,235,2,1,1,1,2,1,1,2,235,233,
517,513244,235,232,235,2,1,1,1,2,2,1,1,235,6879,
518,513244,235,233,235,3,2,1,2,2,1,1,2,235,6879,
519,513244,235,233,235,3,2,1,2,2,2,1,2,235,6879,
520,513244,235,233,235,3,2,1,2,2,3,1,1,235,232,
521,513244,235,235,232,1,1,1,1,2,0,0,0,0,0,
522,513244,235,235,233,2,2,1,2,2,0,0,0,0,0,
523,513244,235,235,6879,2,2,1,1,2,0,0,0,0,0,
524,513244,235,6879,235,3,2,1,1,2,1,1,1,235,232,
525,513244,235,6879,235,3,2,1,1,2,2,1,2,235,233,
526,513244,235,6879,235,3,2,1,1,2,3,1,2,235,233,
527,513244,236,236,237,1,1,2,1,2,0,0,0,0,0,
528,513244,236,236,296,2,2,1,1,2,0,0,0,0,0,
529,513244,236,236,297,1,1,2,1,2,0,0,0,0,0,
530,513244,236,236,361,1,1,1,2,2,0,0,0,0,0,
531,513244,236,237,236,1,1,2,1,2,1,1,2,0,0,
532,513244,236,296,236,2,2,2,1,2,1,1,2,0,0,
533,513244,236,296,236,2,2,2,1,2,2,1,2,0,0,
534,513244,236,297,236,1,1,1,2,2,1,1,2,0,0,
535,513244,237,236,237,2,2,2,2,2,1,1,2,0,0,
536,513244,237,236,237,2,2,2,2,2,2,1,2,0,0,
537,513244,237,237,236,2,2,2,2,2,0,0,0,0,0,
538,513244,237,237,239,1,1,2,2,2,0,0,0,0,0,
539,513244,237,237,301,2,2,2,2,2,0,0,0,0,0,
540,513244,237,239,237,1,1,2,2,2,1,3,2,0,0,
541,513244,237,301,237,2,2,2,2,2,1,1,2,0,0,
542,513244,237,301,237,2,2,2,2,2,2,1,2,0,0,
543,513244,242,242,243,1,1,1,1,2,0,0,0,0,0,
544,513244,242,242,294,2,2,1,1,2,0,0,0,0,0,
545,513244,242,242,1651,2,2,1,1,2,0,0,0,0,0,
546,513244,242,243,242,1,1,1,1,2,1,1,2,0,0,
547,513244,242,294,242,3,2,1,1,2,1,1,2,242,1651,
548,513244,242,294,242,3,2,1,1,2,2,1,2,242,1651,
549,513244,242,294,242,3,2,1,1,2,3,1,1,242,243,
550,513244,242,1651,242,2,2,1,1,2,1,1,2,0,0,
551,513244,242,1651,242,2,2,1,1,2,2,1,2,0,0,
552,513244,247,234,247,3,2,1,2,2,1,1,2,247,252,
553,513244,247,234,247,3,2,1,2,2,1,1,2,247,299,
554,513244,247,234,247,3,2,1,2,2,2,1,2,247,299,
555,513244,247,234,247,3,2,1,2,2,3,1,1,247,241,
556,513244,247,241,247,2,1,1,1,2,1,1,2,247,234,
557,513244,247,241,247,2,1,1,1,2,1,1,2,247,252,
558,513244,247,241,247,2,1,1,1,2,2,1,1,247,299,
559,513244,247,247,234,2,2,1,2,2,0,0,0,0,0,
560,513244,247,247,241,1,1,1,1,2,0,0,0,0,0,
561,513244,247,247,252,1,1,1,1,2,0,0,0,0,0,
562,513244,247,247,299,2,2,1,2,2,0,0,0,0,0,
563,513244,247,252,247,2,1,1,1,2,1,1,2,247,241,
564,513244,247,252,247,2,1,1,1,2,1,1,2,247,299,
565,513244,247,252,247,2,1,1,1,2,2,1,1,247,234,
566,513244,247,299,247,3,2,1,2,2,1,1,2,247,234,
567,513244,247,299,247,3,2,1,2,2,1,1,2,247,241,
568,513244,247,299,247,3,2,1,2,2,2,1,2,247,234,
569,513244,247,299,247,3,2,1,2,2,3,1,1,247,252,
570,513244,254,254,255,1,1,1,1,2,0,0,0,0,0,
571,513244,254,254,294,2,2,1,1,2,0,0,0,0,0,
572,513244,254,254,295,2,2,1,1,2,0,0,0,0,0,
573,513244,254,255,254,1,1,1,1,2,1,1,2,0,0,
574,513244,254,294,254,2,2,1,1,2,1,1,2,0,0,
575,513244,254,294,254,2,2,1,1,2,2,1,2,0,0,
576,513244,254,295,254,2,2,1,1,2,1,1,2,0,0,
577,513244,254,295,254,2,2,1,1,2,2,1,2,0,0,
578,513244,264,115,264,2,2,1,1,2,1,1,2,0,0,
579,513244,264,115,264,2,2,1,1,2,2,1,2,0,0,
580,513244,264,264,115,2,2,1,1,2,0,0,0,0,0,
581,513244,264,264,5340,2,2,1,1,2,0,0,0,0,0,
582,513244,264,265,264,1,1,1,1,2,1,1,2,0,0,
583,513244,264,5340,264,2,2,1,1,2,1,1,2,0,0,
584,513244,264,5340,264,2,2,1,1,2,2,1,2,0,0,
585,513244,273,273,282,2,2,1,2,2,0,0,0,0,0,
586,513244,273,273,2229,1,1,1,2,2,0,0,0,0,0,
587,513244,273,273,3077,2,2,1,2,2,0,0,0,0,0,
588,513244,273,273,3580,1,1,2,2,2,0,0,0,0,0,
589,513244,273,282,273,3,2,1,2,2,1,1,2,273,3077,
590,513244,273,282,273,3,2,1,2,2,1,1,2,273,3580,
591,513244,273,282,273,3,2,1,2,2,2,1,2,273,3077,
592,513244,273,282,273,3,2,1,2,2,3,1,1,273,2229,
593,513244,273,2229,273,1,1,2,1,2,1,2,2,0,0,
594,513244,273,3077,273,2,2,1,2,2,1,1,2,273,282,
595,513244,273,3077,273,2,2,1,2,2,1,1,2,273,2229,
596,513244,273,3077,273,2,2,1,2,2,2,1,2,273,282,
597,513244,274,274,275,1,1,1,1,2,0,0,0,0,0,
598,513244,274,274,3316,2,2,1,1,2,0,0,0,0,0,
599,513244,274,274,4413,1,1,1,2,2,0,0,0,0,0,
600,513244,274,275,274,1,1,1,1,2,1,1,2,0,0,
601,513244,274,327,3324,1,1,1,2,2,0,0,0,0,0,
602,513244,274,327,4667,2,2,1,1,2,0,0,0,0,0,
603,513244,274,375,274,3,2,1,1,2,1,1,2,274,3316,
604,513244,274,375,274,3,2,1,1,2,1,1,2,274,275,
605,513244,274,375,274,3,2,1,1,2,2,1,2,274,3316,
606,513244,274,375,274,3,2,1,1,2,3,1,1,327,3324,
607,513244,274,3133,327,3,2,1,1,2,1,1,2,327,4667,
608,513244,274,3133,327,3,2,1,1,2,1,1,2,327,3324,
609,513244,274,3133,327,3,2,1,1,2,2,1,2,327,4667,
610,513244,274,3133,327,3,2,1,1,2,3,1,1,274,275,
611,513244,274,3324,327,1,1,1,2,2,1,1,2,0,0,
612,513244,276,276,277,1,1,1,1,2,0,0,0,0,0,
613,513244,276,276,351,2,2,1,1,2,0,0,0,0,0,
614,513244,276,277,276,1,1,1,1,2,1,1,2,0,0,
615,513244,276,280,281,1,1,1,1,2,0,0,0,0,0,
616,513244,276,280,3322,2,2,1,1,2,0,0,0,0,0,
617,513244,276,281,280,1,1,1,1,2,1,1,2,0,0,
618,513244,276,3316,276,3,2,1,1,2,1,1,2,276,277,
619,513244,276,3316,276,3,2,1,1,2,1,1,2,276,351,
620,513244,276,3316,276,3,2,1,1,2,2,1,2,276,351,
621,513244,276,3316,276,3,2,1,1,2,3,1,1,280,281,
622,513244,276,4364,280,3,2,1,1,2,1,1,2,280,281,
623,513244,276,4364,280,3,2,1,1,2,1,1,2,280,3322,
624,513244,276,4364,280,3,2,1,1,2,2,1,2,280,3322,
625,513244,276,4364,280,3,2,1,1,2,3,1,1,276,277,
626,513244,282,273,282,3,2,1,2,2,1,1,2,282,2327,
627,513244,282,273,282,3,2,1,2,2,1,1,2,282,4362,
628,513244,282,273,282,3,2,1,2,2,2,1,2,282,2327,
629,513244,282,273,282,3,2,1,2,2,3,1,1,282,553,
630,513244,282,282,273,2,2,1,2,2,0,0,0,0,0,
631,513244,282,282,553,1,1,2,1,2,0,0,0,0,0,
632,513244,282,282,2327,1,1,1,1,2,0,0,0,0,0,
633,513244,282,282,3078,1,1,1,2,2,0,0,0,0,0,
634,513244,282,282,4362,1,1,1,1,2,0,0,0,0,0,
635,513244,282,553,282,1,1,2,2,2,1,3,2,0,0,
636,513244,282,2327,282,3,2,1,1,2,1,1,2,282,273,
637,513244,282,2327,282,3,2,1,1,2,1,1,2,282,553,
638,513244,282,2327,282,3,2,1,1,2,2,1,2,282,273,
639,513244,282,2327,282,3,2,1,1,2,3,1,1,282,4362,
640,513244,282,4362,282,1,1,1,1,2,1,1,2,0,0,
641,513244,294,242,294,3,2,1,1,2,1,1,2,294,303,
642,513244,294,242,294,3,2,1,1,2,1,1,2,294,254,
643,513244,294,242,294,3,2,1,1,2,2,1,2,294,254,
644,513244,294,242,294,3,2,1,1,2,3,1,1,294,7398,
645,513244,294,254,294,3,2,1,1,2,1,1,2,294,242,
646,513244,294,254,294,3,2,1,1,2,1,1,2,294,7398,
647,513244,294,254,294,3,2,1,1,2,2,1,2,294,242,
648,513244,294,254,294,3,2,1,1,2,3,1,1,294,303,
649,513244,294,294,242,2,2,1,1,2,0,0,0,0,0,
650,513244,294,294,254,2,2,1,1,2,0,0,0,0,0,
651,513244,294,294,303,1,1,1,1,2,0,0,0,0,0,
652,513244,294,294,7398,1,1,1,1,2,0,0,0,0,0,
653,513244,294,303,294,2,1,1,1,2,1,1,2,294,254,
654,513244,294,303,294,2,1,1,1,2,1,1,2,294,7398,
655,513244,294,303,294,2,1,1,1,2,2,1,1,294,242,
656,513244,294,7398,294,2,1,1,1,2,1,1,2,294,303,
657,513244,294,7398,294,2,1,1,1,2,1,1,2,294,242,
658,513244,294,7398,294,2,1,1,1,2,2,1,1,294,254,
659,513244,295,249,295,2,1,1,1,2,1,1,2,295,305,
660,513244,295,249,295,2,1,1,1,2,1,1,2,295,254,
661,513244,295,249,295,2,1,1,1,2,2,1,1,295,296,
662,513244,295,254,295,3,2,1,1,2,1,1,2,295,305,
663,513244,295,254,295,3,2,1,1,2,1,1,2,295,296,
664,513244,295,254,295,3,2,1,1,2,2,1,2,295,296,
665,513244,295,254,295,3,2,1,1,2,3,1,1,295,249,
666,513244,295,295,249,1,1,1,1,2,0,0,0,0,0,
667,513244,295,295,254,2,2,1,1,2,0,0,0,0,0,
668,513244,295,295,296,2,2,1,1,2,0,0,0,0,0,
669,513244,295,295,305,1,1,1,1,2,0,0,0,0,0,
670,513244,295,296,295,3,2,1,1,2,1,1,2,295,254,
671,513244,295,296,295,3,2,1,1,2,1,1,2,295,249,
672,513244,295,296,295,3,2,1,1,2,2,1,2,295,254,
673,513244,295,296,295,3,2,1,1,2,3,1,1,295,305,
674,513244,295,305,295,2,1,1,1,2,1,1,2,295,296,
675,513244,295,305,295,2,1,1,1,2,1,1,2,295,249,
676,513244,295,305,295,2,1,1,1,2,2,1,1,295,254,
677,513244,296,236,296,2,2,1,1,2,1,1,2,0,0,
678,513244,296,236,296,2,2,1,1,2,2,1,2,0,0,
679,513244,296,248,296,2,1,1,1,2,1,1,2,0,0,
680,513244,296,248,296,2,1,1,1,2,2,1,1,0,0,
681,513244,296,295,296,2,2,1,1,2,1,1,2,0,0,
682,513244,296,295,296,2,2,1,1,2,2,1,2,0,0,
683,513244,296,296,236,2,2,2,1,2,0,0,0,0,0,
684,513244,296,296,295,2,2,1,1,2,0,0,0,0,0,
685,513244,297,236,297,1,1,2,1,2,1,1,2,0,0,
686,513244,297,297,236,1,1,1,1,2,0,0,0,0,0,
687,513244,297,297,298,1,1,2,1,2,0,0,0,0,0,
688,513244,297,297,6604,1,1,2,1,2,0,0,0,0,0,
689,513244,297,298,297,1,1,2,1,2,1,1,2,0,0,
690,513244,297,6604,297,1,1,1,1,2,1,3,2,0,0,
691,513244,299,247,299,3,2,1,2,2,1,1,2,299,7457,
692,513244,299,247,299,3,2,1,2,2,2,1,2,299,7457,
693,513244,299,247,299,3,2,1,2,2,2,1,2,3477,7613,
694,513244,299,247,299,3,2,1,2,2,3,1,1,3477,7461,
695,513244,299,299,247,2,2,1,2,2,0,0,0,0,0,
696,513244,299,299,7457,2,2,2,1,2,0,0,0,0,0,
697,513244,299,3477,7461,1,1,1,2,2,0,0,0,0,0,
698,513244,299,3477,7613,1,1,1,1,2,0,0,0,0,0,
699,513244,299,7455,3477,3,3,1,1,2,1,1,2,3477,7613,
700,513244,299,7455,3477,3,3,1,1,2,1,1,2,3477,7461,
701,513244,299,7455,3477,3,3,1,1,2,2,1,2,299,247,
702,513244,299,7455,3477,3,3,1,1,2,3,1,2,299,247,
703,513244,299,7459,299,4,2,2,1,2,1,1,2,299,247,
704,513244,299,7459,299,4,2,2,1,2,2,1,2,299,7457,
705,513244,299,7459,299,4,2,2,1,2,3,1,1,299,7457,
706,513244,299,7459,299,4,2,2,1,2,4,1,1,3477,7613,
707,513244,299,7613,3477,1,1,1,1,2,1,1,2,0,0,
708,513244,300,300,107,2,2,2,1,2,0,0,0,0,0,
709,513244,300,300,250,1,1,1,1,2,0,0,0,0,0,
710,513244,300,7457,300,2,2,2,1,2,1,1,2,0,0,
711,513244,300,7457,300,2,2,2,1,2,2,1,2,0,0,
712,513244,308,257,308,1,1,1,1,2,1,1,2,0,0,
713,513244,308,308,257,1,1,1,1,2,0,0,0,0,0,
714,513244,308,308,6005,1,1,1,1,2,0,0,0,0,0,
715,513244,308,308,6704,1,1,2,1,3,0,0,0,0,0,
716,513244,308,6006,308,1,1,1,1,2,1,1,2,0,0,
717,513244,308,6704,308,1,1,2,1,3,1,1,2,0,0,
718,513244,312,312,313,2,2,1,1,2,0,0,0,0,0,
719,513244,312,312,1613,2,2,2,1,2,0,0,0,0,0,
720,513244,312,312,3505,1,1,2,1,2,0,0,0,0,0,
721,513244,312,1613,312,2,2,1,1,2,1,1,2,0,0,
722,513244,312,1613,312,2,2,1,1,2,2,1,2,0,0,
723,513244,312,3505,312,1,1,2,1,2,1,1,2,0,0,
724,513244,313,312,313,2,2,1,1,2,1,1,2,0,0,
725,513244,313,312,313,2,2,1,1,2,2,1,2,0,0,
726,513244,313,313,2113,1,1,2,2,2,0,0,0,0,0,
727,513244,313,313,3061,2,2,1,1,2,0,0,0,0,0,
728,513244,313,2113,313,1,1,2,2,2,1,3,2,0,0,
729,513244,325,325,4364,2,2,1,1,2,0,0,0,0,0,
730,513244,325,325,4473,1,1,2,2,2,0,0,0,0,0,
731,513244,325,351,352,2,2,1,1,2,1,1,2,0,0,
732,513244,325,351,352,2,2,1,1,2,2,1,2,0,0,
733,513244,325,352,353,2,2,1,1,2,0,0,0,0,0,
734,513244,325,352,3429,1,1,2,2,2,0,0,0,0,0,
735,513244,325,3429,352,1,1,2,2,2,1,3,2,0,0,
736,513244,325,4473,325,1,1,2,2,2,1,3,2,0,0,
737,513244,325,7573,325,2,2,1,1,2,1,1,2,0,0,
738,513244,325,7573,325,2,2,1,1,2,2,1,2,0,0,
739,513244,342,62,342,1,1,2,1,2,1,3,2,0,0,
740,513244,342,73,342,2,2,1,2,2,1,1,2,0,0,
741,513244,342,73,342,2,2,1,2,2,2,1,2,0,0,
742,513244,342,342,62,1,1,2,1,2,0,0,0,0,0,
743,513244,342,342,73,2,2,1,2,2,0,0,0,0,0,
744,513244,342,342,343,2,2,1,2,2,0,0,0,0,0,
745,513244,342,342,2235,2,2,1,2,2,0,0,0,0,0,
746,513244,342,343,342,2,2,1,2,2,1,1,2,0,0,
747,513244,342,343,342,2,2,1,2,2,2,1,2,0,0,
748,513244,342,2235,342,2,2,1,2,2,1,1,2,342,343,
749,513244,342,2235,342,2,2,1,2,2,1,1,2,342,62,
750,513244,342,2235,342,2,2,1,2,2,2,1,2,342,73,
751,513244,343,342,343,2,2,1,2,2,1,1,2,0,0,
752,513244,343,342,343,2,2,1,2,2,2,1,2,0,0,
753,513244,343,343,342,2,2,1,2,2,0,0,0,0,0,
754,513244,343,343,2330,1,1,2,1,2,0,0,0,0,0,
755,513244,343,343,3788,1,1,2,2,2,0,0,0,0,0,
756,513244,343,343,7083,2,2,1,1,2,0,0,0,0,0,
757,513244,343,2330,343,1,1,2,1,2,1,3,2,0,0,
758,513244,343,3788,343,1,1,2,2,2,1,3,2,0,0,
759,513244,343,7083,343,2,2,1,2,2,1,1,2,0,0,
760,513244,343,7083,343,2,2,1,2,2,2,1,2,0,0,
761,513244,353,352,353,2,2,1,1,2,1,1,2,0,0,
762,513244,353,352,353,2,2,1,1,2,2,1,2,0,0,
763,513244,353,353,354,2,2,1,1,2,0,0,0,0,0,
764,513244,353,353,4637,1,1,2,2,2,0,0,0,0,0,
765,513244,353,4637,353,1,1,2,2,2,1,3,2,0,0,
766,513244,354,353,354,3,2,1,1,2,1,1,2,354,355,
767,513244,354,353,354,3,2,1,1,2,1,1,2,354,1454,
768,513244,354,353,354,3,2,1,1,2,2,1,2,354,355,
769,513244,354,353,354,3,2,1,1,2,3,1,1,412,1469,
770,513244,354,354,355,2,2,1,1,2,0,0,0,0,0,
771,513244,354,354,1454,1,1,1,2,2,0,0,0,0,0,
772,513244,354,412,1469,1,1,1,2,2,0,0,0,0,0,
773,513244,354,412,7573,2,2,1,1,2,0,0,0,0,0,
774,513244,354,413,412,3,3,1,2,2,1,1,2,412,7573,
775,513244,354,413,412,3,3,1,2,2,1,1,2,412,1469,
776,513244,354,413,412,3,3,1,2,2,2,1,2,412,7573,
777,513244,354,413,412,3,3,1,2,2,3,1,2,354,1454,
778,513244,354,1454,354,2,1,1,2,2,1,1,2,354,355,
779,513244,354,1454,354,2,1,1,2,2,1,1,2,412,1469,
780,513244,354,1454,354,2,1,1,2,2,2,1,1,412,7573,
781,513244,354,1469,412,2,1,1,1,2,1,1,2,412,7573,
782,513244,354,1469,412,2,1,1,1,2,1,1,2,354,1454,
783,513244,354,1469,412,2,1,1,1,2,2,1,1,354,355,
784,513244,355,354,355,2,2,1,1,2,1,1,2,0,0,
785,513244,355,354,355,2,2,1,1,2,2,1,2,0,0,
786,513244,355,355,2327,2,2,1,1,2,0,0,0,0,0,
787,513244,355,413,412,3,3,1,2,2,0,0,0,0,0,
788,513244,355,413,1555,1,1,2,2,2,0,0,0,0,0,
789,513244,355,1555,413,1,1,2,2,2,1,3,2,0,0,
790,513244,355,2327,413,1,1,1,1,2,1,1,2,0,0,
791,513244,355,7335,355,1,1,2,1,2,1,1,2,0,0,
792,513244,356,356,357,2,2,1,2,2,0,0,0,0,0,
793,513244,356,356,1044,2,2,1,1,2,0,0,0,0,0,
794,513244,356,356,3299,1,1,2,2,2,0,0,0,0,0,
795,513244,356,357,356,2,2,1,2,2,1,1,2,0,0,
796,513244,356,357,356,2,2,1,2,2,2,1,2,0,0,
797,513244,356,1044,356,2,2,1,2,2,1,1,2,0,0,
798,513244,356,1044,356,2,2,1,2,2,2,1,2,0,0,
799,513244,356,3299,356,1,1,2,2,2,1,3,2,0,0,
800,513244,358,358,1375,2,2,1,1,2,0,0,0,0,0,
801,513244,358,358,1611,1,1,1,1,2,0,0,0,0,0,
802,513244,358,358,3795,1,1,1,1,2,0,0,0,0,0,
803,513244,358,358,8415,1,1,2,1,2,0,0,0,0,0,
804,513244,358,1375,358,3,2,2,1,2,1,1,2,358,3795,
805,513244,358,1375,358,3,2,2,1,2,2,1,2,358,1611,
806,513244,358,1375,358,3,2,2,1,2,3,1,1,358,8415,
807,513244,358,1611,358,2,2,1,1,2,1,1,2,358,1375,
808,513244,358,1611,358,2,2,1,1,2,1,1,2,358,8415,
809,513244,358,1611,358,2,2,1,1,2,2,1,2,358,3795,
810,513244,358,3795,358,2,2,1,1,2,1,1,2,358,1611,
811,513244,358,3795,358,2,2,1,1,2,1,1,2,358,8415,
812,513244,358,3795,358,2,2,1,1,2,2,1,2,358,1375,
813,513244,358,8415,358,1,1,1,1,2,1,2,2,0,0,
814,513244,359,359,3175,1,1,1,1,2,0,0,0,0,0,
815,513244,359,359,6768,1,1,1,1,2,0,0,0,0,0,
816,513244,359,359,7237,2,2,1,1,2,0,0,0,0,0,
817,513244,359,3175,359,1,1,2,1,2,1,1,2,0,0,
818,513244,359,6768,359,2,1,1,1,2,1,1,2,359,7237,
819,513244,359,6768,359,2,1,1,1,2,2,1,1,359,3175,
820,513244,359,7237,359,2,2,1,1,2,1,1,2,359,3175,
821,513244,359,7237,359,2,2,1,1,2,2,1,2,359,6768,
822,513244,360,80,360,4,3,1,1,2,1,1,1,360,7237,
823,513244,360,80,360,4,3,1,1,2,2,1,2,360,2075,
824,513244,360,80,360,4,3,1,1,2,3,1,2,360,2075,
825,513244,360,80,360,4,3,1,1,2,4,1,2,360,2075,
826,513244,360,360,2075,3,3,1,1,2,0,0,0,0,0,
827,513244,360,360,7237,2,2,1,1,2,0,0,0,0,0,
828,513244,360,360,7935,3,3,1,1,2,0,0,0,0,0,
829,513244,360,2075,360,4,2,1,1,2,1,1,2,360,7935,
830,513244,360,2075,360,4,2,1,1,2,2,1,2,360,7935,
831,513244,360,2075,360,4,2,1,1,2,3,1,1,360,7237,
832,513244,360,2075,360,4,2,1,1,2,4,1,1,360,7237,
833,513244,360,7237,360,2,2,1,1,2,1,1,2,360,2075,
834,513244,360,7237,360,2,2,1,1,2,2,1,2,360,7935,
835,513244,361,106,361,3,3,2,1,2,1,1,2,0,0,
836,513244,361,106,361,3,3,2,1,2,2,1,2,0,0,
837,513244,361,106,361,3,3,2,1,2,3,1,2,0,0,
838,513244,361,236,361,1,1,1,1,2,1,1,2,0,0,
839,513244,361,361,7455,3,3,1,1,2,0,0,0,0,0,
840,513244,461,460,461,2,2,1,2,2,1,1,2,0,0,
841,513244,461,460,461,2,2,1,2,2,2,1,2,0,0,
842,513244,461,461,460,2,2,1,2,2,0,0,0,0,0,
843,513244,461,461,462,2,2,1,2,2,0,0,0,0,0,
844,513244,461,461,1050,1,1,1,2,2,0,0,0,0,0,
845,513244,461,462,461,2,2,1,2,2,1,1,2,0,0,
846,513244,461,462,461,2,2,1,2,2,2,1,2,0,0,
847,513244,461,1050,461,1,1,2,1,2,1,3,2,0,0,
848,513244,485,485,1887,1,1,2,2,2,0,0,0,0,0,
849,513244,485,485,6681,2,2,1,1,2,0,0,0,0,0,
850,513244,485,1887,485,1,1,1,2,2,1,3,2,485,6681,
851,513244,485,6681,485,3,2,1,1,2,1,1,2,8054,8148,
852,513244,485,6681,485,3,2,1,1,2,2,1,2,8054,8148,
853,513244,485,6681,485,3,2,1,1,2,3,1,1,8054,8218,
854,513244,485,8053,8054,3,3,2,1,2,1,1,2,485,6681,
855,513244,485,8053,8054,3,3,2,1,2,2,1,2,8054,8148,
856,513244,485,8053,8054,3,3,2,1,2,3,1,2,8054,8148,
857,513244,485,8054,8148,2,2,1,1,2,0,0,0,0,0,
858,513244,485,8054,8218,1,1,2,1,2,0,0,0,0,0,
859,513244,485,8148,8054,3,2,2,1,2,1,1,1,8054,8218,
860,513244,485,8148,8054,3,2,2,1,2,2,1,2,485,6681,
861,513244,485,8148,8054,3,2,2,1,2,3,1,2,485,6681,
862,513244,604,604,5074,1,1,2,1,2,0,0,0,0,0,
863,513244,604,604,6760,1,1,1,1,2,0,0,0,0,0,
864,513244,604,3166,3165,1,1,1,1,2,0,0,0,0,0,
865,513244,604,3166,5073,1,1,1,1,2,0,0,0,0,0,
866,513244,604,3369,604,2,1,1,1,2,1,1,2,0,0,
867,513244,604,3369,604,2,1,1,1,2,2,1,1,3166,5073,
868,513244,604,5073,3166,2,1,1,1,2,1,1,2,3166,3165,
869,513244,604,5073,3166,2,1,1,1,2,1,1,2,604,5074,
870,513244,604,5073,3166,2,1,1,1,2,2,1,1,604,6760,
871,513244,604,5074,604,1,1,2,2,2,1,2,2,0,0,
872,513244,604,8228,3166,2,1,1,1,2,1,1,2,3166,3165,
873,513244,604,8228,3166,2,1,1,1,2,1,1,2,3166,5073,
874,513244,604,8228,3166,2,1,1,1,2,2,1,1,604,5074,
875,513244,1375,358,1375,2,2,1,1,2,1,1,2,0,0,
876,513244,1375,358,1375,2,2,1,1,2,2,1,2,1375,3796,
877,513244,1375,1375,358,2,2,2,1,2,0,0,0,0,0,
878,513244,1375,1375,3790,1,1,1,1,2,0,0,0,0,0,
879,513244,1375,1375,3796,1,1,2,1,2,0,0,0,0,0,
880,513244,1375,3790,1375,1,1,1,1,2,1,1,2,0,0,
881,513244,1375,3796,1375,1,1,2,2,2,1,1,2,0,0,
882,513244,1579,1577,1579,2,2,1,1,2,1,1,2,0,0,
883,513244,1579,1577,1579,2,2,1,1,2,2,1,2,0,0,
884,513244,1579,1579,1577,1,1,1,1,2,0,0,0,0,0,
885,513244,1579,1579,3360,1,1,2,2,2,0,0,0,0,0,
886,513244,1579,1579,8073,2,2,1,1,2,0,0,0,0,0,
887,513244,1579,3360,1579,1,1,1,1,2,1,3,2,0,0,
888,513244,1579,8073,1579,1,1,1,1,2,1,1,2,0,0,
889,513244,1612,263,1612,1,1,1,1,2,1,1,2,0,0,
890,513244,1612,1612,3903,2,2,1,1,2,0,0,0,0,0,
891,513244,1612,1612,7659,1,1,2,2,2,0,0,0,0,0,
892,513244,1612,1612,7660,2,2,1,1,2,0,0,0,0,0,
893,513244,1612,3903,1612,2,2,2,1,2,1,1,2,0,0,
894,513244,1612,3903,1612,2,2,2,1,2,2,1,2,0,0,
895,513244,1612,7659,1612,1,1,2,2,2,1,3,2,0,0,
896,513244,1612,7660,1612,2,2,1,1,2,1,1,2,0,0,
897,513244,1612,7660,1612,2,2,1,1,2,2,1,2,0,0,
898,513244,1617,1617,3900,2,2,1,1,2,0,0,0,0,0,
899,513244,1617,1617,3902,1,1,2,2,2,0,0,0,0,0,
900,513244,1617,1617,6681,2,2,1,1,2,0,0,0,0,0,
901,513244,1617,3900,1617,2,2,1,1,2,1,1,2,0,0,
902,513244,1617,3900,1617,2,2,1,1,2,2,1,2,0,0,
903,513244,1617,3902,1617,1,1,2,2,2,1,3,2,0,0,
904,513244,1617,6681,1617,2,2,1,1,2,1,1,2,0,0,
905,513244,1617,6681,1617,2,2,1,1,2,2,1,2,0,0,
906,513244,1623,1623,3074,1,1,1,1,2,0,0,0,0,0,
907,513244,1623,1623,3468,1,1,2,1,2,0,0,0,0,0,
908,513244,1623,1623,6775,1,1,2,1,2,0,0,0,0,0,
909,513244,1623,3074,1623,2,1,1,1,2,1,1,2,1623,6775,
910,513244,1623,3074,1623,2,1,1,1,2,2,1,1,1623,3468,
911,513244,1623,3468,1623,1,1,2,1,2,1,3,2,0,0,
912,513244,1623,6775,1623,1,1,1,1,2,1,1,2,0,0,
913,513244,1651,242,1651,2,2,1,1,2,1,1,2,1651,1654,
914,513244,1651,242,1651,2,2,1,1,2,2,1,2,1651,1652,
915,513244,1651,1651,242,1,1,1,1,2,0,0,0,0,0,
916,513244,1651,1651,1652,1,1,1,1,2,0,0,0,0,0,
917,513244,1651,1651,1654,1,1,1,1,2,0,0,0,0,0,
918,513244,1651,1652,1651,2,2,1,1,2,1,1,2,1651,242,
919,513244,1651,1652,1651,2,2,1,1,2,2,1,2,1651,1654,
920,513244,1651,1654,1651,2,1,1,1,2,1,1,2,1651,1652,
921,513244,1651,1654,1651,2,1,1,1,2,2,1,1,1651,242,
922,513244,1652,1651,1652,1,1,1,1,2,1,1,2,0,0,
923,513244,1652,1652,1651,2,2,1,1,2,0,0,0,0,0,
924,513244,1652,1652,3114,1,1,1,1,2,0,0,0,0,0,
925,513244,1652,1652,7843,1,1,1,1,2,0,0,0,0,0,
926,513244,1652,3114,1652,1,1,2,1,2,1,1,2,0,0,
927,513244,1652,7843,1652,3,2,1,1,2,1,1,2,0,0,
928,513244,1652,7843,1652,3,2,1,1,2,2,1,2,0,0,
929,513244,1652,7843,1652,3,2,1,1,2,3,1,1,0,0,
930,513244,1655,1655,1657,1,1,2,2,2,0,0,0,0,0,
931,513244,1655,1655,6027,1,1,2,2,2,0,0,0,0,0,
932,513244,1655,1655,6605,1,1,1,2,2,0,0,0,0,0,
933,513244,1655,1655,7613,1,1,1,1,2,0,0,0,0,0,
934,513244,1655,1657,1655,1,1,2,2,2,1,3,2,0,0,
935,513244,1655,6027,1655,1,1,1,2,2,1,3,2,0,0,
936,513244,1655,6605,1655,1,1,2,2,2,1,3,2,0,0,
937,513244,1655,7613,1655,1,1,1,1,2,1,1,2,0,0,
938,513244,1669,1669,1827,2,2,1,2,2,0,0,0,0,0,
939,513244,1669,1669,1829,1,1,1,2,2,0,0,0,0,0,
940,513244,1669,1669,3132,2,2,1,2,2,0,0,0,0,0,
941,513244,1669,1669,6990,1,1,1,2,2,0,0,0,0,0,
942,513244,1669,1827,1669,3,2,1,2,2,1,1,2,1669,1829,
943,513244,1669,1827,1669,3,2,1,2,2,1,1,2,1669,3132,
944,513244,1669,1827,1669,3,2,1,2,2,2,1,2,1669,3132,
945,513244,1669,1827,1669,3,2,1,2,2,3,1,1,1669,6990,
946,513244,1669,1829,1669,1,1,1,2,2,1,1,2,0,0,
947,513244,1669,3132,1669,3,2,2,2,2,1,1,2,1669,1827,
948,513244,1669,3132,1669,3,2,2,2,2,1,1,2,1669,6990,
949,513244,1669,3132,1669,3,2,2,2,2,2,1,2,1669,1827,
950,513244,1669,3132,1669,3,2,2,2,2,3,1,1,1669,1829,
951,513244,1669,6990,1669,1,1,1,2,2,1,1,2,0,0,
952,513244,1689,1689,1701,2,2,1,1,2,0,0,0,0,0,
953,513244,1689,1689,1799,2,2,1,2,2,0,0,0,0,0,
954,513244,1689,1689,1806,1,1,1,2,2,0,0,0,0,0,
955,513244,1689,1689,8024,1,1,1,2,2,0,0,0,0,0,
956,513244,1689,1701,1689,3,2,1,1,2,1,1,2,1689,1799,
957,513244,1689,1701,1689,3,2,1,1,2,1,1,2,1689,1806,
958,513244,1689,1701,1689,3,2,1,1,2,2,1,2,1689,1799,
959,513244,1689,1701,1689,3,2,1,1,2,3,1,1,1689,8024,
960,513244,1689,1799,1689,3,2,1,1,2,1,1,2,1689,1701,
961,513244,1689,1799,1689,3,2,1,1,2,1,1,2,1689,8024,
962,513244,1689,1799,1689,3,2,1,1,2,2,1,2,1689,1701,
963,513244,1689,1799,1689,3,2,1,1,2,3,1,1,1689,1806,
964,513244,1689,1806,1689,1,1,1,2,2,1,1,2,0,0,
965,513244,1689,8024,1689,1,1,1,2,2,1,1,2,0,0,
966,513244,1700,1700,1701,2,2,1,1,2,0,0,0,0,0,
967,513244,1700,1700,1808,2,2,1,1,2,0,0,0,0,0,
968,513244,1700,1700,2892,1,1,2,2,2,0,0,0,0,0,
969,513244,1700,1701,1700,2,2,1,1,2,1,1,2,1700,2892,
970,513244,1700,1701,1700,2,2,1,1,2,1,1,2,1700,1808,
971,513244,1700,1701,1700,2,2,1,1,2,2,1,2,1700,1808,
972,513244,1700,1808,1700,3,2,1,1,2,1,1,2,1700,1701,
973,513244,1700,1808,1700,3,2,1,1,2,2,1,2,1700,1701,
974,513244,1700,1808,1700,3,2,1,1,2,3,1,1,0,0,
975,513244,1799,1689,1799,2,2,1,2,2,1,1,2,1799,1800,
976,513244,1799,1689,1799,2,2,1,2,2,1,1,2,1799,6921,
977,513244,1799,1689,1799,2,2,1,2,2,2,1,2,1799,6921,
978,513244,1799,1799,1689,2,2,1,2,2,0,0,0,0,0,
979,513244,1799,1799,1800,1,1,2,2,2,0,0,0,0,0,
980,513244,1799,1799,6921,2,2,1,2,2,0,0,0,0,0,
981,513244,1799,6921,1799,3,2,1,2,2,1,1,2,1799,1689,
982,513244,1799,6921,1799,3,2,1,2,2,2,1,2,1799,1689,
983,513244,1799,6921,1799,3,2,1,2,2,3,1,1,1799,1800,
984,513244,1807,1807,1808,2,2,1,1,2,0,0,0,0,0,
985,513244,1807,1807,1809,1,1,1,2,2,0,0,0,0,0,
986,513244,1807,1807,6680,2,2,1,1,2,0,0,0,0,0,
987,513244,1807,1808,1807,3,2,1,1,2,1,1,2,1807,6680,
988,513244,1807,1808,1807,3,2,1,1,2,2,1,2,1807,6680,
989,513244,1807,1808,1807,3,2,1,1,2,3,1,1,1807,1809,
990,513244,1807,1809,1807,1,1,1,2,2,1,3,2,0,0,
991,513244,1807,6680,1807,2,2,1,1,2,1,1,2,1807,1808,
992,513244,1807,6680,1807,2,2,1,1,2,1,1,2,1807,1809,
993,513244,1807,6680,1807,2,2,1,1,2,2,1,2,1807,1808,
994,513244,1826,1826,1827,2,2,1,2,2,0,0,0,0,0,
995,513244,1826,1826,1828,1,1,2,2,2,0,0,0,0,0,
996,513244,1826,1826,4348,2,2,1,2,2,0,0,0,0,0,
997,513244,1826,1827,1826,3,2,1,2,2,1,1,2,1826,4348,
998,513244,1826,1827,1826,3,2,1,2,2,2,1,2,1826,4348,
999,513244,1826,1827,1826,3,2,1,2,2,3,1,1,1826,1828,
1000,513244,1826,4348,1826,2,2,1,2,2,1,1,2,1826,1828,
1001,513244,1826,4348,1826,2,2,1,2,2,1,1,2,1826,1827,
1002,513244,1826,4348,1826,2,2,1,2,2,2,1,2,1826,1827,
1003,513244,1827,1669,1827,2,2,1,2,2,1,1,2,0,0,
1004,513244,1827,1669,1827,2,2,1,2,2,2,1,2,0,0,
1005,513244,1827,1826,1827,2,2,1,1,2,1,1,2,0,0,
1006,513244,1827,1826,1827,2,2,1,1,2,2,1,2,0,0,
1007,513244,1827,1827,1669,2,2,1,2,2,0,0,0,0,0,
1008,513244,1827,1827,1826,2,2,1,1,2,0,0,0,0,0,
1009,513244,1827,1827,2106,1,1,2,2,2,0,0,0,0,0,
1010,513244,1827,2106,1827,1,1,2,2,2,1,3,2,0,0,
1011,513244,1880,1880,1886,2,2,1,1,2,0,0,0,0,0,
1012,513244,1880,1880,3915,1,1,1,2,2,0,0,0,0,0,
1013,513244,1880,1880,7273,2,2,1,1,2,0,0,0,0,0,
1014,513244,1880,1886,1880,3,2,1,1,2,1,1,2,1880,7273,
1015,513244,1880,1886,1880,3,2,1,1,2,2,1,2,1880,7273,
1016,513244,1880,1886,1880,3,2,1,1,2,3,1,1,1880,3915,
1017,513244,1880,3915,1880,1,1,1,2,2,1,1,2,0,0,
1018,513244,1880,7273,1880,2,2,1,1,2,1,1,2,1880,1886,
1019,513244,1880,7273,1880,2,2,1,1,2,1,1,2,1880,3915,
1020,513244,1880,7273,1880,2,2,1,1,2,2,1,2,1880,1886,
1021,513244,2075,126,2075,4,2,1,1,2,1,1,2,0,0,
1022,513244,2075,126,2075,4,2,1,1,2,2,1,2,2075,360,
1023,513244,2075,126,2075,4,2,1,1,2,3,1,1,2075,360,
1024,513244,2075,126,2075,4,2,1,1,2,4,1,1,2075,360,
1025,513244,2075,360,2075,3,3,1,1,2,1,1,2,0,0,
1026,513244,2075,360,2075,3,3,1,1,2,2,1,2,0,0,
1027,513244,2075,360,2075,3,3,1,1,2,3,1,2,0,0,
1028,513244,2075,2075,126,3,3,1,1,2,0,0,0,0,0,
1029,513244,2075,2075,360,4,4,1,1,2,0,0,0,0,0,
1030,513244,2075,2075,8493,1,1,2,2,2,0,0,0,0,0,
1031,513244,2075,8493,2075,1,1,2,2,2,1,3,2,0,0,
1032,513244,2116,2116,2141,2,2,1,1,2,0,0,0,0,0,
1033,513244,2116,2116,3608,2,2,1,1,2,0,0,0,0,0,
1034,513244,2116,2141,2116,2,2,1,1,2,1,1,2,0,0,
1035,513244,2116,2141,2116,2,2,1,1,2,2,1,2,0,0,
1036,513244,2116,3586,2116,1,1,1,1,2,1,1,2,0,0,
1037,513244,2116,3608,2116,2,2,1,1,2,1,1,2,0,0,
1038,513244,2116,3608,2116,2,2,1,1,2,2,1,2,0,0,
1039,513244,2143,2141,2143,2,2,1,1,2,1,1,2,2143,6718,
1040,513244,2143,2141,2143,2,2,1,1,2,2,1,2,2143,2142,
1041,513244,2143,2142,2143,1,1,2,1,2,1,1,2,0,0,
1042,513244,2143,2143,2141,2,2,1,1,2,0,0,0,0,0,
1043,513244,2143,2143,2142,1,1,2,1,2,0,0,0,0,0,
1044,513244,2143,2143,6718,1,1,1,1,2,0,0,0,0,0,
1045,513244,2143,6718,2143,2,2,1,1,2,1,1,2,2143,2141,
1046,513244,2143,6718,2143,2,2,1,1,2,1,1,2,2143,2142,
1047,513244,2143,6718,2143,2,2,1,1,2,2,1,2,2143,2141,
1048,513244,2144,127,2144,2,2,1,1,2,1,1,2,0,0,
1049,513244,2144,127,2144,2,2,1,1,2,2,1,2,0,0,
1050,513244,2144,2144,127,3,3,1,1,2,0,0,0,0,0,
1051,513244,2144,2144,2145,1,1,1,1,2,0,0,0,0,0,
1052,513244,2144,2144,4919,2,2,1,1,2,0,0,0,0,0,
1053,513244,2144,4919,2144,4,4,1,1,2,1,1,2,2144,2145,
1054,513244,2144,4919,2144,4,4,1,1,2,2,1,2,2144,127,
1055,513244,2144,4919,2144,4,4,1,1,2,3,1,2,2144,127,
1056,513244,2144,4919,2144,4,4,1,1,2,4,1,2,2144,127,
1057,513244,2145,127,2145,1,1,1,1,2,1,1,2,0,0,
1058,513244,2145,322,2145,1,1,1,1,2,1,1,2,0,0,
1059,513244,2145,2144,2145,1,1,1,1,2,1,1,2,0,0,
1060,513244,2145,2145,127,1,1,1,1,2,0,0,0,0,0,
1061,513244,2145,2145,322,1,1,1,1,2,0,0,0,0,0,
1062,513244,2327,282,2327,1,1,1,1,2,1,1,2,0,0,
1063,513244,2327,355,2327,2,2,1,1,2,1,1,2,0,0,
1064,513244,2327,355,2327,2,2,1,1,2,2,1,2,0,0,
1065,513244,2327,2327,282,3,3,1,1,2,0,0,0,0,0,
1066,513244,2327,2327,413,1,1,1,1,2,0,0,0,0,0,
1067,513244,3074,1623,3074,1,1,1,1,2,1,1,2,0,0,
1068,513244,3074,3074,1623,1,1,1,1,2,0,0,0,0,0,
1069,513244,3074,3074,3469,1,1,1,1,2,0,0,0,0,0,
1070,513244,3074,3074,8285,1,1,1,1,2,0,0,0,0,0,
1071,513244,3074,3469,3074,2,1,2,1,2,1,1,2,3074,8285,
1072,513244,3074,3469,3074,2,1,2,1,2,2,1,1,3074,1623,
1073,513244,3074,8285,3074,2,1,1,1,2,1,1,2,3074,1623,
1074,513244,3074,8285,3074,2,1,1,1,2,2,1,1,3074,3469,
1075,513244,3108,1616,3108,2,2,1,1,2,1,1,2,0,0,
1076,513244,3108,1616,3108,2,2,1,1,2,2,1,2,0,0,
1077,513244,3108,3108,1616,2,2,1,1,2,0,0,0,0,0,
1078,513244,3108,3108,3585,1,1,2,2,2,0,0,0,0,0,
1079,513244,3108,3108,7660,2,2,1,1,2,0,0,0,0,0,
1080,513244,3108,3585,3108,1,1,2,2,2,1,3,2,0,0,
1081,513244,3108,7660,3108,2,2,1,1,2,1,1,2,0,0,
1082,513244,3108,7660,3108,2,2,1,1,2,2,1,2,0,0,
1083,513244,3127,271,3127,2,2,1,2,2,1,1,2,0,0,
1084,513244,3127,271,3127,2,2,1,2,2,2,1,2,0,0,
1085,513244,3127,462,3127,2,2,1,2,2,1,1,2,0,0,
1086,513244,3127,462,3127,2,2,1,2,2,2,1,2,0,0,
1087,513244,3127,3127,271,2,2,1,2,2,0,0,0,0,0,
1088,513244,3127,3127,462,2,2,1,2,2,0,0,0,0,0,
1089,513244,3127,3127,4501,1,1,1,2,2,0,0,0,0,0,
1090,513244,3127,4501,3127,1,1,1,2,2,1,1,2,0,0,
1091,513244,3133,1164,3133,1,1,1,2,2,1,3,2,0,0,
1092,513244,3133,3133,327,3,3,1,1,2,0,0,0,0,0,
1093,513244,3133,3133,1164,1,1,2,2,2,0,0,0,0,0,
1094,513244,3133,4569,3133,2,2,1,1,2,1,1,2,0,0,
1095,513244,3133,4569,3133,2,2,1,1,2,2,1,2,0,0,
1096,513244,3369,3364,3369,1,1,1,1,2,1,1,2,0,0,
1097,513244,3369,3369,603,1,1,1,1,2,0,0,0,0,0,
1098,513244,3369,3369,604,2,2,1,1,2,0,0,0,0,0,
1099,513244,3481,3481,4345,2,2,1,1,2,0,0,0,0,0,
1100,513244,3481,3481,8247,1,1,1,1,2,0,0,0,0,0,
1101,513244,3481,3481,8293,2,2,1,2,2,0,0,0,0,0,
1102,513244,3481,4345,3481,3,2,1,2,2,1,1,2,3481,8293,
1103,513244,3481,4345,3481,3,2,1,2,2,2,1,2,3481,8293,
1104,513244,3481,4345,3481,3,2,1,2,2,3,1,1,3481,8247,
1105,513244,3481,8247,3481,1,1,1,1,2,1,1,2,3481,8293,
1106,513244,3481,8247,3481,1,1,1,1,2,1,1,2,3481,4345,
1107,513244,3481,8410,3481,2,2,2,2,2,1,1,2,3481,4345,
1108,513244,3481,8410,3481,2,2,2,2,2,1,1,2,3481,8247,
1109,513244,3481,8410,3481,2,2,2,2,2,2,1,2,3481,4345,
1110,513244,4899,321,4899,2,1,1,2,2,1,1,2,4899,5405,
1111,513244,4899,321,4899,2,1,1,2,2,1,1,2,4899,6758,
1112,513244,4899,321,4899,2,1,1,2,2,2,1,1,4899,6758,
1113,513244,4899,4899,321,1,1,1,2,2,0,0,0,0,0,
1114,513244,4899,4899,5405,1,1,1,2,2,0,0,0,0,0,
1115,513244,4899,4899,6758,2,2,1,2,2,0,0,0,0,0,
1116,513244,4899,6758,4899,1,1,1,2,2,1,1,2,0,0,
1117,513244,5023,128,5023,3,2,1,1,2,1,1,2,5023,157,
1118,513244,5023,128,5023,3,2,1,1,2,2,1,2,5023,157,
1119,513244,5023,128,5023,3,2,1,1,2,3,1,1,5023,6903,
1120,513244,5023,157,5023,2,2,1,1,2,1,1,2,5023,128,
1121,513244,5023,157,5023,2,2,1,1,2,1,1,2,5023,6903,
1122,513244,5023,157,5023,2,2,1,1,2,2,1,2,5023,128,
1123,513244,5023,5023,128,2,2,1,1,2,0,0,0,0,0,
1124,513244,5023,5023,157,2,2,2,1,2,0,0,0,0,0,
1125,513244,5023,5023,6903,1,1,1,2,2,0,0,0,0,0,
1126,513244,5023,6903,5023,3,1,1,2,2,1,1,2,5023,128,
1127,513244,5023,6903,5023,3,1,1,2,2,2,1,1,5023,157,
1128,513244,5023,6903,5023,3,1,1,2,2,3,1,1,5023,157,
1129,513244,5367,147,5367,2,2,1,1,2,1,1,2,5367,7624,
1130,513244,5367,147,5367,2,2,1,1,2,2,1,2,5367,7624,
1131,513244,5367,5367,147,2,2,1,1,2,0,0,0,0,0,
1132,513244,5367,5367,7624,2,2,1,1,2,0,0,0,0,0,
1133,513244,5367,7624,5367,3,2,1,1,2,1,1,2,0,0,
1134,513244,5367,7624,5367,3,2,1,1,2,2,1,2,0,0,
1135,513244,5367,7624,5367,3,2,1,1,2,3,1,1,0,0,
1136,513244,5450,186,5450,2,2,1,1,2,1,1,2,0,0,
1137,513244,5450,186,5450,2,2,1,1,2,2,1,2,5450,113,
1138,513244,5450,5450,113,1,1,1,1,2,0,0,0,0,0,
1139,513244,5450,5450,6642,1,1,1,1,2,0,0,0,0,0,
1140,513244,6013,3125,6013,1,1,2,1,2,1,1,2,0,0,
1141,513244,6013,6011,6013,1,1,2,1,2,1,1,2,0,0,
1142,513244,6013,6013,3125,1,1,2,1,2,0,0,0,0,0,
1143,513244,6013,6013,6011,1,1,2,1,2,0,0,0,0,0,
1144,513244,6013,6013,7911,1,1,2,1,3,0,0,0,0,0,
1145,513244,6019,4320,6019,2,2,1,1,2,1,1,2,6019,6020,
1146,513244,6019,4320,6019,2,2,1,1,2,2,1,2,6019,7248,
1147,513244,6019,6019,4320,2,2,1,1,2,0,0,0,0,0,
1148,513244,6019,6019,6020,2,2,1,2,2,0,0,0,0,0,
1149,513244,6019,6019,7248,1,1,1,1,2,0,0,0,0,0,
1150,513244,6019,6020,6019,2,2,1,2,2,1,1,2,6019,7248,
1151,513244,6019,6020,6019,2,2,1,2,2,2,1,2,6019,4320,
1152,513244,6019,7248,6019,3,2,2,1,2,1,1,2,6019,4320,
1153,513244,6019,7248,6019,3,2,2,1,2,2,1,2,6019,4320,
1154,513244,6019,7248,6019,3,2,2,1,2,3,1,1,6019,6020,
1155,513244,6020,1642,6020,2,1,1,1,2,1,1,2,6020,6867,
1156,513244,6020,1642,6020,2,1,1,1,2,1,1,2,6020,7224,
1157,513244,6020,1642,6020,2,1,1,1,2,2,1,1,6020,6019,
1158,513244,6020,6019,6020,3,2,1,2,2,1,1,2,6020,1642,
1159,513244,6020,6019,6020,3,2,1,2,2,1,1,2,6020,6867,
1160,513244,6020,6019,6020,3,2,1,2,2,2,1,2,6020,6867,
1161,513244,6020,6019,6020,3,2,1,2,2,3,1,1,6020,7224,
1162,513244,6020,6020,1642,1,1,1,1,2,0,0,0,0,0,
1163,513244,6020,6020,6019,2,2,1,2,2,0,0,0,0,0,
1164,513244,6020,6020,6867,2,2,1,1,2,0,0,0,0,0,
1165,513244,6020,6020,7224,1,1,1,2,2,0,0,0,0,0,
1166,513244,6020,6867,6020,2,1,1,1,2,1,1,2,6020,6019,
1167,513244,6020,6867,6020,2,1,1,1,2,1,1,2,6020,7224,
1168,513244,6020,6867,6020,2,1,1,1,2,2,1,1,6020,1642,
1169,513244,6020,7224,6020,2,1,1,2,2,1,1,2,6020,6019,
1170,513244,6020,7224,6020,2,1,1,2,2,1,1,2,6020,1642,
1171,513244,6020,7224,6020,2,1,1,2,2,2,1,1,6020,6867,
1172,513244,6587,146,6587,1,1,1,2,2,1,1,2,0,0,
1173,513244,6587,4819,6587,1,1,1,2,2,1,1,2,0,0,
1174,513244,6587,6587,146,2,2,1,2,2,0,0,0,0,0,
1175,513244,6587,6587,4819,1,1,1,2,2,0,0,0,0,0,
1176,513244,6587,6587,6589,1,1,1,1,2,0,0,0,0,0,
1177,513244,6587,6589,6587,1,1,1,1,2,1,1,2,0,0,
1178,513244,6678,215,6678,2,2,1,2,2,1,1,2,6678,4669,
1179,513244,6678,215,6678,2,2,1,2,2,1,1,2,6678,7081,
1180,513244,6678,215,6678,2,2,1,2,2,2,1,2,6678,4669,
1181,513244,6678,4669,6678,2,2,1,1,2,1,1,2,6678,215,
1182,513244,6678,4669,6678,2,2,1,1,2,1,1,2,6678,6692,
1183,513244,6678,4669,6678,2,2,1,1,2,2,1,2,6678,215,
1184,513244,6678,4669,6678,2,2,1,1,2,2,1,2,6678,7081,
1185,513244,6678,6678,215,2,2,1,2,2,0,0,0,0,0,
1186,513244,6678,6678,4669,2,2,1,1,2,0,0,0,0,0,
1187,513244,6678,6678,6692,1,1,1,2,2,0,0,0,0,0,
1188,513244,6678,6678,7081,1,1,2,1,2,0,0,0,0,0,
1189,513244,6678,6692,6678,2,1,1,2,2,1,1,2,6678,215,
1190,513244,6678,6692,6678,2,1,1,2,2,1,1,2,6678,7081,
1191,513244,6678,6692,6678,2,1,1,2,2,2,1,1,6678,4669,
1192,513244,6678,7081,6678,1,1,1,2,2,1,3,2,0,0,
1193,513244,6683,119,6683,2,2,2,1,2,1,1,2,0,0,
1194,513244,6683,119,6683,2,2,2,1,2,2,1,2,0,0,
1195,513244,6683,2814,6683,1,1,1,1,2,1,1,2,0,0,
1196,513244,6683,6683,6640,2,2,1,1,2,0,0,0,0,0,
1197,513244,6760,604,6760,1,1,1,1,2,1,1,2,0,0,
1198,513244,6760,6760,7262,1,1,1,1,2,0,0,0,0,0,
1199,513244,6760,6760,8317,1,1,2,1,2,0,0,0,0,0,
1200,513244,7083,343,7083,2,2,1,1,2,1,1,2,7083,8348,
1201,513244,7083,343,7083,2,2,1,1,2,1,1,2,8402,7576,
1202,513244,7083,343,7083,2,2,1,1,2,2,1,2,8402,7576,
1203,513244,7083,343,7083,2,2,1,1,2,2,1,2,8402,8421,
1204,513244,7083,2236,7083,3,2,2,1,2,1,1,1,7083,343,
1205,513244,7083,2236,7083,3,2,2,1,2,2,1,2,7083,8348,
1206,513244,7083,2236,7083,3,2,2,1,2,3,1,2,8402,7576,
1207,513244,7083,7083,343,2,2,1,2,2,0,0,0,0,0,
1208,513244,7083,7083,8348,1,1,1,1,2,0,0,0,0,0,
1209,513244,7083,7575,8402,3,2,1,1,2,1,1,2,8402,7576,
1210,513244,7083,7575,8402,3,2,1,1,2,1,1,2,8402,8421,
1211,513244,7083,7575,8402,3,2,1,1,2,2,1,2,7083,343,
1212,513244,7083,7575,8402,3,2,1,1,2,3,1,1,7083,343,
1213,513244,7083,7576,8402,3,2,1,2,2,1,1,2,8402,8421,
1214,513244,7083,7576,8402,3,2,1,2,2,1,1,2,7083,343,
1215,513244,7083,7576,8402,3,2,1,2,2,2,1,2,7083,343,
1216,513244,7083,7576,8402,3,2,1,2,2,3,1,1,7083,8348,
1217,513244,7083,8402,7576,2,2,1,2,2,0,0,0,0,0,
1218,513244,7083,8402,8421,1,1,1,1,2,0,0,0,0,0,
1219,513244,7983,134,7983,2,2,1,1,2,1,1,2,7983,166,
1220,513244,7983,134,7983,2,2,1,1,2,2,1,2,7983,7758,
1221,513244,7983,134,7983,2,2,1,1,2,2,1,2,7983,166,
1222,513244,7983,166,7983,2,2,2,1,2,1,1,2,7983,7758,
1223,513244,7983,166,7983,2,2,2,1,2,1,1,2,7983,134,
1224,513244,7983,166,7983,2,2,2,1,2,2,1,2,7983,134,
1225,513244,7983,7758,7983,1,1,1,1,2,1,1,2,0,0,
1226,513244,7983,7983,134,2,2,1,1,2,0,0,0,0,0,
1227,513244,7983,7983,166,2,2,1,1,2,0,0,0,0,0,
1228,513244,7983,7983,7758,1,1,1,1,2,0,0,0,0,0,
1229,513244,8004,7803,8004,1,1,2,1,2,1,1,2,0,0,
1230,513244,8004,8004,7803,2,2,2,1,2,0,0,0,0,0,
1231,513244,8004,8004,8125,1,1,2,1,2,0,0,0,0,0,
1232,513244,8004,8125,8004,2,2,2,1,2,1,1,2,0,0,
1233,513244,8004,8125,8004,2,2,2,1,2,2,1,2,0,0,
1234,513244,8004,8194,8004,1,1,2,1,2,1,1,2,0,0,
1235,513244,8005,7783,8005,2,2,2,1,2,1,1,2,0,0,
1236,513244,8005,7783,8005,2,2,2,1,2,2,1,2,0,0,
1237,513244,8005,8005,7783,1,1,2,1,2,0,0,0,0,0,
1238,513244,8005,8005,8125,2,2,2,1,2,0,0,0,0,0,
1239,513244,8005,8005,8194,1,1,2,1,2,0,0,0,0,0,
1240,513244,8005,8125,8005,1,1,2,1,2,1,1,2,0,0,
1241,513244,8175,7974,8175,1,1,2,1,2,1,1,2,0,0,
1242,513244,8175,8089,8175,1,1,2,1,2,1,1,2,0,0,
1243,513244,8175,8175,7974,1,1,2,1,2,0,0,0,0,0,
1244,513244,8175,8175,8089,1,1,2,1,2,0,0,0,0,0,
1245,513244,8175,8175,8096,1,1,2,1,2,0,0,0,0,0,
1246,513244,8238,8238,7575,2,2,1,1,2,0,0,0,0,0,
1247,513244,8238,8286,8238,1,1,2,1,2,1,1,2,0,0,
1248,513244,8238,8367,8238,1,1,1,1,2,1,1,2,0,0,
1249,513244,8248,187,8408,3,2,1,2,2,1,1,2,8408,221,
1250,513244,8248,187,8408,3,2,1,2,2,2,1,2,8408,221,
1251,513244,8248,187,8408,3,2,1,2,2,3,1,1,8248,7154,
1252,513244,8248,8248,187,2,2,1,1,2,0,0,0,0,0,
1253,513244,8248,8248,7154,1,1,2,1,2,0,0,0,0,0,
1254,513244,8248,8294,8248,2,2,1,2,2,1,1,2,0,0,
1255,513244,8248,8294,8248,2,2,1,2,2,2,1,2,0,0,
1256,513244,8248,8408,221,2,2,1,2,2,0,0,0,0,0,
1257,513244,8283,8236,8283,1,1,1,1,2,1,1,2,8283,7955,
1258,513244,8283,8283,7955,1,1,2,1,2,0,0,0,0,0,
1259,513244,8283,8283,8236,1,1,1,1,2,0,0,0,0,0,
1260,513244,8283,8417,8283,1,1,1,1,2,1,1,2,0,0,
1261,513244,8410,4610,8410,3,2,1,1,2,1,1,1,0,0,
1262,513244,8410,4610,8410,3,2,1,1,2,2,1,2,0,0,
1263,513244,8410,4610,8410,3,2,1,1,2,3,1,2,0,0,
1264,513244,8410,8410,3481,2,2,2,2,2,0,0,0,0,0,
1265,513244,8410,8410,8249,1,1,2,1,2,0,0,0,0,0,
1266,513244,8417,3789,8444,3,3,1,1,2,1,1,2,8444,8321,
1267,513244,8417,3789,8444,3,3,1,1,2,1,1,2,8444,8419,
1268,513244,8417,3789,8444,3,3,1,1,2,2,1,2,8444,8419,
1269,513244,8417,3789,8444,3,3,1,1,2,3,1,2,8417,6775,
1270,513244,8417,6775,8417,2,1,1,1,2,1,1,2,8417,8283,
1271,513244,8417,6775,8417,2,1,1,1,2,1,1,2,8444,8321,
1272,513244,8417,6775,8417,2,1,1,1,2,2,1,1,8444,8419,
1273,513244,8417,8235,8444,3,3,1,1,2,1,1,2,8444,8321,
1274,513244,8417,8235,8444,3,3,1,1,2,1,1,2,8444,8419,
1275,513244,8417,8235,8444,3,3,1,1,2,2,1,2,8444,8419,
1276,513244,8417,8235,8444,3,3,1,1,2,3,1,2,8417,6775,
1277,513244,8417,8321,8444,3,1,1,1,2,1,1,1,8444,8419,
1278,513244,8417,8321,8444,3,1,1,1,2,2,1,2,8417,6775,
1279,513244,8417,8321,8444,3,1,1,1,2,3,1,1,8417,8283,
1280,513244,8417,8417,6775,1,1,2,1,2,0,0,0,0,0,
1281,513244,8417,8417,8283,1,1,1,1,2,0,0,0,0,0,
1282,513244,8417,8419,8417,2,1,1,1,2,1,1,2,8417,6775,
1283,513244,8417,8419,8417,2,1,1,1,2,1,1,2,8417,8283,
1284,513244,8417,8419,8417,2,1,1,1,2,2,1,1,8444,8321,
1285,513244,8417,8440,8444,3,3,1,1,2,1,1,2,8444,8321,
1286,513244,8417,8440,8444,3,3,1,1,2,1,1,2,8444,8419,
1287,513244,8417,8440,8444,3,3,1,1,2,2,1,2,8444,8419,
1288,513244,8417,8440,8444,3,3,1,1,2,3,1,2,8417,6775,
1289,513244,8417,8444,8321,1,1,1,1,2,0,0,0,0,0,
1290,513244,8417,8444,8419,2,2,1,1,2,0,0,0,0,0,
