,meshcode,nodeno,stotlinkno,ttoelinkno,snodeno,enodeno,geometry
0,513244,98,4,854,3480,97,
1,513244,98,854,3,97,100,
2,513244,99,17,12,3494,3490,
3,513244,100,3,7616,98,6633,
4,513244,101,52,47,103,105,
5,513244,101,47,52,105,103,
6,513244,101,23,52,104,103,
7,513244,102,22,7805,103,6731,
8,513244,102,21,7805,101,6731,
9,513244,103,52,108,101,1,
10,513244,103,108,52,1,101,
11,513244,105,47,48,101,146,
12,513244,105,24,48,104,146,
13,513244,105,48,47,146,101,
14,513244,108,43,44,87,109,
15,513244,109,44,73,108,3122,
16,513244,110,71,45,3113,111,
17,513244,111,45,9778,110,7829,
18,513244,112,7603,86,6620,4921,
19,513244,112,86,7619,4921,6637,
20,513244,113,25,26,114,144,
21,513244,113,40,38,5450,4916,
22,513244,114,39,59,5397,1625,
23,513244,114,7162,25,5402,113,
24,513244,115,154,119,116,264,
25,513244,115,119,154,264,116,
26,513244,116,160,154,117,115,
27,513244,116,154,160,115,117,
28,513244,116,1387,1111,5324,265,
29,513244,116,1111,1387,265,5324,
30,513244,118,7828,2025,6758,4918,
31,513244,118,2025,7828,4918,6758,
32,513244,118,144,7625,4919,6635,
33,513244,118,7634,144,6640,4919,
34,513244,119,60,7712,143,6683,
35,513244,120,101,7642,121,6644,
36,513244,120,878,7642,256,6644,
37,513244,120,7642,101,6644,121,
38,513244,121,7631,101,6652,120,
39,513244,121,101,7631,120,6652,
40,513244,123,1503,102,6005,122,
41,513244,123,7635,102,6652,122,
42,513244,123,102,7635,122,6652,
43,513244,124,7833,103,6762,126,
44,513244,124,35,7833,3576,6762,
45,513244,124,103,7833,126,6762,
46,513244,125,8716,7763,5516,6762,
47,513244,125,7763,8716,6762,5516,
48,513244,126,103,116,124,2075,
49,513244,126,232,116,408,2075,
50,513244,127,93,672,5408,2145,
51,513244,127,120,7672,2144,6656,
52,513244,127,7672,120,6656,2144,
53,513244,127,672,93,2145,5408,
54,513244,128,139,161,137,5023,
55,513244,128,161,139,5023,137,
56,513244,129,104,132,130,3112,
57,513244,129,132,104,3112,130,
58,513244,131,105,127,132,2586,
59,513244,131,127,105,2586,132,
60,513244,131,1705,8519,1400,7141,
61,513244,131,8519,1705,7141,1400,
62,513244,132,105,163,131,5567,
63,513244,132,163,105,5567,131,
64,513244,133,106,114,134,171,
65,513244,133,114,106,171,134,
66,513244,136,82,96,4179,5469,
67,513244,136,96,82,5469,4179,
68,513244,137,107,139,138,128,
69,513244,137,139,107,128,138,
70,513244,138,8337,107,7056,137,
71,513244,138,107,8337,137,7056,
72,513244,139,157,8333,5343,7056,
73,513244,139,8333,157,7056,5343,
74,513244,140,109,87,117,5284,
75,513244,140,87,109,5284,117,
76,513244,140,7141,741,5331,5286,
77,513244,140,741,7141,5286,5331,
78,513244,141,88,7677,5284,6656,
79,513244,141,7677,88,6656,5284,
80,513244,141,579,2080,5410,5409,
81,513244,141,2080,579,5409,5410,
82,513244,142,7744,46,6702,143,
83,513244,142,27,46,156,143,
84,513244,143,46,9471,142,7667,
85,513244,143,9471,60,7667,119,
86,513244,144,26,42,113,6012,
87,513244,144,7660,42,6642,6012,
88,513244,145,9640,7784,7640,6712,
89,513244,145,7784,9640,6712,7640,
90,513244,146,48,140,105,4320,
91,513244,146,140,48,4320,105,
92,513244,147,9818,159,7892,5367,
93,513244,147,159,9818,5367,7892,
94,513244,148,9438,8992,7624,7412,
95,513244,148,8992,9438,7412,7624,
96,513244,149,10027,53,7845,179,
97,513244,149,53,10027,179,7845,
98,513244,149,9171,4672,7476,1257,
99,513244,149,4672,9171,1257,7476,
100,513244,150,85,98,4838,5603,
101,513244,150,98,85,5603,4838,
102,513244,152,57,75,1653,3153,
103,513244,152,75,57,3153,1653,
104,513244,153,49,54,154,181,
105,513244,153,54,49,181,154,
106,513244,153,8861,5914,7288,2969,
107,513244,153,5914,8861,2969,7288,
108,513244,156,7620,27,6635,142,
109,513244,158,129,110,2620,159,
110,513244,158,110,129,159,2620,
111,513244,158,1674,8690,671,7242,
112,513244,159,110,135,158,4067,
113,513244,159,135,110,4067,158,
114,513244,160,145,136,4970,4067,
115,513244,160,136,145,4067,4970,
116,513244,165,150,142,4995,4360,
117,513244,165,142,150,4360,4995,
118,513244,168,137,70,4285,3009,
119,513244,168,70,137,3009,4285,
120,513244,169,113,138,170,4285,
121,513244,169,138,113,4285,170,
122,513244,171,114,125,133,2570,
123,513244,171,125,114,2570,133,
124,513244,173,50,10193,174,8203,
125,513244,173,10193,50,8203,174,
126,513244,175,63,51,2436,176,
127,513244,175,51,63,176,2436,
128,513244,175,982,9909,1000,7798,
129,513244,175,9909,982,7798,1000,
130,513244,176,9553,51,8111,175,
131,513244,176,51,9553,175,8111,
132,513244,177,10009,9747,8192,8111,
133,513244,177,9747,10009,8111,8192,
134,513244,177,9359,10183,6892,8251,
135,513244,177,10183,9359,8251,6892,
136,513244,178,7779,9641,6712,7641,
137,513244,178,9641,7779,7641,6712,
138,513244,178,4528,7779,904,6712,
139,513244,179,53,9240,149,7547,
140,513244,179,9240,53,7547,149,
141,513244,180,9437,8991,7646,7412,
142,513244,180,89,8991,5391,7412,
143,513244,180,8991,10376,7412,8312,
144,513244,182,68,55,154,183,
145,513244,182,55,68,183,154,
146,513244,182,5291,1684,2094,587,
147,513244,186,10061,94,8151,5450,
148,513244,186,9830,667,7909,1625,
149,513244,186,667,9830,1625,7909,
150,513244,186,8432,9830,7123,7909,
151,513244,187,858,645,3073,393,
152,513244,187,645,858,393,3073,
153,513244,187,383,10629,188,8408,
154,513244,187,10559,383,8248,188,
155,513244,188,383,9903,187,7999,
156,513244,188,9903,383,7999,187,
157,513244,189,315,320,3724,3728,
158,513244,189,320,315,3728,3724,
159,513244,189,756,4649,5466,1204,
160,513244,189,4649,756,1204,5466,
161,513244,193,359,221,5738,224,
162,513244,193,421,1451,4,5716,
163,513244,193,221,359,224,5738,
164,513244,193,1451,421,5716,4,
165,513244,197,319,218,3728,220,
166,513244,197,218,319,220,3728,
167,513244,198,420,384,4669,199,
168,513244,198,384,420,199,4669,
169,513244,201,251,215,2142,202,
170,513244,201,215,251,202,2142,
171,513244,201,9937,4991,7882,792,
172,513244,202,219,215,222,201,
173,513244,202,215,219,201,222,
174,513244,202,1155,900,3597,493,
175,513244,202,900,1155,493,3597,
176,513244,203,8669,362,7223,5797,
177,513244,203,362,8669,5797,7223,
178,513244,204,220,357,223,5732,
179,513244,204,357,220,5732,223,
180,513244,205,9616,382,7878,6346,
181,513244,205,382,9616,6346,7878,
182,513244,206,365,368,5963,5971,
183,513244,206,368,365,5971,5963,
184,513244,207,8385,366,208,5963,
185,513244,207,366,8385,5963,208,
186,513244,208,344,8385,4308,207,
187,513244,208,8385,344,207,4308,
188,513244,209,216,345,210,4308,
189,513244,209,345,216,4308,210,
190,513244,211,295,217,3592,212,
191,513244,211,217,295,212,3592,
192,513244,211,5908,1873,2962,3593,
193,513244,211,1873,5908,3593,2962,
194,513244,214,7824,306,6745,3691,
195,513244,214,306,7824,3691,6745,
196,513244,221,10639,10653,8408,8427,
197,513244,221,10685,10614,8438,7768,
198,513244,221,10614,10599,7768,8294,
199,513244,221,10599,10614,8294,7768,
200,513244,227,9796,10409,2061,8212,
201,513244,227,10409,9796,8212,2061,
202,513244,227,9409,9602,5975,7858,
203,513244,227,9602,9409,7858,5975,
204,513244,232,9605,386,8033,234,
205,513244,232,386,9605,234,8033,
206,513244,233,387,1624,235,241,
207,513244,233,1624,387,241,235,
208,513244,234,386,840,232,247,
209,513244,234,1625,385,253,233,
210,513244,234,840,386,247,232,
211,513244,234,385,1625,233,253,
212,513244,235,387,8054,233,6879,
213,513244,235,8054,387,6879,233,
214,513244,236,1620,1621,296,297,
215,513244,236,1605,884,237,361,
216,513244,236,1621,1620,297,296,
217,513244,237,1623,1605,301,236,
218,513244,237,1605,1623,236,301,
219,513244,239,867,885,237,362,
220,513244,239,885,867,362,237,
221,513244,241,1624,1606,233,240,
222,513244,241,1606,1624,240,233,
223,513244,242,2211,2208,1651,294,
224,513244,242,2208,2211,294,1651,
225,513244,243,1627,1607,244,242,
226,513244,243,1607,1627,242,244,
227,513244,244,1628,1627,304,243,
228,513244,244,1627,1628,243,304,
229,513244,247,840,841,234,299,
230,513244,247,1629,1610,252,241,
231,513244,247,1610,1629,241,252,
232,513244,247,841,840,299,234,
233,513244,248,876,877,250,296,
234,513244,249,1632,1631,295,251,
235,513244,249,1634,1611,255,248,
236,513244,249,1611,1634,248,255,
237,513244,249,1631,1632,251,295,
238,513244,250,875,876,300,248,
239,513244,251,1631,1630,249,252,
240,513244,251,1630,1631,252,249,
241,513244,252,1629,1630,247,251,
242,513244,252,1630,1629,251,247,
243,513244,253,9153,1625,7465,234,
244,513244,253,1625,9153,234,7465,
245,513244,254,2209,2210,294,295,
246,513244,254,2210,2209,295,294,
247,513244,255,1635,1634,302,249,
248,513244,255,1634,1635,249,302,
249,513244,256,7772,878,6704,120,
250,513244,256,870,7772,121,6704,
251,513244,257,871,5408,258,952,
252,513244,257,1654,1747,308,402,
253,513244,257,1747,1654,402,308,
254,513244,257,5408,871,952,258,
255,513244,259,1034,879,370,309,
256,513244,259,879,1034,309,370,
257,513244,261,880,873,310,262,
258,513244,261,873,880,262,310,
259,513244,264,119,156,115,5340,
260,513244,264,156,119,5340,115,
261,513244,264,874,156,265,5340,
262,513244,265,2149,874,6042,264,
263,513244,266,752,753,5382,5383,
264,513244,266,753,752,5383,5382,
265,513244,266,9439,9629,7645,7625,
266,513244,267,9827,1637,7645,318,
267,513244,267,1637,9827,318,7645,
268,513244,268,751,659,5382,901,
269,513244,268,659,751,901,5382,
270,513244,269,2013,2015,4885,4895,
271,513244,269,1613,2014,267,4886,
272,513244,269,2015,2013,4895,4885,
273,513244,269,2014,1613,4886,267,
274,513244,270,720,9051,2068,7454,
275,513244,270,9051,720,7454,2068,
276,513244,271,849,637,3127,272,
277,513244,271,735,849,4666,3127,
278,513244,273,225,400,282,3077,
279,513244,273,400,225,3077,282,
280,513244,274,1614,226,275,327,
281,513244,274,643,287,375,3316,
282,513244,274,226,1614,327,275,
283,513244,274,8836,1614,7283,275,
284,513244,276,1615,1641,277,280,
285,513244,276,288,228,3316,351,
286,513244,276,1641,1615,280,277,
287,513244,276,8398,1615,7088,277,
288,513244,278,7859,223,452,279,
289,513244,278,240,1700,451,1140,
290,513244,278,223,7859,279,452,
291,513244,278,1700,240,1140,451,
292,513244,280,1641,1616,276,281,
293,513244,280,1616,1641,281,276,
294,513244,280,346,289,4364,3322,
295,513244,280,8393,1616,7088,281,
296,513244,282,225,395,273,2327,
297,513244,282,395,225,2327,273,
298,513244,282,724,425,4362,553,
299,513244,282,425,724,553,4362,
300,513244,284,1862,1916,3428,6750,
301,513244,284,1916,1862,6750,3428,
302,513244,286,638,739,334,4766,
303,513244,286,739,638,4766,334,
304,513244,288,8227,758,6968,1990,
305,513244,288,758,8227,1990,6968,
306,513244,288,6035,6393,3172,3734,
307,513244,288,6393,6035,3734,3172,
308,513244,289,1837,1618,3200,290,
309,513244,289,1618,1837,290,3200,
310,513244,289,1761,8527,2307,7186,
311,513244,289,8527,1761,7186,2307,
312,513244,291,1647,1638,391,337,
313,513244,291,1638,1647,337,391,
314,513244,292,8293,693,7009,3201,
315,513244,292,693,8293,3201,7009,
316,513244,294,2208,2209,242,254,
317,513244,294,1626,8974,303,7398,
318,513244,294,2209,2208,254,242,
319,513244,294,8974,1626,7398,303,
320,513244,295,1633,1632,305,249,
321,513244,295,2210,1619,254,296,
322,513244,295,1619,2210,296,254,
323,513244,295,1632,1633,249,305,
324,513244,296,1619,1620,295,236,
325,513244,296,1620,1619,236,295,
326,513244,297,1621,1622,236,298,
327,513244,297,1622,1621,298,236,
328,513244,299,841,850,247,3477,
329,513244,299,9150,9141,7459,7457,
330,513244,299,850,841,3477,247,
331,513244,299,7707,841,6676,247,
332,513244,300,9140,861,7457,107,
333,513244,302,8975,9152,7398,7465,
334,513244,302,9152,8975,7465,7398,
335,513244,306,892,881,373,311,
336,513244,306,1642,1636,368,307,
337,513244,306,881,892,311,373,
338,513244,306,1636,1642,307,368,
339,513244,308,1505,1654,6006,257,
340,513244,308,7767,1654,6704,257,
341,513244,308,1654,7767,257,6704,
342,513244,309,893,879,403,259,
343,513244,309,879,893,259,403,
344,513244,309,979,5342,949,947,
345,513244,309,5342,979,947,949,
346,513244,310,880,4545,261,961,
347,513244,310,4545,880,961,261,
348,513244,310,1037,1039,2265,2270,
349,513244,310,1039,1037,2270,2265,
350,513244,312,394,224,1613,313,
351,513244,312,77,394,3505,1613,
352,513244,313,224,273,312,3061,
353,513244,314,76,34,3505,3576,
354,513244,314,37,76,3577,3505,
355,513244,315,2152,1423,6044,5595,
356,513244,315,4760,7168,1314,5422,
357,513244,315,7168,4760,5422,1314,
358,513244,315,1423,2152,5595,6044,
359,513244,316,2024,2087,4917,5444,
360,513244,316,7791,7796,322,1614,
361,513244,316,2087,2024,5444,4917,
362,513244,316,7796,7791,1614,322,
363,513244,317,882,1803,318,409,
364,513244,317,1803,882,409,318,
365,513244,318,883,882,319,317,
366,513244,318,882,883,317,319,
367,513244,321,2021,2023,4899,4900,
368,513244,321,2023,2021,4900,4899,
369,513244,322,7791,673,316,2145,
370,513244,322,673,7791,2145,316,
371,513244,323,721,648,4337,474,
372,513244,323,648,721,474,4337,
373,513244,325,6708,6807,352,4473,
374,513244,325,233,347,7573,4364,
375,513244,327,226,290,274,3324,
376,513244,327,290,226,3324,274,
377,513244,327,276,737,3133,4667,
378,513244,327,8840,290,7283,3324,
379,513244,329,8356,293,7025,3424,
380,513244,329,293,8356,3424,7025,
381,513244,329,9326,9340,7596,7582,
382,513244,329,9340,9326,7582,7596,
383,513244,330,237,294,423,3424,
384,513244,330,4898,6856,1129,4553,
385,513244,330,294,237,3424,423,
386,513244,330,6856,4898,4553,1129,
387,513244,333,10428,738,7961,4766,
388,513244,333,738,10428,4766,7961,
389,513244,335,1660,1661,331,426,
390,513244,335,697,500,3410,433,
391,513244,335,1661,1660,426,331,
392,513244,335,500,697,433,3410,
393,513244,336,1746,8689,285,4370,
394,513244,336,8689,1746,4370,285,
395,513244,337,1638,1945,291,4468,
396,513244,337,437,542,736,4426,
397,513244,337,542,437,4426,736,
398,513244,337,1945,1638,4468,291,
399,513244,338,1664,1639,437,3,
400,513244,338,1639,1664,3,437,
401,513244,339,935,1448,619,5699,
402,513244,339,1448,935,5699,619,
403,513244,339,1640,7314,340,5803,
404,513244,339,7314,1640,5803,340,
405,513244,341,1671,6245,480,3516,
406,513244,341,6245,1671,3516,480,
407,513244,342,388,389,343,73,
408,513244,342,389,388,73,343,
409,513244,342,5391,1818,2235,62,
410,513244,342,1818,5391,62,2235,
411,513244,343,8354,388,7083,342,
412,513244,343,388,8354,342,7083,
413,513244,343,1769,6407,2330,3788,
414,513244,343,6407,1769,3788,2330,
415,513244,344,10546,9233,8392,7578,
416,513244,344,9233,10546,7578,8392,
417,513244,345,705,646,3746,450,
418,513244,345,646,705,450,3746,
419,513244,346,9377,674,8303,2181,
420,513244,346,674,9377,2181,8303,
421,513244,347,4918,277,1150,3223,
422,513244,347,277,4918,3223,1150,
423,513244,348,239,278,349,3223,
424,513244,348,278,239,3223,349,
425,513244,352,6708,6212,325,3429,
426,513244,352,255,229,351,353,
427,513244,353,229,230,352,354,
428,513244,354,230,231,353,355,
429,513244,354,723,654,412,1454,
430,513244,354,654,723,1454,412,
431,513244,354,8409,654,7093,1454,
432,513244,355,231,254,354,2327,
433,513244,355,8871,6707,7335,413,
434,513244,356,842,445,357,1044,
435,513244,356,445,842,1044,357,
436,513244,358,656,847,1611,1375,
437,513244,358,847,656,1375,1611,
438,513244,358,1878,10079,3795,8415,
439,513244,358,10079,1878,8415,3795,
440,513244,359,8842,7844,7237,6768,
441,513244,359,7844,8842,6768,7237,
442,513244,360,9676,117,80,2075,
443,513244,360,117,9852,2075,7935,
444,513244,361,860,9138,106,7455,
445,513244,361,884,9138,236,7455,
446,513244,366,806,640,6330,365,
447,513244,366,640,806,365,6330,
448,513244,379,1731,1851,1906,3336,
449,513244,379,1851,1731,3336,1906,
450,513244,382,2196,1771,3334,277,
451,513244,382,1771,2196,277,3334,
452,513244,384,370,262,5988,383,
453,513244,384,262,370,383,5988,
454,513244,389,856,10188,1973,8198,
455,513244,389,10188,856,8198,1973,
456,513244,394,1648,1066,395,488,
457,513244,394,1066,1648,488,395,
458,513244,396,1650,1649,397,395,
459,513244,396,1649,1650,395,397,
460,513244,397,1650,1898,396,4273,
461,513244,397,1898,1650,4273,396,
462,513244,398,1901,1900,677,4275,
463,513244,398,1900,1901,4275,677,
464,513244,407,6472,8282,3936,7032,
465,513244,407,8282,6472,7032,3936,
466,513244,412,235,234,413,7573,
467,513244,412,723,10170,354,1469,
468,513244,412,10170,723,1469,354,
469,513244,412,8403,10170,7093,1469,
470,513244,413,6707,4995,355,1555,
471,513244,413,4995,6707,1555,355,
472,513244,413,253,235,2327,412,
473,513244,413,8422,4995,7100,1555,
474,513244,424,281,238,3264,425,
475,513244,424,1843,1675,3272,732,
476,513244,424,238,281,425,3264,
477,513244,424,1675,1843,732,3272,
478,513244,426,1661,1992,335,4655,
479,513244,426,1992,1661,4655,335,
480,513244,426,8652,1147,7201,3460,
481,513244,426,1147,8652,3460,7201,
482,513244,433,500,529,335,4368,
483,513244,433,529,500,4368,335,
484,513244,434,8314,1842,4369,3232,
485,513244,434,1842,8314,3232,4369,
486,513244,434,441,8321,740,4387,
487,513244,443,1017,4970,570,1533,
488,513244,455,1927,1669,4373,454,
489,513244,455,1669,1927,454,4373,
490,513244,456,8107,1928,3276,4373,
491,513244,456,1928,8107,4373,3276,
492,513244,457,2082,1424,5412,5595,
493,513244,457,583,454,5418,1313,
494,513244,457,1424,2082,5595,5412,
495,513244,457,454,583,1313,5418,
496,513244,461,845,846,460,462,
497,513244,461,846,845,462,460,
498,513244,475,1460,896,5749,477,
499,513244,475,896,1460,477,5749,
500,513244,481,1551,1455,6229,5730,
501,513244,481,1455,1551,5730,6229,
502,513244,483,995,897,1571,482,
503,513244,483,897,995,482,1571,
504,513244,485,10326,7692,8054,6681,
505,513244,485,7692,10326,6681,8054,
506,513244,487,5546,9358,1399,7776,
507,513244,487,9358,5546,7776,1399,
508,513244,487,899,10114,488,8251,
509,513244,487,10114,899,8251,488,
510,513244,489,1709,2183,1640,6588,
511,513244,489,1710,7926,1641,6801,
512,513244,489,7926,1710,6801,1641,
513,513244,489,2183,1709,6588,1640,
514,513244,497,1421,1102,5590,590,
515,513244,497,1102,1421,590,5590,
516,513244,498,923,902,592,497,
517,513244,498,902,923,497,592,
518,513244,498,6304,10574,3588,8377,
519,513244,499,2034,1135,5075,3370,
520,513244,499,1135,2034,3370,5075,
521,513244,521,8640,8816,7664,7271,
522,513244,521,8816,8640,7271,7664,
523,513244,522,558,632,5005,6176,
524,513244,522,632,558,6176,5005,
525,513244,523,1687,2089,934,990,
526,513244,523,2089,1687,990,934,
527,513244,524,4685,930,1270,606,
528,513244,524,1349,1338,5080,5043,
529,513244,524,930,4685,606,1270,
530,513244,524,1338,1349,5043,5080,
531,513244,536,1202,6559,4073,4072,
532,513244,536,6559,1202,4072,4073,
533,513244,543,424,10003,544,7758,
534,513244,543,10003,424,7758,544,
535,513244,547,4829,1118,1412,3130,
536,513244,565,915,1255,564,4504,
537,513244,565,1255,915,4504,564,
538,513244,576,1306,1398,4821,5453,
539,513244,576,1398,1306,5453,4821,
540,513244,578,998,4476,1644,6616,
541,513244,578,4476,998,6616,1644,
542,513244,587,1684,920,182,586,
543,513244,587,920,1684,586,182,
544,513244,587,1707,10324,1557,8143,
545,513244,587,10324,1707,8143,1557,
546,513244,589,922,1103,590,2964,
547,513244,589,1103,922,2964,590,
548,513244,589,6309,6305,3594,3589,
549,513244,589,6305,6309,3589,3594,
550,513244,591,973,1422,762,5590,
551,513244,595,9459,8357,7652,5276,
552,513244,595,925,1004,596,1869,
553,513244,595,1004,925,1869,596,
554,513244,595,8357,9459,5276,7652,
555,513244,599,7134,1384,5317,5310,
556,513244,599,1391,1384,5332,5310,
557,513244,601,927,928,600,602,
558,513244,601,928,927,602,600,
559,513244,603,1347,8160,5074,6943,
560,513244,603,8160,1347,6943,5074,
561,513244,603,6177,8172,3369,6938,
562,513244,604,495,7848,3369,6760,
563,513244,604,2033,1121,5074,3166,
564,513244,604,7688,2033,6667,5074,
565,513244,605,1225,929,499,606,
566,513244,605,929,1225,606,499,
567,513244,606,930,929,524,605,
568,513244,606,929,930,605,524,
569,513244,606,3776,7024,5081,5078,
570,513244,606,7024,3776,5078,5081,
571,513244,608,9003,8342,7419,7051,
572,513244,608,8342,9003,7051,7419,
573,513244,617,933,1447,618,5695,
574,513244,617,1447,933,5695,618,
575,513244,630,1891,939,3959,520,
576,513244,630,939,1891,520,3959,
577,513244,632,608,604,6066,6064,
578,513244,632,604,608,6064,6066,
579,513244,635,426,484,636,2757,
580,513244,635,4762,5707,1319,2735,
581,513244,635,484,426,2757,636,
582,513244,635,5707,4762,2735,1319,
583,513244,642,4763,432,1034,657,
584,513244,642,448,429,1334,641,
585,513244,651,663,664,1621,1622,
586,513244,651,664,663,1622,1621,
587,513244,651,9484,669,7685,1917,
588,513244,651,669,9484,1917,7685,
589,513244,657,432,431,642,656,
590,513244,657,431,432,656,642,
591,513244,666,714,665,3845,1339,
592,513244,666,665,714,1339,3845,
593,513244,666,6448,10668,3856,8414,
594,513244,671,522,562,4066,5177,
595,513244,671,6258,562,3531,5177,
596,513244,676,465,649,675,677,
597,513244,676,649,465,677,675,
598,513244,677,650,649,678,676,
599,513244,677,649,650,676,678,
600,513244,681,7794,434,6749,682,
601,513244,681,434,7794,682,6749,
602,513244,684,983,8421,1402,7084,
603,513244,684,8421,983,7084,1402,
604,513244,742,547,534,4612,4388,
605,513244,744,10391,9317,8172,7598,
606,513244,744,442,9988,745,7541,
607,513244,744,9988,442,7541,745,
608,513244,744,9317,10391,7598,8172,
609,513244,745,443,442,746,744,
610,513244,755,967,1024,750,2169,
611,513244,755,1024,967,2169,750,
612,513244,760,970,984,759,1529,
613,513244,760,984,970,1529,759,
614,513244,762,4680,973,1265,591,
615,513244,762,972,973,763,591,
616,513244,762,973,972,591,763,
617,513244,763,972,1107,762,2989,
618,513244,763,5943,1107,793,2989,
619,513244,771,7187,7081,1865,5228,
620,513244,771,7081,7187,5228,1865,
621,513244,771,2050,2059,5238,5258,
622,513244,771,2059,2050,5258,5238,
623,513244,775,1230,1120,4329,3161,
624,513244,775,1120,1230,3161,4329,
625,513244,788,4489,5137,790,1841,
626,513244,788,5137,4489,1841,790,
627,513244,789,5906,5310,787,2120,
628,513244,789,5310,5906,2120,787,
629,513244,790,4682,4683,1267,1268,
630,513244,790,4683,4682,1268,1267,
631,513244,798,1116,7115,3126,5282,
632,513244,798,6243,1380,3513,5293,
633,513244,798,7115,1116,5282,3126,
634,513244,798,1380,6243,5293,3513,
635,513244,815,7047,2042,5182,5183,
636,513244,815,2042,7047,5183,5182,
637,513244,830,4686,7008,1270,5024,
638,513244,830,8097,7015,6903,5038,
639,513244,830,7008,4686,5024,1270,
640,513244,830,7015,8097,5038,6903,
641,513244,901,659,778,268,5593,
642,513244,901,778,659,5593,268,
643,513244,903,8994,6967,7414,4909,
644,513244,903,10328,776,8059,5592,
645,513244,903,6967,8994,4909,7414,
646,513244,903,776,10328,5592,8059,
647,513244,913,4749,5690,1304,2372,
648,513244,913,5690,4749,2372,1304,
649,513244,914,4754,4753,912,1309,
650,513244,914,4533,6239,913,3509,
651,513244,914,4753,4754,1309,912,
652,513244,914,6239,4533,3509,913,
653,513244,927,8745,1892,2734,3977,
654,513244,927,1892,8745,3977,2734,
655,513244,986,4808,4809,985,989,
656,513244,986,4809,4808,989,985,
657,513244,989,4809,6032,986,3170,
658,513244,989,6032,4809,3170,986,
659,513244,991,1706,250,990,2024,
660,513244,991,250,1706,2024,990,
661,513244,1000,982,980,175,676,
662,513244,1000,980,982,676,175,
663,513244,1001,1681,1698,1000,1388,
664,513244,1001,1698,1681,1388,1000,
665,513244,1006,4567,1699,1007,1399,
666,513244,1006,1699,4567,1399,1007,
667,513244,1032,8010,7986,6859,546,
668,513244,1038,7659,684,6655,2767,
669,513244,1038,5656,684,2087,2767,
670,513244,1101,9222,658,7590,981,
671,513244,1101,658,9222,981,7590,
672,513244,1164,655,6140,3133,3323,
673,513244,1164,6140,655,3323,3133,
674,513244,1242,6759,6083,4430,3245,
675,513244,1242,6083,6759,3245,4430,
676,513244,1244,7853,5390,6776,1243,
677,513244,1244,5390,7853,1243,6776,
678,513244,1285,7364,8757,5958,7276,
679,513244,1285,8757,7364,7276,5958,
680,513244,1305,4750,6497,1304,3972,
681,513244,1305,6497,4750,3972,1304,
682,513244,1305,686,662,1619,1620,
683,513244,1305,662,686,1620,1619,
684,513244,1307,8458,660,7136,1618,
685,513244,1307,660,8458,1618,7136,
686,513244,1313,584,454,5424,457,
687,513244,1313,454,584,457,5424,
688,513244,1313,668,7730,1876,6687,
689,513244,1313,7730,668,6687,1876,
690,513244,1375,847,710,358,3790,
691,513244,1375,710,847,3790,358,
692,513244,1376,6419,6429,3816,3825,
693,513244,1376,759,713,5507,3822,
694,513244,1376,713,759,3822,5507,
695,513244,1376,6429,6419,3825,3816,
696,513244,1388,9368,1698,7776,1001,
697,513244,1388,1698,9368,1001,7776,
698,513244,1399,1699,1070,1006,2471,
699,513244,1399,1070,1699,2471,1006,
700,513244,1400,1705,1194,131,4032,
701,513244,1400,1194,1705,4032,131,
702,513244,1402,453,479,1403,2600,
703,513244,1402,479,453,2600,1403,
704,513244,1404,8642,8653,7230,7222,
705,513244,1404,8653,8642,7222,7230,
706,513244,1408,184,4827,1407,1409,
707,513244,1408,4827,184,1409,1407,
708,513244,1408,168,187,1602,2696,
709,513244,1408,187,168,2696,1602,
710,513244,1489,6084,6760,3245,4431,
711,513244,1489,6760,6084,4431,3245,
712,513244,1552,198,200,4015,4016,
713,513244,1552,200,198,4016,4015,
714,513244,1556,1094,1159,493,3606,
715,513244,1556,6319,1158,3603,3605,
716,513244,1556,1159,1094,3606,493,
717,513244,1556,1158,6319,3605,3603,
718,513244,1557,10369,1707,8308,587,
719,513244,1557,1707,10369,587,8308,
720,513244,1574,989,2093,115,5471,
721,513244,1574,1385,989,5318,115,
722,513244,1574,2093,989,5471,115,
723,513244,1575,742,691,5292,3125,
724,513244,1575,691,742,3125,5292,
725,513244,1577,657,690,1579,3110,
726,513244,1577,690,657,3110,1579,
727,513244,1579,10221,657,8073,1577,
728,513244,1579,657,10221,1577,8073,
729,513244,1583,1964,10555,4503,8365,
730,513244,1583,10555,1964,8365,4503,
731,513244,1584,9564,336,7809,4187,
732,513244,1584,336,9564,4187,7809,
733,513244,1585,204,181,4092,2686,
734,513244,1585,181,204,2686,4092,
735,513244,1587,173,7790,1609,6728,
736,513244,1587,7790,173,6728,1609,
737,513244,1588,7959,452,6830,1605,
738,513244,1588,244,354,1589,4980,
739,513244,1588,354,244,4980,1589,
740,513244,1588,452,7959,1605,6830,
741,513244,1590,451,477,1591,2542,
742,513244,1590,477,451,2542,1591,
743,513244,1592,519,8732,4065,7282,
744,513244,1592,8732,519,7282,4065,
745,513244,1593,589,590,5440,5442,
746,513244,1593,590,589,5442,5440,
747,513244,1593,2668,1513,6529,6039,
748,513244,1593,1513,2668,6039,6529,
749,513244,1597,9379,275,7809,3119,
750,513244,1597,275,9379,3119,7809,
751,513244,1599,175,8741,2664,7270,
752,513244,1599,8741,175,7270,2664,
753,513244,1606,1235,994,4339,1404,
754,513244,1606,994,1235,1404,4339,
755,513244,1610,996,7098,775,5262,
756,513244,1610,7098,996,5262,775,
757,513244,1610,1375,8434,776,7107,
758,513244,1610,8434,1375,7107,776,
759,513244,1612,7673,408,7660,3903,
760,513244,1612,408,7673,3903,7660,
761,513244,1612,171,7673,263,7660,
762,513244,1614,7796,687,316,2806,
763,513244,1614,687,7796,2806,316,
764,513244,1614,10496,8609,8342,7200,
765,513244,1614,8609,10496,7200,8342,
766,513244,1615,749,8462,2803,7136,
767,513244,1615,8462,749,7136,2803,
768,513244,1615,8468,1112,7145,1874,
769,513244,1615,1112,8468,1874,7145,
770,513244,1617,7687,407,6681,3900,
771,513244,1617,407,7687,3900,6681,
772,513244,1618,661,660,1619,1307,
773,513244,1618,660,661,1307,1619,
774,513244,1621,663,679,651,2368,
775,513244,1621,679,663,2368,651,
776,513244,1623,689,7851,3074,6775,
777,513244,1623,7851,689,6775,3074,
778,513244,1624,8889,8430,7505,3858,
779,513244,1624,8430,8889,3858,7505,
780,513244,1625,59,8538,114,7175,
781,513244,1625,667,8563,186,7189,
782,513244,1625,8563,667,7189,186,
783,513244,1625,8436,8563,7123,7189,
784,513244,1639,7622,8238,6639,6976,
785,513244,1641,1710,1711,489,1643,
786,513244,1641,1711,1710,1643,489,
787,513244,1642,2186,2182,6589,6020,
788,513244,1642,2182,2186,6020,6589,
789,513244,1651,56,58,1652,1654,
790,513244,1651,58,56,1654,1652,
791,513244,1652,9401,56,7843,1651,
792,513244,1652,56,9401,1651,7843,
793,513244,1653,57,65,152,2900,
794,513244,1653,65,57,2900,152,
795,513244,1654,58,74,1651,3124,
796,513244,1654,74,58,3124,1651,
797,513244,1654,1826,8453,3114,7130,
798,513244,1654,8453,1826,7130,3114,
799,513244,1655,1599,2212,6605,6027,
800,513244,1655,2212,1599,6027,6605,
801,513244,1655,1000,9249,1657,7613,
802,513244,1655,9249,1000,7613,1657,
803,513244,1659,245,305,1658,3691,
804,513244,1659,305,245,3691,1658,
805,513244,1669,246,8241,1829,6990,
806,513244,1669,403,397,3132,1827,
807,513244,1669,397,403,1827,3132,
808,513244,1669,8241,246,6990,1829,
809,513244,1683,5024,5881,1684,2901,
810,513244,1683,5881,5024,2901,1684,
811,513244,1685,8005,6256,6843,3529,
812,513244,1685,6256,8005,3529,6843,
813,513244,1685,5858,8444,1688,7118,
814,513244,1685,8444,5858,7118,1688,
815,513244,1689,391,399,1799,1701,
816,513244,1689,399,391,1701,1799,
817,513244,1689,1718,10034,1806,8024,
818,513244,1689,10034,1718,8024,1806,
819,513244,1721,5054,5050,1728,1722,
820,513244,1721,5050,5054,1722,1728,
821,513244,1726,5055,6030,1729,3169,
822,513244,1726,6030,5055,3169,1729,
823,513244,1727,2130,2117,5626,5619,
824,513244,1727,2117,2130,5619,5626,
825,513244,1729,5062,5055,1739,1726,
826,513244,1729,5055,5062,1726,1739,
827,513244,1730,9787,5056,8022,1731,
828,513244,1730,5056,9787,1731,8022,
829,513244,1739,5321,5062,1743,1729,
830,513244,1739,5320,5062,2132,1729,
831,513244,1739,5062,5320,1729,2132,
832,513244,1744,6377,6378,3696,3697,
833,513244,1744,6378,6377,3697,3696,
834,513244,1756,1713,1716,1757,1766,
835,513244,1756,1716,1713,1766,1757,
836,513244,1756,5786,6366,1754,3687,
837,513244,1756,6366,5786,3687,1754,
838,513244,1807,7706,392,6680,1808,
839,513244,1807,392,7706,1808,6680,
840,513244,1810,9216,1811,1813,1824,
841,513244,1810,1811,9216,1824,1813,
842,513244,1822,10321,1723,8267,1823,
843,513244,1822,1723,10321,1823,8267,
844,513244,1827,397,393,1669,1826,
845,513244,1827,393,397,1826,1669,
846,513244,1855,8822,2022,5378,4900,
847,513244,1855,2022,8822,4900,5378,
848,513244,1867,5152,7097,1865,5260,
849,513244,1867,1910,2052,4327,5248,
850,513244,1867,2052,1910,5248,4327,
851,513244,1867,7097,5152,5260,1865,
852,513244,1872,5154,7114,801,5282,
853,513244,1872,7114,5154,5282,801,
854,513244,1876,668,1725,1313,1877,
855,513244,1876,1725,668,1877,1313,
856,513244,1880,8887,8551,7273,1886,
857,513244,1880,8551,8887,1886,7273,
858,513244,1898,1736,1854,702,3355,
859,513244,1898,1730,1852,7256,3344,
860,513244,1898,1852,1730,3344,7256,
861,513244,1898,1854,1736,3355,702,
862,513244,1922,6517,508,3991,3996,
863,513244,1975,1866,1253,3457,4464,
864,513244,1975,1944,1968,4465,4515,
865,513244,1975,1968,1944,4515,4465,
866,513244,1975,1253,1866,4464,3457,
867,513244,1987,675,757,1988,1990,
868,513244,1987,757,675,1990,1988,
869,513244,2075,116,117,126,360,
870,513244,2075,117,116,360,126,
871,513244,2100,10264,9418,8267,7867,
872,513244,2100,10137,1875,8211,3642,
873,513244,2100,1875,10137,3642,8211,
874,513244,2106,1804,1740,2853,1771,
875,513244,2106,1740,1804,1771,2853,
876,513244,2115,7951,8038,6815,6854,
877,513244,2115,8038,7951,6854,6815,
878,513244,2116,196,133,3586,3608,
879,513244,2116,118,133,2141,3608,
880,513244,2116,133,118,3608,2141,
881,513244,2138,5325,5747,1660,2841,
882,513244,2138,5747,5325,2841,1660,
883,513244,2138,5748,8447,1663,7124,
884,513244,2138,8447,5748,7124,1663,
885,513244,2142,170,251,2143,201,
886,513244,2143,7781,61,6718,2141,
887,513244,2143,61,7781,2141,6718,
888,513244,2144,120,143,127,4919,
889,513244,2144,143,120,4919,127,
890,513244,2145,672,673,127,322,
891,513244,2145,673,672,322,127,
892,513244,2145,853,673,2144,322,
893,513244,2146,66,62,2913,2147,
894,513244,2146,62,66,2147,2913,
895,513244,2169,1024,5352,755,1985,
896,513244,2173,8509,310,7133,3702,
897,513244,2173,310,8509,3702,7133,
898,513244,2181,674,680,346,2183,
899,513244,2181,680,674,2183,346,
900,513244,2226,6081,6082,3241,3243,
901,513244,2275,1760,5438,2273,2277,
902,513244,2275,5438,1760,2277,2273,
903,513244,2280,1835,1857,3195,3396,
904,513244,2280,1857,1835,3396,3195,
905,513244,2280,1856,9307,3196,7600,
906,513244,2280,9307,1856,7600,3196,
907,513244,2327,254,395,355,282,
908,513244,2327,395,253,282,413,
909,513244,2414,464,688,2412,3049,
910,513244,2414,688,464,3049,2412,
911,513244,2554,126,122,2586,167,
912,513244,2554,122,126,167,2586,
913,513244,2581,478,515,1591,4031,
914,513244,2581,515,478,4031,1591,
915,513244,2605,8098,8110,6909,6915,
916,513244,2605,8110,8098,6915,6909,
917,513244,2626,328,172,4059,1608,
918,513244,2626,172,328,1608,4059,
919,513244,2654,1079,1114,765,3120,
920,513244,2654,1114,1079,3120,765,
921,513244,2666,206,176,4159,2664,
922,513244,2666,176,206,2664,4159,
923,513244,2726,189,261,2709,385,
924,513244,2726,261,189,385,2709,
925,513244,2803,685,749,2806,1615,
926,513244,2803,749,685,1615,2806,
927,513244,2905,1093,1405,2906,5475,
928,513244,2906,10200,1812,8211,2908,
929,513244,3073,859,858,2201,187,
930,513244,3073,9309,858,7567,187,
931,513244,3074,689,10478,1623,8285,
932,513244,3074,10478,689,8285,1623,
933,513244,3106,5998,1510,933,6032,
934,513244,3106,1510,5998,6032,933,
935,513244,3106,1823,1508,2810,6030,
936,513244,3108,402,8740,1616,7660,
937,513244,3108,8740,402,7660,1616,
938,513244,3110,690,729,1577,4494,
939,513244,3110,729,690,4494,1577,
940,513244,3113,7800,71,6731,110,
941,513244,3113,29,71,3502,110,
942,513244,3114,1825,1826,1652,1654,
943,513244,3114,1826,1825,1654,1652,
944,513244,3122,73,28,109,3501,
945,513244,3125,691,2146,1575,6024,
946,513244,3125,2146,691,6024,1575,
947,513244,3125,794,692,6013,3160,
948,513244,3125,692,794,3160,6013,
949,513244,3127,848,849,462,271,
950,513244,3127,849,848,271,462,
951,513244,3128,1828,1829,419,420,
952,513244,3128,1829,1828,420,419,
953,513244,3130,1118,8006,547,6859,
954,513244,3130,8006,1118,6859,547,
955,513244,3133,348,276,4569,327,
956,513244,3134,6428,6433,3825,3827,
957,513244,3134,6433,6428,3827,3825,
958,513244,3152,7803,6020,6743,909,
959,513244,3160,692,694,3125,3362,
960,513244,3160,694,692,3362,3125,
961,513244,3161,1120,1134,775,3367,
962,513244,3161,1134,1120,3367,775,
963,513244,3161,600,8294,6049,7023,
964,513244,3161,7689,1120,6669,775,
965,513244,3162,601,566,6057,5311,
966,513244,3162,6179,7129,3372,5312,
967,513244,3162,7129,6179,5312,3372,
968,513244,3162,8445,7129,7129,5312,
969,513244,3166,10497,488,8228,3165,
970,513244,3166,7022,1121,5073,604,
971,513244,3166,7682,7022,6667,5073,
972,513244,3167,1136,1340,3370,5058,
973,513244,3167,1340,1136,5058,3370,
974,513244,3167,8426,1340,7117,5058,
975,513244,3167,489,8854,3168,7323,
976,513244,3168,9234,489,7531,3167,
977,513244,3168,6180,6029,3373,504,
978,513244,3168,6029,6180,504,3373,
979,513244,3168,8824,6029,7278,504,
980,513244,3172,6641,6035,4242,288,
981,513244,3173,1879,1834,3796,1374,
982,513244,3176,8682,8753,7235,7263,
983,513244,3176,8753,8682,7263,7235,
984,513244,3232,1842,1973,434,4532,
985,513244,3232,1973,1842,4532,434,
986,513244,3362,694,695,3160,3371,
987,513244,3362,695,694,3371,3160,
988,513244,3367,1133,1134,3159,3161,
989,513244,3367,8285,8309,7031,7038,
990,513244,3367,1134,1133,3161,3159,
991,513244,3367,7683,1133,6669,3159,
992,513244,3369,494,495,3364,604,
993,513244,3370,1135,1136,499,3167,
994,513244,3370,1136,1135,3167,499,
995,513244,3370,8419,1135,7117,499,
996,513244,3370,7839,560,6756,5077,
997,513244,3371,695,7739,3362,6714,
998,513244,3371,7746,695,6719,3362,
999,513244,3372,6178,6179,813,3162,
1000,513244,3372,6179,6178,3162,813,
1001,513244,3372,568,603,5314,6058,
1002,513244,3372,8441,6178,7129,813,
1003,513244,3373,561,9860,5077,7695,
1004,513244,3373,7025,6180,5078,3168,
1005,513244,3373,6180,7025,3168,5078,
1006,513244,3373,8827,7025,7278,5078,
1007,513244,3418,9990,292,7728,383,
1008,513244,3418,292,9990,383,7728,
1009,513244,3439,14,7,3492,3440,
1010,513244,3440,7,19,3439,3496,
1011,513244,3474,9563,15,8013,3493,
1012,513244,3474,6,15,6007,3493,
1013,513244,3476,9429,9148,7621,7459,
1014,513244,3476,7609,9429,6623,7621,
1015,513244,3477,9139,9146,7455,7461,
1016,513244,3477,9242,850,7613,299,
1017,513244,3477,850,9242,299,7613,
1018,513244,3477,7700,9242,6676,7613,
1019,513244,3479,2032,559,5040,5041,
1020,513244,3479,8352,559,7062,5041,
1021,513244,3480,5,4,99,98,
1022,513244,3481,10628,414,8410,4345,
1023,513244,3481,414,10502,4345,8293,
1024,513244,3496,19,7745,3440,6698,
1025,513244,3499,9618,862,7881,106,
1026,513244,3500,863,9936,107,8044,
1027,513244,3506,7762,41,6716,6016,
1028,513244,3510,1149,6241,688,1413,
1029,513244,3510,6241,1149,1413,688,
1030,513244,3511,7760,7795,6707,6737,
1031,513244,3512,6244,7764,3515,6707,
1032,513244,3513,7750,7116,6700,5283,
1033,513244,3514,7733,564,6714,5298,
1034,513244,3514,7113,564,5281,5298,
1035,513244,3515,8645,7743,7215,6719,
1036,513244,3519,7356,6248,5938,206,
1037,513244,3519,6248,7356,206,5938,
1038,513244,3573,702,704,1454,3574,
1039,513244,3573,704,702,3574,1454,
1040,513244,3574,703,704,3469,3573,
1041,513244,3574,704,703,3573,3469,
1042,513244,3575,194,195,125,263,
1043,513244,3576,34,35,314,124,
1044,513244,3577,36,37,126,314,
1045,513244,3632,405,9799,152,8033,
1046,513244,3632,9799,405,8033,152,
1047,513244,3690,9244,3240,7535,3691,
1048,513244,3690,3240,9244,3691,7535,
1049,513244,3691,306,305,214,1659,
1050,513244,3691,305,306,1659,214,
1051,513244,3723,317,314,3726,190,
1052,513244,3723,314,317,190,3726,
1053,513244,3723,9765,1877,7807,1226,
1054,513244,3723,1877,9765,1226,7807,
1055,513244,3789,10347,10500,8284,8444,
1056,513244,3932,6468,6469,2277,3917,
1057,513244,3932,6469,6468,3917,2277,
1058,513244,4161,329,333,3119,4164,
1059,513244,4161,333,329,4164,3119,
1060,513244,4162,330,334,2661,4164,
1061,513244,4162,334,330,4164,2661,
1062,513244,4163,331,332,4161,4162,
1063,513244,4163,332,331,4162,4161,
1064,513244,4187,336,8264,1584,6998,
1065,513244,4187,8264,336,6998,1584,
1066,513244,4189,338,340,6998,4191,
1067,513244,4189,340,338,4191,6998,
1068,513244,4328,1913,1911,4327,4323,
1069,513244,4328,1911,1913,4323,4327,
1070,513244,4358,7749,20,6690,3495,
1071,513244,4360,141,142,164,165,
1072,513244,4360,142,141,165,164,
1073,513244,4464,1253,1254,1975,1976,
1074,513244,4464,1254,1253,1976,1975,
1075,513244,4464,1293,1254,4465,1976,
1076,513244,4465,1944,1943,1975,1978,
1077,513244,4465,1943,1944,1978,1975,
1078,513244,4899,2021,7834,321,6758,
1079,513244,4899,7834,2021,6758,321,
1080,513244,4916,38,7630,113,6632,
1081,513244,4916,3688,2073,4920,5397,
1082,513244,5023,161,153,128,157,
1083,513244,5023,153,161,157,128,
1084,513244,5039,740,8361,3478,7076,
1085,513244,5039,8361,8376,7076,7062,
1086,513244,5074,1347,2033,603,604,
1087,513244,5074,2033,1347,604,603,
1088,513244,5075,2034,2157,499,6096,
1089,513244,5075,2157,2034,6096,499,
1090,513244,5257,2057,8508,5256,7153,
1091,513244,5257,8508,2057,7153,5256,
1092,513244,5258,2059,8989,771,7410,
1093,513244,5258,8989,2059,7410,771,
1094,513244,5383,753,9941,266,7891,
1095,513244,5383,754,753,5368,266,
1096,513244,5397,7624,39,6637,114,
1097,513244,5397,2073,2074,4916,5401,
1098,513244,5412,2083,2082,2140,457,
1099,513244,5412,2082,2083,457,2140,
1100,513244,6000,99,100,185,3115,
1101,513244,6000,100,99,3115,185,
1102,513244,6002,1786,2195,421,7256,
1103,513244,6002,2195,1786,7256,421,
1104,513244,6011,8570,795,7189,6013,
1105,513244,6011,9648,795,7649,6013,
1106,513244,6011,795,8570,6013,7189,
1107,513244,6012,42,7765,144,6721,
1108,513244,6012,9474,7765,7647,6721,
1109,513244,6013,794,795,3125,6011,
1110,513244,6013,795,794,6011,3125,
1111,513244,6014,1506,7380,4662,4663,
1112,513244,6014,7380,1506,4663,4662,
1113,513244,6014,1507,7380,6015,4663,
1114,513244,6017,8046,7657,6854,6661,
1115,513244,6017,7657,8046,6661,6854,
1116,513244,6018,2145,839,6017,6585,
1117,513244,6018,839,2145,6585,6017,
1118,513244,6019,8701,165,7248,4320,
1119,513244,6019,165,8701,4320,7248,
1120,513244,6020,8056,852,6867,6019,
1121,513244,6020,852,8056,6019,6867,
1122,513244,6020,8671,2182,7224,1642,
1123,513244,6020,2182,8671,1642,7224,
1124,513244,6021,796,8185,6023,6974,
1125,513244,6021,8185,796,6974,6023,
1126,513244,6022,599,7653,6021,6645,
1127,513244,6022,7653,599,6645,6021,
1128,513244,6023,8665,796,7224,6021,
1129,513244,6023,796,8665,6021,7224,
1130,513244,6023,7647,8665,6645,7224,
1131,513244,6382,825,824,6383,467,
1132,513244,6382,824,825,467,6383,
1133,513244,6582,7984,7676,6845,6668,
1134,513244,6582,7676,7984,6668,6845,
1135,513244,6583,2191,2179,6598,6585,
1136,513244,6583,2179,2191,6585,6598,
1137,513244,6584,8721,8923,1643,7372,
1138,513244,6584,8923,8721,7372,1643,
1139,513244,6585,839,8681,6018,7231,
1140,513244,6585,8681,839,7231,6018,
1141,513244,6585,8921,2179,7372,6583,
1142,513244,6586,7613,2192,6628,6598,
1143,513244,6586,2192,7613,6598,6628,
1144,513244,6587,2181,2185,146,6589,
1145,513244,6587,2185,2181,6589,146,
1146,513244,6616,1603,1604,1576,491,
1147,513244,6616,1604,1603,491,1576,
1148,513244,6619,7600,8431,1554,3434,
1149,513244,6619,8431,7600,3434,1554,
1150,513244,6622,7602,7753,188,3105,
1151,513244,6628,8004,8452,6850,6987,
1152,513244,6628,8452,8004,6987,6850,
1153,513244,6630,7759,7608,3507,188,
1154,513244,6635,7625,7620,118,156,
1155,513244,6640,7720,7634,6683,118,
1156,513244,6659,7668,7675,147,5385,
1157,513244,6659,7675,7668,5385,147,
1158,513244,6668,7676,7669,6582,6661,
1159,513244,6668,7669,7676,6661,6582,
1160,513244,6669,7683,7689,3367,3161,
1161,513244,6669,7689,7683,3161,3367,
1162,513244,6676,7707,7700,299,3477,
1163,513244,6676,7700,7707,3477,299,
1164,513244,6678,7696,7702,4669,215,
1165,513244,6678,7702,7696,215,4669,
1166,513244,6683,7712,7720,119,6640,
1167,513244,6683,5712,7720,2814,6640,
1168,513244,6716,7758,7762,6709,3506,
1169,513244,6721,7765,7771,6012,6702,
1170,513244,6730,7774,7777,3936,2089,
1171,513244,6730,7777,7774,2089,3936,
1172,513244,6760,7848,10520,604,8317,
1173,513244,6827,7974,7978,6610,6582,
1174,513244,6827,7978,7974,6582,6610,
1175,513244,6867,8056,8676,6020,7231,
1176,513244,6867,8676,8056,7231,6020,
1177,513244,6932,10543,10238,8387,7742,
1178,513244,6932,10238,10543,7742,8387,
1179,513244,7002,8283,8261,7016,7008,
1180,513244,7002,8251,8254,7055,6706,
1181,513244,7002,8254,8251,6706,7055,
1182,513244,7002,8362,8254,7059,6706,
1183,513244,7016,8296,8283,7022,7002,
1184,513244,7055,10597,6842,8406,4538,
1185,513244,7055,8251,6758,7002,4430,
1186,513244,7055,6758,8251,4430,7002,
1187,513244,7055,8369,6758,7059,4430,
1188,513244,7059,8362,8369,7002,7055,
1189,513244,7059,8369,8362,7055,7002,
1190,513244,7062,8358,8352,3478,3479,
1191,513244,7062,8376,8352,5039,3479,
1192,513244,7083,10635,8354,8402,343,
1193,513244,7083,8354,10635,343,8402,
1194,513244,7083,10479,10291,2236,8348,
1195,513244,7083,10702,8354,8434,343,
1196,513244,7093,8403,8409,412,354,
1197,513244,7093,8409,8403,354,412,
1198,513244,7099,8404,8410,3482,1241,
1199,513244,7099,8410,8404,1241,3482,
1200,513244,7117,8419,8426,3370,3167,
1201,513244,7117,8426,8419,3167,3370,
1202,513244,7123,8436,8432,1625,186,
1203,513244,7123,8432,8436,186,1625,
1204,513244,7129,8441,8445,3372,3162,
1205,513244,7129,8445,8441,3162,3372,
1206,513244,7141,8519,8512,131,7132,
1207,513244,7141,8512,8519,7132,131,
1208,513244,7141,8490,8498,4041,2604,
1209,513244,7141,8498,8490,2604,4041,
1210,513244,7248,8695,8701,6906,6019,
1211,513244,7248,8701,8695,6019,6906,
1212,513244,7256,2195,1730,6002,1898,
1213,513244,7256,1730,2195,1898,6002,
1214,513244,7266,9577,8807,7830,5453,
1215,513244,7266,8807,9577,5453,7830,
1216,513244,7271,8816,8812,521,7170,
1217,513244,7271,8812,8816,7170,521,
1218,513244,7278,8827,8824,3373,3168,
1219,513244,7278,8824,8827,3168,3373,
1220,513244,7283,8840,8836,327,274,
1221,513244,7283,8836,8840,274,327,
1222,513244,7319,9488,8851,7674,7302,
1223,513244,7319,8851,9671,7302,7928,
1224,513244,7323,8854,10473,3167,8228,
1225,513244,7323,9848,10473,7928,8228,
1226,513244,7412,8992,8991,148,180,
1227,513244,7412,8991,8992,180,148,
1228,513244,7414,8994,9119,903,7509,
1229,513244,7414,8997,8994,7416,903,
1230,513244,7537,9263,9269,55,4302,
1231,513244,7537,9269,9263,4302,55,
1232,513244,7545,9854,10080,8074,1889,
1233,513244,7545,10080,9854,1889,8074,
1234,513244,7618,10208,9626,8217,7619,
1235,513244,7618,9949,9626,7902,7619,
1236,513244,7621,9435,9429,240,3476,
1237,513244,7621,9429,9627,3476,6688,
1238,513244,7621,9627,9429,6688,3476,
1239,513244,7622,9436,9628,7891,5370,
1240,513244,7622,9628,9816,5370,5374,
1241,513244,7634,9948,10055,7635,7901,
1242,513244,7634,10055,9948,7901,7635,
1243,513244,7664,8640,9662,521,520,
1244,513244,7701,10286,10596,8165,8420,
1245,513244,7758,10003,10108,543,2515,
1246,513244,7758,10108,10003,2515,543,
1247,513244,7762,10008,9741,8297,8178,
1248,513244,7762,9741,10008,8178,8297,
1249,513244,7829,9778,9576,111,88,
1250,513244,7945,10343,9862,8234,7933,
1251,513244,7961,10428,10390,333,2243,
1252,513244,7961,9876,9712,436,2242,
1253,513244,7961,10390,10428,2243,333,
1254,513244,7961,9712,9876,2242,436,
1255,513244,7983,9739,9894,166,134,
1256,513244,7983,9894,9739,134,166,
1257,513244,8004,9911,9763,7803,8125,
1258,513244,8004,9763,9911,8125,7803,
1259,513244,8004,10013,9911,8194,7803,
1260,513244,8005,10126,10021,8125,7783,
1261,513244,8005,10021,10126,7783,8125,
1262,513244,8040,7368,10040,2059,7875,
1263,513244,8040,10040,7368,7875,2059,
1264,513244,8040,10322,10411,7874,7877,
1265,513244,8040,10411,10322,7877,7874,
1266,513244,8043,10043,10323,8309,7879,
1267,513244,8043,9426,10323,7880,7879,
1268,513244,8054,10326,10206,485,8148,
1269,513244,8054,10206,10326,8148,485,
1270,513244,8089,10100,9986,8175,7958,
1271,513244,8089,10173,9986,8097,7958,
1272,513244,8089,9986,10100,7958,8175,
1273,513244,8102,10000,10583,8180,8401,
1274,513244,8107,10191,10493,7998,8305,
1275,513244,8107,10443,10493,8257,8305,
1276,513244,8139,10037,10410,3643,8308,
1277,513244,8139,10410,10037,8308,3643,
1278,513244,8155,10451,10072,8314,1876,
1279,513244,8155,10072,10378,1876,8225,
1280,513244,8161,10384,10423,713,8230,
1281,513244,8161,10423,10384,8230,713,
1282,513244,8165,10085,10286,7944,7701,
1283,513244,8165,10386,10286,8083,7701,
1284,513244,8175,9727,10100,7974,8089,
1285,513244,8175,10100,9727,8089,7974,
1286,513244,8180,10244,10000,8185,8102,
1287,513244,8180,10243,10000,8249,8102,
1288,513244,8187,10434,10664,8290,8426,
1289,513244,8194,9912,10118,8005,8253,
1290,513244,8194,10118,10013,8253,8004,
1291,513244,8215,10412,10448,8143,8045,
1292,513244,8215,10448,10412,8045,8143,
1293,513244,8215,10202,10265,3605,1550,
1294,513244,8215,10265,10202,1550,3605,
1295,513244,8216,10413,10615,7894,8341,
1296,513244,8216,10449,10471,8050,8145,
1297,513244,8216,10615,10413,8341,7894,
1298,513244,8216,10471,10449,8145,8050,
1299,513244,8234,10342,10343,8433,7945,
1300,513244,8234,10344,10343,8431,7945,
1301,513244,8235,10346,10289,8365,3789,
1302,513244,8238,10532,10581,8286,7575,
1303,513244,8238,10389,10581,8367,7575,
1304,513244,8243,10435,10355,8420,8289,
1305,513244,8243,10179,10355,8322,8289,
1306,513244,8253,10439,10186,8254,8299,
1307,513244,8253,10186,10439,8299,8254,
1308,513244,8280,10453,10498,8231,1895,
1309,513244,8280,10498,10453,1895,8231,
1310,513244,8283,10680,10167,8417,7955,
1311,513244,8284,10387,10426,8169,8088,
1312,513244,8284,10426,10387,8088,8169,
1313,513244,8294,10463,10357,8371,8248,
1314,513244,8294,10356,10599,8106,221,
1315,513244,8346,10591,10575,8319,8362,
1316,513244,8346,10575,10591,8362,8319,
1317,513244,8348,10291,10645,7083,7037,
1318,513244,8351,10654,10572,8327,8447,
1319,513244,8351,10587,10654,8449,8327,
1320,513244,8364,10603,10617,8344,8362,
1321,513244,8364,10617,10603,8362,8344,
1322,513244,8365,10348,10555,8236,1583,
1323,513244,8365,10555,10348,1583,8236,
1324,513244,8370,10684,10524,8437,7748,
1325,513244,8370,10544,10695,7068,8445,
1326,513244,8370,10557,10524,8388,7748,
1327,513244,8370,10524,10557,7748,8388,
1328,513244,8385,10556,10568,8349,2236,
1329,513244,8385,10659,10556,8421,8349,
1330,513244,8388,10674,10570,8437,431,
1331,513244,8388,10690,10584,8442,8406,
1332,513244,8388,10557,10570,8370,431,
1333,513244,8388,10570,10557,431,8370,
1334,513244,8394,10447,10723,8265,8458,
1335,513244,8394,10723,10319,8458,8209,
1336,513244,8402,9337,10688,7575,8421,
1337,513244,8402,10698,10646,8434,7576,
1338,513244,8402,10635,10646,7083,7576,
1339,513244,8402,10646,10635,7576,7083,
1340,513244,8410,10396,10628,4610,3481,
1341,513244,8412,10494,10261,8428,8204,
1342,513244,8412,10261,10408,8204,8265,
1343,513244,8417,10567,10680,8419,8283,
1344,513244,8417,10521,10644,6775,8444,
1345,513244,8417,10644,10521,8444,6775,
1346,513244,8417,10633,10521,8446,6775,
1347,513244,8419,10693,10567,8435,8417,
1348,513244,8419,10553,10693,8444,8435,
1349,513244,8424,10481,10649,8436,6929,
1350,513244,8424,10649,10481,6929,8436,
1351,513244,8444,10620,10578,8446,8321,
1352,513244,8444,10644,10578,8417,8321,
1353,513244,8444,10228,10553,8235,8419,
1354,513244,8444,10606,10553,8440,8419,
1355,513244,8444,10500,10553,3789,8419,
1356,513244,8444,10578,10644,8321,8417,
1357,513244,8452,8660,10715,8453,3475,
1358,513244,8452,10719,10715,8454,3475,
