,meshcode,linkno,orflg,signcnt,signno,maxspeed,signkeido,signido,geometry
0,513244,42,1,2,1,40,477111691,123722281,
1,513244,42,1,2,2,40,477118865,123717548,
2,513244,50,1,1,1,50,477300099,123874412,
3,513244,50,2,1,1,50,477300099,123874412,
4,513244,56,1,2,1,50,477066710,123654046,
5,513244,56,1,2,2,50,477064700,123648467,
6,513244,56,2,1,1,50,477064700,123648467,
7,513244,58,1,1,1,50,477068752,123656411,
8,513244,58,2,1,1,50,477068752,123656411,
9,513244,63,1,1,1,50,477294794,123863326,
10,513244,63,2,1,1,50,477294794,123863326,
11,513244,68,1,1,1,50,477121861,123674656,
12,513244,69,1,1,1,50,477291844,123843544,
13,513244,69,2,1,1,50,477291844,123843544,
14,513244,72,1,1,1,50,477103245,123661691,
15,513244,79,2,1,1,50,477112711,123667217,
16,513244,82,1,1,1,50,477310964,123893702,
17,513244,87,2,1,1,50,477129800,123729422,
18,513244,92,1,1,1,50,477122390,123709402,
19,513244,93,1,1,1,50,477119421,123724033,
20,513244,93,2,2,1,50,477119458,123724053,
21,513244,93,2,2,2,50,477119421,123724033,
22,513244,94,1,1,1,50,477121030,123712783,
23,513244,95,1,2,1,50,477325892,123907429,
24,513244,95,1,2,2,50,477320892,123900191,
25,513244,95,2,2,1,50,477325892,123907429,
26,513244,95,2,2,2,50,477320892,123900191,
27,513244,96,2,1,1,50,477310622,123894130,
28,513244,97,1,1,1,50,477305902,123884179,
29,513244,97,2,1,1,50,477305902,123884179,
30,513244,98,2,1,1,50,477060023,123638342,
31,513244,107,1,1,1,50,477165179,123748949,
32,513244,107,2,1,1,50,477165179,123748949,
33,513244,109,1,1,1,50,477130432,123730211,
34,513244,112,1,2,1,50,477252994,123822489,
35,513244,112,1,2,2,50,477252872,123822697,
36,513244,112,2,1,1,50,477252872,123822697,
37,513244,114,1,1,1,50,477266268,123828228,
38,513244,114,2,1,1,50,477266139,123828283,
39,513244,116,1,1,1,50,476994432,123741266,
40,513244,116,2,1,1,50,476994019,123741270,
41,513244,130,1,1,1,50,477209453,123775945,
42,513244,130,2,1,1,50,477209453,123775945,
43,513244,136,1,2,1,50,477219273,123787844,
44,513244,136,1,2,2,50,477216263,123782936,
45,513244,136,2,1,1,50,477216263,123782936,
46,513244,138,1,1,1,50,477279923,123834815,
47,513244,138,2,1,1,50,477279923,123834815,
48,513244,142,2,1,1,50,477195053,123767554,
49,513244,147,1,1,1,50,477201190,123770686,
50,513244,147,2,1,1,50,477201190,123770686,
51,513244,150,1,1,1,50,477194853,123766835,
52,513244,152,1,1,1,50,477188051,123763334,
53,513244,152,2,1,1,50,477188051,123763334,
54,513244,154,1,1,1,50,477137842,123734679,
55,513244,154,2,1,1,50,477137842,123734679,
56,513244,155,2,1,1,50,477147700,123740523,
57,513244,160,1,1,1,50,477135074,123732655,
58,513244,160,2,1,1,50,477135074,123732655,
59,513244,161,1,1,1,50,477177791,123754790,
60,513244,161,2,1,1,50,477177762,123755438,
61,513244,164,1,1,1,50,477234625,123808342,
62,513244,164,2,1,1,50,477234625,123808342,
63,513244,168,1,1,1,20,477183508,123817709,
64,513244,170,1,1,1,50,477124476,123684120,
65,513244,170,2,1,1,40,477124440,123684177,
66,513244,172,1,1,1,40,477203295,123792176,
67,513244,172,2,2,1,40,477203852,123791934,
68,513244,172,2,2,2,40,477202013,123797369,
69,513244,174,1,1,1,20,477182290,123846068,
70,513244,174,2,1,1,20,477182127,123846094,
71,513244,180,2,1,1,30,477174267,123816325,
72,513244,183,1,1,1,20,477179760,123824099,
73,513244,183,2,1,1,20,477179922,123824182,
74,513244,187,1,1,1,30,477184857,123815563,
75,513244,187,2,1,1,30,477184984,123815652,
76,513244,189,1,1,1,30,477134900,123805801,
77,513244,191,2,1,1,20,477174931,123834377,
78,513244,202,1,1,1,30,477158007,123815892,
79,513244,202,2,1,1,30,477158191,123816060,
80,513244,203,2,1,1,20,477178065,123828892,
81,513244,209,1,1,1,30,477201778,123797315,
82,513244,211,1,2,1,30,477143943,123812135,
83,513244,211,1,2,2,30,477140944,123809259,
84,513244,211,2,1,1,30,477143034,123812187,
85,513244,214,2,1,1,30,477179194,123815489,
86,513244,215,2,1,1,40,477130708,123678519,
87,513244,216,1,1,1,40,477341483,123621808,
88,513244,216,2,1,1,50,477341483,123621808,
89,513244,227,2,1,1,40,477065639,123817362,
90,513244,230,1,1,1,50,477011985,123802451,
91,513244,232,1,1,1,40,476993745,123740003,
92,513244,234,1,1,1,50,477013063,123802858,
93,513244,237,1,1,1,40,477040380,123807092,
94,513244,237,2,1,1,40,477041123,123807768,
95,513244,240,2,1,1,40,477069246,123814684,
96,513244,241,2,1,1,40,477055610,123816136,
97,513244,242,1,1,1,40,477058820,123817753,
98,513244,242,2,1,1,40,477058709,123817529,
99,513244,244,1,1,1,40,477206621,123784332,
100,513244,248,1,1,1,40,477144664,123619348,
101,513244,248,2,1,1,40,477145317,123619135,
102,513244,249,1,3,1,40,477076182,123823549,
103,513244,249,1,3,2,40,477072762,123817455,
104,513244,249,1,3,3,40,477081241,123825937,
105,513244,249,2,2,1,40,477078564,123822746,
106,513244,249,2,2,2,40,477074019,123818680,
107,513244,250,1,1,1,40,477196676,123771419,
108,513244,251,1,1,1,40,477129284,123678714,
109,513244,253,1,1,1,50,477006414,123805689,
110,513244,254,1,1,1,50,477006233,123805053,
111,513244,256,1,1,1,40,477201114,123774802,
112,513244,256,2,1,1,40,477201446,123774734,
113,513244,266,1,1,1,40,477141106,123655149,
114,513244,266,2,1,1,40,477141106,123655149,
115,513244,270,1,1,1,40,477140006,123666648,
116,513244,270,2,1,1,40,477140006,123666648,
117,513244,278,1,1,1,40,477062896,123818002,
118,513244,280,1,1,1,40,477067620,123817009,
119,513244,281,1,1,1,40,477050826,123814267,
120,513244,282,1,1,1,40,477043304,123810910,
121,513244,285,2,1,1,40,477042247,123809698,
122,513244,287,1,1,1,50,477028725,123797641,
123,513244,289,1,1,1,50,477027576,123798682,
124,513244,290,2,1,1,40,477036903,123797310,
125,513244,292,1,3,1,30,477120755,123796664,
126,513244,292,1,3,2,30,477114521,123797040,
127,513244,292,1,3,3,30,477112685,123804001,
128,513244,292,2,4,1,40,477101184,123806890,
129,513244,292,2,4,2,30,477124437,123798427,
130,513244,292,2,4,3,30,477116906,123795863,
131,513244,292,2,4,4,30,477114397,123802503,
132,513244,303,1,1,1,40,477141943,123631307,
133,513244,303,2,1,1,40,477141943,123631307,
134,513244,313,1,1,1,40,477036735,123877961,
135,513244,315,2,1,1,40,477033499,123887695,
136,513244,317,1,1,1,40,477031656,123895273,
137,513244,317,2,1,1,40,477031656,123895273,
138,513244,326,2,1,1,40,477036081,123872780,
139,513244,342,1,1,1,40,477150344,123612539,
140,513244,342,2,1,1,40,477150344,123612539,
141,513244,348,1,1,1,50,477034838,123796853,
142,513244,350,2,1,1,40,477084688,123827932,
143,513244,353,2,1,1,40,477092870,123811908,
144,513244,355,2,1,1,40,477206864,123784948,
145,513244,357,1,1,1,40,477313292,123618327,
146,513244,357,2,1,1,40,477316100,123619361,
147,513244,362,2,1,1,40,477329617,123621080,
148,513244,363,2,1,1,40,477305822,123614519,
149,513244,368,1,1,1,50,477364872,123633085,
150,513244,372,1,1,1,30,477131616,123800674,
151,513244,372,2,1,1,30,477132044,123801636,
152,513244,375,2,1,1,50,477383325,123646947,
153,513244,378,1,1,1,50,477405577,123654796,
154,513244,378,2,1,1,50,477405577,123654796,
155,513244,383,2,2,1,50,477018411,123857685,
156,513244,383,2,2,2,50,477017164,123856377,
157,513244,385,1,1,1,50,477087127,123675878,
158,513244,385,2,2,1,50,477090811,123678401,
159,513244,385,2,2,2,50,477083947,123674880,
160,513244,386,1,1,1,50,477079577,123669903,
161,513244,386,2,1,1,50,477081101,123668961,
162,513244,387,1,2,1,50,477099101,123674485,
163,513244,387,1,2,2,50,477095682,123679064,
164,513244,387,2,1,1,50,477098483,123674081,
165,513244,400,1,2,1,50,477002574,123808027,
166,513244,400,1,2,2,50,477002962,123808113,
167,513244,400,2,2,1,50,477002574,123808027,
168,513244,400,2,2,2,50,477002962,123808113,
169,513244,409,1,1,1,40,476995713,123729911,
170,513244,416,2,1,1,50,476998820,123836296,
171,513244,417,1,2,1,50,476998820,123836296,
172,513244,417,1,2,2,50,476998490,123836594,
173,513244,417,2,1,1,50,476998490,123836594,
174,513244,421,1,1,1,30,477303000,123612064,
175,513244,421,2,1,1,30,477302554,123611897,
176,513244,427,2,1,1,30,477098858,123752192,
177,513244,429,1,1,1,30,477082419,123749869,
178,513244,429,2,1,1,30,477083771,123749553,
179,513244,433,1,1,1,30,477290553,123866944,
180,513244,433,2,1,1,30,477291401,123870635,
181,513244,439,1,1,1,30,477029669,123834685,
182,513244,439,2,1,1,30,477029321,123835129,
183,513244,441,2,1,1,30,477031659,123826353,
184,513244,447,1,1,1,30,477076357,123749814,
185,513244,447,2,1,1,30,477077210,123749881,
186,513244,449,2,1,1,50,477066871,123779084,
187,513244,450,2,2,1,30,477069758,123769454,
188,513244,450,2,2,2,30,477068496,123772353,
189,513244,456,2,1,1,30,477124570,123743197,
190,513244,459,1,1,1,50,477431225,123877197,
191,513244,459,2,1,1,50,477430797,123877813,
192,513244,460,2,1,1,50,477438702,123874375,
193,513244,462,1,1,1,50,477419123,123859159,
194,513244,463,2,1,1,50,477434184,123805120,
195,513244,464,1,1,1,50,477436707,123801276,
196,513244,466,2,1,1,30,477293256,123876384,
197,513244,467,1,1,1,30,477309618,123897462,
198,513244,468,2,1,1,30,477311275,123898627,
199,513244,470,1,1,1,30,477316427,123901765,
200,513244,471,2,1,1,20,477266943,123833145,
201,513244,474,1,1,1,20,477242534,123822179,
202,513244,475,1,1,1,20,477238028,123817760,
203,513244,476,1,1,1,20,477249753,123826504,
204,513244,483,1,1,1,30,477074985,123757661,
205,513244,484,2,1,1,30,477104931,123749907,
206,513244,486,1,1,1,20,477226020,123808174,
207,513244,489,1,2,1,50,477180890,123741341,
208,513244,489,1,2,2,50,477177577,123739209,
209,513244,494,1,1,1,50,477162045,123732379,
210,513244,506,1,1,1,30,477076913,123754663,
211,513244,509,2,1,1,30,477070476,123763352,
212,513244,512,1,1,1,30,477070365,123767410,
213,513244,512,2,1,1,30,477070633,123766633,
214,513244,513,1,1,1,30,477219921,123800451,
215,513244,515,1,1,1,20,477231393,123814972,
216,513244,517,1,1,1,20,477228695,123811329,
217,513244,517,2,1,1,20,477228864,123811957,
218,513244,519,2,1,1,30,477215127,123786647,
219,513244,521,2,1,1,30,477219340,123798267,
220,513244,525,1,1,1,50,477433569,123812624,
221,513244,526,1,1,1,30,477322101,123907795,
222,513244,528,1,1,1,30,477323112,123909078,
223,513244,529,1,1,1,40,477027577,123820994,
224,513244,531,2,1,1,30,477030512,123831387,
225,513244,539,1,1,1,30,477026276,123844289,
226,513244,541,1,1,1,30,477027452,123842330,
227,513244,551,2,1,1,30,477197539,123778178,
228,513244,554,2,1,1,30,477193161,123775528,
229,513244,555,1,1,1,30,477186893,123771057,
230,513244,556,2,1,1,30,477186313,123769965,
231,513244,559,1,1,1,50,477187357,123746916,
232,513244,562,1,1,1,30,477218363,123792027,
233,513244,562,2,1,1,30,477219457,123794696,
234,513244,563,1,1,1,50,477153906,123727299,
235,513244,564,1,1,1,50,477145678,123724352,
236,513244,567,1,1,1,50,477153825,123728430,
237,513244,572,2,1,1,30,477141307,123743267,
238,513244,575,2,1,1,30,477148357,123746388,
239,513244,586,1,1,1,30,477107910,123747833,
240,513244,594,1,1,1,50,477431170,123833371,
241,513244,595,1,1,1,30,477306086,123892880,
242,513244,595,2,1,1,30,477306086,123892880,
243,513244,606,1,1,1,30,477117136,123747340,
244,513244,606,2,1,1,30,477114667,123747937,
245,513244,608,1,1,1,30,477123741,123743560,
246,513244,615,1,1,1,30,477129158,123740826,
247,513244,615,2,1,1,30,477130297,123740870,
248,513244,618,1,2,1,30,477150365,123748363,
249,513244,618,1,2,2,30,477155048,123750593,
250,513244,618,2,1,1,30,477153359,123749803,
251,513244,620,1,1,1,30,477161064,123752902,
252,513244,621,2,1,1,30,477162901,123753671,
253,513244,625,1,1,1,30,477145211,123745715,
254,513244,625,2,1,1,30,477144755,123745445,
255,513244,628,2,1,1,30,477168819,123756729,
256,513244,629,1,1,1,30,477170944,123757823,
257,513244,641,1,1,1,40,477329129,123622233,
258,513244,641,2,1,1,40,477328716,123622411,
259,513244,642,1,1,1,50,477040830,123794569,
260,513244,644,1,2,1,40,477017689,123853804,
261,513244,644,1,2,2,40,477021973,123851812,
262,513244,644,2,1,1,40,477021860,123852262,
263,513244,648,1,1,1,40,477338297,123677548,
264,513244,649,1,1,1,30,477285297,123860513,
265,513244,649,2,1,1,30,477283292,123856607,
266,513244,650,1,1,1,20,477283528,123856096,
267,513244,653,2,1,1,40,476994381,123872659,
268,513244,654,1,1,1,40,477010040,123802021,
269,513244,657,2,1,1,40,477015913,123757945,
270,513244,658,2,1,1,40,477034950,123746458,
271,513244,660,1,1,1,40,477096894,123737762,
272,513244,666,1,1,1,40,477034183,123745879,
273,513244,668,1,1,1,30,477115506,123734816,
274,513244,668,2,1,1,30,477116334,123734745,
275,513244,669,1,1,1,30,477066817,123747651,
276,513244,669,2,1,1,30,477067319,123747472,
277,513244,673,1,1,1,40,477116284,123725933,
278,513244,674,2,1,1,40,477005860,123874401,
279,513244,677,2,1,1,40,477018721,123816067,
280,513244,679,1,1,1,40,477074443,123744661,
281,513244,679,2,1,1,40,477074211,123745141,
282,513244,680,1,1,1,40,477010828,123876807,
283,513244,684,2,1,1,30,477069135,123750698,
284,513244,686,2,1,1,40,477092308,123739541,
285,513244,687,1,1,1,40,477108332,123732174,
286,513244,697,2,1,1,40,477020837,123817114,
287,513244,702,1,1,1,40,477006895,123799997,
288,513244,702,2,1,1,40,477006904,123799585,
289,513244,703,1,1,1,40,477003194,123788104,
290,513244,703,2,1,1,40,477004560,123789002,
291,513244,712,2,1,1,40,477027763,123745895,
292,513244,714,1,1,1,40,477049502,123748896,
293,513244,715,2,1,1,40,477050376,123749244,
294,513244,718,2,1,1,20,477279956,123850531,
295,513244,719,2,1,1,20,477277743,123846028,
296,513244,720,1,1,1,40,477323409,123633850,
297,513244,722,1,1,1,40,477013730,123877144,
298,513244,722,2,1,1,40,477013529,123877364,
299,513244,730,2,1,1,40,477025033,123847861,
300,513244,732,1,1,1,40,477024391,123849249,
301,513244,735,1,1,1,50,477042856,123794705,
302,513244,739,1,1,1,40,477015272,123813917,
303,513244,741,1,1,1,40,477130824,123728542,
304,513244,741,2,2,1,40,477132847,123726039,
305,513244,741,2,2,2,40,477131521,123728067,
306,513244,742,1,1,1,40,477135579,123721777,
307,513244,743,1,1,1,40,477134274,123723460,
308,513244,743,2,1,1,40,477135063,123723002,
309,513244,749,1,1,1,40,477103215,123735743,
310,513244,749,2,1,1,40,477101421,123736794,
311,513244,751,1,1,1,50,477107579,123705572,
312,513244,751,2,1,1,50,477108360,123706301,
313,513244,754,1,1,1,50,477102765,123703731,
314,513244,755,1,1,1,40,477081969,123742362,
315,513244,756,1,1,1,40,477030944,123885328,
316,513244,756,2,1,1,40,477032246,123886260,
317,513244,758,1,1,1,40,477025312,123882409,
318,513244,758,2,1,1,40,477023859,123882050,
319,513244,759,1,1,1,40,477024641,123746249,
320,513244,760,1,1,1,40,477019994,123748810,
321,513244,760,2,1,1,40,477020269,123749146,
322,513244,763,1,1,1,40,476991621,123890263,
323,513244,771,1,1,1,50,477424547,123730498,
324,513244,773,1,1,1,50,477417075,123727637,
325,513244,773,2,1,1,50,477416312,123727933,
326,513244,777,1,1,1,50,477115108,123709099,
327,513244,777,2,1,1,50,477114723,123709442,
328,513244,779,2,2,1,40,477334276,123668940,
329,513244,779,2,2,2,40,477334681,123672581,
330,513244,781,1,1,1,40,477334549,123668078,
331,513244,783,1,1,1,40,477333685,123661632,
332,513244,783,2,1,1,40,477333355,123661739,
333,513244,785,2,1,1,40,477328827,123650866,
334,513244,788,1,1,1,40,477326334,123628750,
335,513244,788,2,1,1,40,477326277,123628093,
336,513244,794,1,1,1,50,477136147,123719344,
337,513244,800,1,1,1,50,477353719,123690381,
338,513244,800,2,1,1,50,477353715,123690963,
339,513244,802,1,1,1,40,477348890,123684260,
340,513244,802,2,1,1,50,477348523,123684406,
341,513244,811,1,1,1,50,477383089,123706855,
342,513244,816,1,1,1,50,477395239,123711990,
343,513244,820,1,1,1,50,477369035,123701860,
344,513244,820,2,1,1,50,477369035,123701860,
345,513244,822,2,1,1,50,477366847,123700908,
346,513244,831,2,1,1,50,477405949,123722552,
347,513244,832,1,1,1,50,477401300,123717151,
348,513244,837,2,1,1,50,477425821,123731752,
349,513244,839,1,1,1,40,477027310,123645295,
350,513244,839,2,2,1,40,477031866,123635012,
351,513244,839,2,2,2,40,477026146,123643547,
352,513244,840,1,1,1,50,477074842,123676333,
353,513244,840,2,1,1,50,477077988,123673233,
354,513244,841,1,1,1,50,477071765,123680778,
355,513244,841,2,2,1,50,477072277,123681145,
356,513244,841,2,2,2,50,477074282,123678410,
357,513244,842,1,1,1,50,477061921,123784608,
358,513244,842,2,1,1,50,477061921,123784608,
359,513244,846,1,1,1,50,477052106,123789545,
360,513244,846,2,1,1,50,477052670,123789752,
361,513244,854,1,1,1,40,477052493,123905342,
362,513244,854,2,1,1,40,477051583,123904211,
363,513244,864,1,1,1,40,477053102,123906070,
364,513244,865,1,1,1,40,477048595,123908169,
365,513244,865,2,1,1,40,477048521,123909556,
366,513244,871,1,1,1,30,477039909,123718085,
367,513244,871,2,1,1,30,477039702,123717909,
368,513244,874,1,1,1,30,477134442,123735504,
369,513244,879,1,1,1,30,477045358,123715245,
370,513244,882,1,1,1,40,477093469,123721904,
371,513244,882,2,1,1,40,477096301,123723724,
372,513244,886,1,1,1,30,477320439,123634679,
373,513244,886,2,1,1,30,477320694,123635162,
374,513244,896,2,1,1,30,477313246,123629575,
375,513244,898,1,1,1,20,477309180,123625805,
376,513244,898,2,1,1,20,477309290,123626478,
377,513244,902,2,1,1,30,477135938,123689369,
378,513244,904,2,1,1,40,477279398,123636242,
379,513244,915,2,1,1,30,477059856,123864221,
380,513244,917,1,1,1,30,477062014,123617023,
381,513244,917,2,1,1,30,477059760,123614607,
382,513244,923,1,1,1,30,477132299,123690246,
383,513244,934,2,1,1,20,477285436,123622335,
384,513244,935,2,1,1,20,477283886,123618168,
385,513244,936,2,1,1,30,477319982,123659844,
386,513244,949,1,2,1,20,477192924,123805945,
387,513244,949,1,2,2,20,477197076,123805575,
388,513244,950,1,1,1,20,477201070,123803793,
389,513244,950,2,1,1,20,477200378,123803755,
390,513244,973,1,1,1,30,477138594,123692384,
391,513244,973,2,1,1,30,477138844,123692235,
392,513244,974,2,1,1,30,477060359,123611366,
393,513244,991,1,1,1,20,477176342,123825818,
394,513244,994,2,1,1,20,477164815,123820352,
395,513244,1004,1,1,1,40,477156866,123715211,
396,513244,1004,2,1,1,40,477155947,123714113,
397,513244,1024,1,1,1,30,476994017,123890380,
398,513244,1066,1,1,1,30,477292044,123850044,
399,513244,1066,2,1,1,30,477292742,123849784,
400,513244,1112,2,1,1,30,477101400,123736815,
401,513244,1152,1,1,1,20,477208240,123799598,
402,513244,1226,1,1,1,30,476994226,123615626,
403,513244,1234,2,1,1,20,477171316,123821631,
404,513244,1235,1,1,1,20,477169344,123821113,
405,513244,1235,2,1,1,20,477167509,123821434,
406,513244,1245,2,1,1,30,477082130,123801012,
407,513244,1266,2,1,1,30,477026465,123808089,
408,513244,1294,2,1,1,30,477083535,123805148,
409,513244,1297,2,1,1,30,476990919,123617887,
410,513244,1311,1,1,1,30,477056685,123615630,
411,513244,1313,1,1,1,30,477057253,123615525,
412,513244,1318,2,1,1,30,477063371,123622542,
413,513244,1319,1,1,1,30,477065340,123627255,
414,513244,1320,1,1,1,30,477064623,123625323,
415,513244,1335,1,1,1,30,477185173,123725698,
416,513244,1340,1,1,1,30,477178430,123737453,
417,513244,1345,1,1,1,30,477181131,123735676,
418,513244,1345,2,1,1,30,477180919,123735488,
419,513244,1350,2,1,1,30,477183419,123732513,
420,513244,1361,2,1,1,20,477207316,123800100,
421,513244,1366,2,1,1,30,477185330,123713600,
422,513244,1393,2,1,1,30,477130398,123691007,
423,513244,1423,1,1,1,30,477126998,123735505,
424,513244,1423,2,1,1,30,477126849,123735713,
425,513244,1424,2,2,1,30,477120093,123733338,
426,513244,1424,2,2,2,30,477123419,123734506,
427,513244,1434,1,1,1,40,477259754,123618644,
428,513244,1437,2,1,1,40,477265151,123631674,
429,513244,1441,2,1,1,20,477292388,123629898,
430,513244,1447,1,1,1,20,477286914,123623833,
431,513244,1448,1,1,1,20,477285289,123617612,
432,513244,1450,2,1,1,20,477303209,123615778,
433,513244,1454,1,1,1,20,477307488,123622344,
434,513244,1454,2,1,1,20,477307522,123622795,
435,513244,1457,1,1,1,20,477296601,123634442,
436,513244,1458,2,1,1,20,477295770,123633884,
437,513244,1460,1,1,1,20,477312417,123628700,
438,513244,1465,1,1,1,20,477305925,123644073,
439,513244,1467,1,1,1,40,477289313,123648261,
440,513244,1474,1,1,1,30,477309823,123650057,
441,513244,1474,2,1,1,20,477308574,123649184,
442,513244,1479,2,1,1,40,477311236,123681439,
443,513244,1480,1,1,1,30,477320137,123660320,
444,513244,1485,1,1,1,40,477330500,123691967,
445,513244,1485,2,1,1,40,477331224,123692020,
446,513244,1487,2,1,1,30,477334884,123674626,
447,513244,1491,1,1,1,30,477329441,123669204,
448,513244,1501,2,1,1,30,477063075,123865984,
449,513244,1509,1,1,1,30,477103807,123741408,
450,513244,1509,2,1,1,30,477103899,123741128,
451,513244,1512,1,1,1,30,477115610,123739367,
452,513244,1516,2,1,1,30,477184617,123722193,
453,513244,1517,1,1,1,30,477184927,123720558,
454,513244,1532,1,1,1,20,477299630,123617577,
455,513244,1534,2,1,1,20,477292277,123617153,
456,513244,1540,1,1,1,20,477288666,123617292,
457,513244,1540,2,1,1,20,477288096,123617080,
458,513244,1544,2,1,1,40,477300930,123660131,
459,513244,1546,1,1,1,20,477301787,123640087,
460,513244,1546,2,1,1,20,477301875,123640420,
461,513244,1551,2,1,1,20,477306271,123620417,
462,513244,1554,1,1,1,30,477316720,123631916,
463,513244,1554,2,1,1,30,477316516,123632046,
464,513244,1597,2,1,1,30,477062047,123618685,
465,513244,1613,1,1,1,30,477100267,123713901,
466,513244,1613,2,1,1,30,477099679,123713299,
467,513244,1618,2,1,1,40,477018056,123837084,
468,513244,1619,1,2,1,50,477051797,123672723,
469,513244,1619,1,2,2,50,477053006,123671023,
470,513244,1619,2,2,1,50,477052792,123672529,
471,513244,1619,2,2,2,50,477054571,123670161,
472,513244,1636,1,1,1,40,477026695,123708618,
473,513244,1637,1,2,1,40,477097379,123715254,
474,513244,1637,1,2,2,40,477093612,123720852,
475,513244,1637,2,2,1,40,477098107,123714866,
476,513244,1637,2,2,2,40,477094443,123720273,
477,513244,1639,2,1,1,30,477015400,123611849,
478,513244,1642,1,1,1,40,477022053,123706393,
479,513244,1642,2,1,1,40,477025678,123707872,
480,513244,1643,1,1,1,40,477037047,123790817,
481,513244,1643,2,1,1,40,477036651,123790875,
482,513244,1646,2,1,1,40,477037061,123773527,
483,513244,1650,2,1,1,30,477289092,123852405,
484,513244,1652,1,1,1,40,477032962,123711542,
485,513244,1658,1,1,1,40,477022813,123772023,
486,513244,1660,2,1,1,40,477022715,123817063,
487,513244,1662,1,1,1,40,477018073,123829356,
488,513244,1662,2,1,1,40,477018395,123829595,
489,513244,1663,2,1,1,40,477007285,123832922,
490,513244,1664,2,1,1,30,477011002,123614743,
491,513244,1665,1,1,1,30,477283476,123617072,
492,513244,1665,2,1,1,30,477283286,123617195,
493,513244,1667,1,1,1,40,477003680,123903582,
494,513244,1667,2,1,1,40,477002776,123904291,
495,513244,1675,1,1,1,40,477050359,123817506,
496,513244,1675,2,1,1,40,477051141,123814851,
497,513244,1685,1,2,1,30,477098839,123739098,
498,513244,1685,1,2,2,30,477098466,123737928,
499,513244,1685,2,2,1,30,477098248,123738590,
500,513244,1685,2,2,2,30,477098897,123740249,
501,513244,1687,1,1,1,40,477173559,123756613,
502,513244,1687,2,1,1,40,477174354,123756586,
503,513244,1700,1,1,1,40,477069370,123813375,
504,513244,1700,2,1,1,40,477069585,123813218,
505,513244,1706,1,1,1,40,477190271,123767915,
506,513244,1706,2,2,1,40,477183643,123763439,
507,513244,1706,2,2,2,40,477191363,123768135,
508,513244,1707,1,1,1,40,477121787,123668813,
509,513244,1707,2,1,1,40,477122570,123669650,
510,513244,1714,1,1,1,40,477115209,123617187,
511,513244,1714,2,1,1,40,477115582,123616736,
512,513244,1716,1,1,1,40,477108689,123623405,
513,513244,1716,2,1,1,40,477108209,123623707,
514,513244,1721,1,1,1,40,477107401,123652474,
515,513244,1721,2,1,1,40,477107143,123652533,
516,513244,1729,1,1,1,30,477018461,123743677,
517,513244,1729,2,1,1,30,477018657,123744044,
518,513244,1730,1,1,1,40,477033008,123769772,
519,513244,1730,2,1,1,40,477033492,123769605,
520,513244,1732,1,1,1,40,477037877,123776153,
521,513244,1735,2,1,1,30,477280944,123615585,
522,513244,1737,1,2,1,30,477019562,123731077,
523,513244,1737,1,2,2,30,477020159,123733841,
524,513244,1738,2,1,1,30,477017724,123729905,
525,513244,1740,1,1,1,40,477122143,123613899,
526,513244,1740,2,1,1,40,477122253,123613598,
527,513244,1742,1,1,1,40,477016954,123702949,
528,513244,1742,2,2,1,40,477017259,123702850,
529,513244,1742,2,2,2,40,477018422,123703835,
530,513244,1746,1,1,1,40,477018591,123810895,
531,513244,1746,2,1,1,40,477018553,123811121,
532,513244,1747,1,1,1,40,477039434,123718620,
533,513244,1747,2,2,1,40,477039253,123717651,
534,513244,1747,2,2,2,40,477038299,123716512,
535,513244,1759,2,1,1,30,477016996,123722230,
536,513244,1760,1,1,1,30,477017073,123719602,
537,513244,1760,2,1,1,30,477016804,123719864,
538,513244,1764,1,1,1,40,477016659,123833527,
539,513244,1771,1,1,1,40,477024944,123792975,
540,513244,1771,2,1,1,40,477024594,123792984,
541,513244,1781,1,1,1,40,477022391,123767676,
542,513244,1781,2,1,1,40,477020825,123766768,
543,513244,1782,1,1,1,40,477019213,123765102,
544,513244,1782,2,1,1,40,477018919,123765208,
545,513244,1786,2,1,1,40,477029026,123765664,
546,513244,1788,1,1,1,40,477073841,123744033,
547,513244,1788,2,1,1,40,477074071,123744105,
548,513244,1791,1,1,1,40,477073873,123738509,
549,513244,1791,2,1,1,40,477074038,123739498,
550,513244,1803,1,1,1,40,477098077,123724355,
551,513244,1803,2,1,1,40,477098077,123724355,
552,513244,1811,1,1,1,40,477111931,123659796,
553,513244,1811,2,1,1,40,477111850,123659991,
554,513244,1819,1,1,1,30,476993146,123740546,
555,513244,1819,2,1,1,30,476992266,123741022,
556,513244,1824,1,1,1,30,477036066,123830095,
557,513244,1828,2,1,1,40,477023042,123771365,
558,513244,1834,1,1,1,30,477017579,123747756,
559,513244,1835,1,1,1,40,477045405,123852495,
560,513244,1835,2,2,1,40,477043424,123850992,
561,513244,1835,2,2,2,40,477045086,123851939,
562,513244,1838,1,1,1,40,477014094,123835421,
563,513244,1842,1,1,1,30,477031746,123825799,
564,513244,1844,1,2,1,40,477053963,123812888,
565,513244,1844,1,2,2,40,477054702,123811047,
566,513244,1844,2,1,1,40,477054541,123810691,
567,513244,1849,2,1,1,40,477023699,123787808,
568,513244,1857,2,1,1,40,477049888,123853774,
569,513244,1858,2,1,1,40,477021415,123838447,
570,513244,1861,2,1,1,40,477046300,123829017,
571,513244,1863,1,1,1,40,477019658,123776783,
572,513244,1869,1,1,1,40,476998299,123753557,
573,513244,1869,2,2,1,40,476996797,123757769,
574,513244,1869,2,2,2,40,476998978,123752661,
575,513244,1873,1,1,1,40,477139632,123672683,
576,513244,1876,1,1,1,40,477115822,123666903,
577,513244,1880,2,1,1,30,477018693,123749570,
578,513244,1891,1,1,1,40,477073792,123731495,
579,513244,1900,2,1,1,30,477286101,123854562,
580,513244,1901,1,1,1,30,477283788,123855621,
581,513244,1901,2,1,1,30,477283706,123855934,
582,513244,1908,2,1,1,40,477143955,123707672,
583,513244,1909,1,1,1,40,477148104,123709147,
584,513244,1909,2,1,1,40,477150031,123709805,
585,513244,1910,1,1,1,40,477141081,123711133,
586,513244,1910,2,1,1,40,477141407,123711317,
587,513244,1911,1,1,1,40,477140285,123705901,
588,513244,1911,2,1,1,40,477140962,123706713,
589,513244,1913,1,1,1,40,477140986,123708774,
590,513244,1913,2,1,1,40,477141492,123708995,
591,513244,1916,2,1,1,40,477024841,123812212,
592,513244,1917,1,1,1,40,477024373,123812404,
593,513244,1918,1,1,1,40,477025570,123800837,
594,513244,1919,1,1,1,40,477025868,123803240,
595,513244,1919,2,1,1,40,477026245,123803042,
596,513244,1929,2,1,1,30,477036938,123830435,
597,513244,1934,1,1,1,40,477048598,123820967,
598,513244,1934,2,1,1,40,477048284,123820731,
599,513244,1936,1,1,1,30,477041576,123832087,
600,513244,1942,1,1,1,40,476997978,123829821,
601,513244,1946,1,1,1,40,477028714,123842053,
602,513244,1956,1,1,1,40,477045709,123843394,
603,513244,1956,2,1,1,40,477045379,123843411,
604,513244,1959,2,1,1,40,477044433,123840050,
605,513244,1960,1,1,1,40,477044711,123838635,
606,513244,1970,1,1,1,40,477045754,123833470,
607,513244,1970,2,1,1,40,477045349,123833533,
608,513244,1979,2,1,1,40,477023152,123811564,
609,513244,1983,1,1,1,40,477051344,123854598,
610,513244,1986,2,1,1,40,477019325,123776305,
611,513244,1990,2,1,1,40,477033817,123845938,
612,513244,1991,1,2,1,40,477034466,123846506,
613,513244,1991,1,2,2,40,477038818,123848440,
614,513244,1991,2,1,1,40,477038868,123848184,
615,513244,1992,1,1,1,40,477020997,123820336,
616,513244,1992,2,1,1,40,477021510,123819958,
617,513244,2005,2,1,1,30,477000017,123617090,
618,513244,2008,1,1,1,30,477009179,123615325,
619,513244,2017,2,1,1,30,477104881,123716533,
620,513244,2022,2,1,1,30,477110663,123718632,
621,513244,2024,1,1,1,40,477110578,123729649,
622,513244,2024,2,1,1,40,477110218,123729733,
623,513244,2026,1,1,1,30,477113125,123726709,
624,513244,2026,2,1,1,30,477113630,123727847,
625,513244,2043,2,1,1,30,477163751,123743355,
626,513244,2049,1,1,1,30,477134659,123704742,
627,513244,2052,1,1,1,40,477139928,123713969,
628,513244,2052,2,1,1,40,477140628,123713726,
629,513244,2055,1,1,1,40,477138514,123716925,
630,513244,2056,2,1,1,40,477138557,123717844,
631,513244,2059,1,1,1,30,477130580,123712584,
632,513244,2059,2,1,1,30,477130178,123712842,
633,513244,2062,1,1,1,30,477127273,123718524,
634,513244,2071,1,1,1,30,477117745,123717558,
635,513244,2075,1,1,1,30,477122595,123717397,
636,513244,2078,1,1,1,30,477112035,123721715,
637,513244,2079,2,1,1,30,477125713,123721822,
638,513244,2080,1,1,1,30,477123468,123725613,
639,513244,2080,2,1,1,30,477123604,123725873,
640,513244,2082,1,1,1,30,477118384,123732490,
641,513244,2082,2,1,1,30,477115920,123731797,
642,513244,2089,1,1,1,40,477182248,123762823,
643,513244,2129,2,1,1,40,477104354,123636671,
644,513244,2130,1,1,1,40,477104087,123635906,
645,513244,2137,1,1,1,30,477276035,123611978,
646,513244,2140,1,1,1,30,477118996,123717291,
647,513244,2145,1,1,1,40,477021827,123649283,
648,513244,2145,2,1,1,40,477021999,123649015,
649,513244,2150,1,1,1,30,477132750,123735261,
650,513244,2152,2,1,1,30,477127906,123735822,
651,513244,2154,2,1,1,30,477126823,123719953,
652,513244,2155,1,1,1,30,477167654,123742069,
653,513244,2155,2,1,1,30,477167273,123742003,
654,513244,2157,1,1,1,30,477171212,123739765,
655,513244,2157,2,1,1,30,477169993,123740141,
656,513244,2196,1,1,1,40,477024677,123790601,
657,513244,2208,1,1,1,50,477060843,123660354,
658,513244,2208,2,1,1,50,477060515,123661913,
659,513244,2211,1,1,1,50,477066353,123655648,
660,513244,2211,2,1,1,50,477066250,123656427,
661,513244,3117,1,1,1,30,477070127,123807639,
662,513244,3117,2,1,1,30,477070127,123807639,
663,513244,3201,1,1,1,40,477137967,123676080,
664,513244,3201,2,1,1,40,477137967,123676086,
665,513244,3499,1,1,1,20,476997905,123901391,
666,513244,3677,1,1,1,30,477102757,123719295,
667,513244,3677,2,1,1,30,477102758,123719614,
668,513244,3689,1,1,1,30,477122610,123720354,
669,513244,4477,2,1,1,30,477062232,123777305,
670,513244,4478,2,1,1,30,477060727,123774026,
671,513244,4519,1,1,1,30,477343499,123622479,
672,513244,4528,1,1,1,30,477076462,123723687,
673,513244,4573,1,1,1,20,477174080,123822413,
674,513244,4574,1,1,1,20,477177074,123820322,
675,513244,4582,1,1,1,30,477045704,123775366,
676,513244,4582,2,1,1,30,477045934,123775156,
677,513244,4616,1,1,1,30,477070335,123812075,
678,513244,4616,2,1,1,30,477070335,123812075,
679,513244,4739,1,1,1,30,477084335,123726723,
680,513244,4744,1,1,1,30,477086703,123729024,
681,513244,4761,2,1,1,30,477111542,123744860,
682,513244,4837,1,1,1,30,477056566,123769869,
683,513244,4838,1,1,1,30,477054634,123767283,
684,513244,4838,2,1,1,30,477054320,123767213,
685,513244,4839,2,1,1,30,477053675,123763948,
686,513244,4841,2,1,1,30,477057568,123773021,
687,513244,4842,1,1,1,30,477050405,123776476,
688,513244,4842,2,1,1,30,477052922,123776712,
689,513244,4843,1,1,1,30,477054114,123777061,
690,513244,4846,2,1,1,30,477061307,123777836,
691,513244,5000,1,1,1,30,477053121,123788389,
692,513244,5000,2,1,1,30,477052789,123788530,
693,513244,5029,2,1,1,20,477096853,123646394,
694,513244,5140,1,2,1,30,477016526,123702237,
695,513244,5140,1,2,2,30,477014557,123700483,
696,513244,5140,2,2,1,30,477016332,123702318,
697,513244,5140,2,2,2,30,477014183,123700402,
698,513244,5155,1,2,1,30,477102956,123739897,
699,513244,5155,1,2,2,30,477106114,123738930,
700,513244,5166,2,1,1,30,477011594,123784867,
701,513244,5172,2,1,1,30,477052874,123753579,
702,513244,5201,1,1,1,30,477070095,123803249,
703,513244,5201,2,1,1,30,477069902,123803080,
704,513244,5339,1,1,1,30,477077307,123725604,
705,513244,5352,1,1,1,30,476993748,123893982,
706,513244,5390,2,1,1,30,477010695,123814771,
707,513244,5711,1,1,1,30,477093434,123731563,
708,513244,5712,1,1,1,30,477098690,123733210,
709,513244,5713,1,1,1,30,477110961,123733046,
710,513244,5713,2,1,1,30,477108918,123733989,
711,513244,6001,1,1,1,30,477047487,123713895,
712,513244,6118,1,1,1,30,477061447,123782086,
713,513244,6118,2,1,1,30,477061544,123783545,
714,513244,6150,2,1,1,30,477054245,123780890,
715,513244,6162,2,1,1,30,477050141,123776162,
716,513244,6166,1,1,1,30,477037998,123772193,
717,513244,6167,1,1,1,30,477040662,123773045,
718,513244,6167,2,1,1,30,477040808,123772844,
719,513244,6168,1,1,1,30,477044068,123773592,
720,513244,6168,2,1,1,30,477044659,123773564,
721,513244,6309,1,1,1,40,477136837,123681510,
722,513244,6309,2,1,1,40,477136224,123681596,
723,513244,6692,1,1,1,30,477011292,123788701,
724,513244,6692,2,1,1,30,477011166,123787894,
725,513244,6704,1,2,1,30,477048075,123710419,
726,513244,6704,1,2,2,30,477043034,123707769,
727,513244,6704,2,1,1,30,477044604,123710244,
728,513244,6705,1,3,1,30,477036799,123703966,
729,513244,6705,1,3,2,30,477035346,123697347,
730,513244,6705,1,3,3,30,477032732,123692688,
731,513244,6705,2,2,1,30,477035533,123703043,
732,513244,6705,2,2,2,30,477034540,123696560,
733,513244,6735,1,1,1,30,477011590,123817278,
734,513244,6747,1,1,1,30,477008454,123800156,
735,513244,6748,1,1,1,30,477009277,123794310,
736,513244,6748,2,1,1,30,477009006,123794241,
737,513244,6782,2,1,1,30,477013318,123789831,
738,513244,6928,1,1,1,30,477011711,123779294,
739,513244,6930,1,1,1,30,477011311,123775565,
740,513244,6961,2,1,1,30,477062773,123627010,
741,513244,6965,1,1,1,30,477051921,123625294,
742,513244,6966,1,1,1,30,477098878,123721719,
743,513244,6966,2,1,1,30,477098869,123721714,
744,513244,6967,1,1,1,30,477116076,123710819,
745,513244,6967,2,1,1,30,477115902,123711586,
746,513244,6970,1,1,1,30,477112789,123716748,
747,513244,7022,2,1,1,40,477169304,123734354,
748,513244,7052,1,1,1,40,477169079,123733802,
749,513244,7073,1,1,1,40,477167042,123722942,
750,513244,7073,2,1,1,40,477166706,123722990,
751,513244,7145,1,1,1,30,477134685,123738045,
752,513244,7145,2,1,1,30,477134729,123738052,
753,513244,7146,2,1,1,30,477139410,123739806,
754,513244,7152,1,1,1,40,477147386,123743560,
755,513244,7152,2,1,1,40,477146573,123743571,
756,513244,7163,1,1,1,30,477111142,123719918,
757,513244,7163,2,1,1,30,477110905,123720737,
758,513244,7169,1,1,1,30,477123281,123739917,
759,513244,7169,2,1,1,30,477123101,123740236,
760,513244,7178,1,1,1,30,477117688,123742416,
761,513244,7178,2,1,1,30,477116909,123742915,
762,513244,7179,1,1,1,30,477125772,123738077,
763,513244,7179,2,1,1,30,477126059,123737928,
764,513244,7185,2,1,1,30,477112371,123717912,
765,513244,7383,1,1,1,30,477110177,123744888,
766,513244,7388,1,1,1,30,477129326,123738436,
767,513244,7411,1,1,1,30,477157514,123744814,
768,513244,7411,2,1,1,30,477157478,123744826,
769,513244,7589,2,1,1,30,477054197,123625753,
770,513244,7611,1,1,1,30,477116632,123719940,
771,513244,7622,1,1,1,40,477016341,123623613,
772,513244,7622,2,1,1,40,477016104,123623767,
773,513244,7628,1,1,1,40,477018454,123629016,
774,513244,7628,2,1,1,40,477017946,123628623,
775,513244,7645,2,1,1,30,477118391,123716691,
776,513244,7668,2,1,1,30,477125435,123692429,
777,513244,7671,2,1,1,30,477109237,123741172,
778,513244,7672,1,2,1,50,477119777,123724627,
779,513244,7672,1,2,2,50,477119711,123725010,
780,513244,7672,2,2,1,50,477119777,123724627,
781,513244,7672,2,2,2,50,477119711,123725010,
782,513244,7673,2,1,1,50,476996680,123727994,
783,513244,7676,2,1,1,30,477020552,123652400,
784,513244,7692,1,2,1,50,476998607,123715524,
785,513244,7692,1,2,2,50,476997879,123715655,
786,513244,7692,2,1,1,50,476998607,123715524,
787,513244,7720,1,1,1,40,477104865,123730699,
788,513244,7730,1,1,1,30,477120676,123736365,
789,513244,7736,1,1,1,50,477090948,123697571,
790,513244,7736,2,1,1,50,477090664,123697754,
791,513244,7739,1,1,1,50,477140039,123721622,
792,513244,7744,1,2,1,40,477104084,123730353,
793,513244,7744,1,2,2,40,477098920,123732126,
794,513244,7746,1,1,1,50,477140380,123721364,
795,513244,7748,1,1,1,40,477099591,123732812,
796,513244,7758,1,1,1,40,477107312,123728155,
797,513244,7762,1,1,1,40,477110572,123724598,
798,513244,7781,1,1,1,50,477125841,123681171,
799,513244,7781,2,1,1,50,477125841,123681171,
800,513244,7790,1,1,1,30,477192043,123803900,
801,513244,7794,2,1,1,20,477270902,123836368,
802,513244,7796,2,1,1,40,477109368,123732000,
803,513244,7803,1,1,1,30,477067235,123723456,
804,513244,7819,1,1,1,30,477090123,123808454,
805,513244,7819,2,1,1,30,477089826,123808708,
806,513244,7821,1,1,1,50,477163788,123732100,
807,513244,7824,1,1,1,40,477146687,123618272,
808,513244,7824,2,1,1,40,477146687,123618272,
809,513244,7834,2,1,1,30,477112689,123722159,
810,513244,7838,1,1,1,30,477055518,123775842,
811,513244,7844,2,1,1,40,476999465,123749385,
812,513244,7861,1,1,1,50,477420345,123847059,
813,513244,7861,2,1,1,50,477420502,123846406,
814,513244,7873,2,1,1,50,477428543,123838603,
815,513244,7905,1,1,1,40,477087378,123816932,
816,513244,7905,2,1,1,40,477089458,123821276,
817,513244,7915,1,1,1,50,477437928,123824905,
818,513244,7915,2,1,1,50,477438299,123824736,
819,513244,7923,1,1,1,30,477295262,123882202,
820,513244,7923,2,1,1,30,477297225,123885674,
821,513244,7927,1,1,1,30,477302730,123889429,
822,513244,7951,1,1,1,40,477020518,123634980,
823,513244,7956,1,2,1,20,476995618,123899079,
824,513244,7956,1,2,2,20,476993724,123897133,
825,513244,7956,2,1,1,20,476993704,123897118,
826,513244,7960,2,1,1,20,476995541,123900060,
827,513244,7962,1,1,1,30,477066919,123794887,
828,513244,7962,2,1,1,30,477066728,123794753,
829,513244,7965,1,1,1,40,477067044,123795422,
830,513244,7965,2,1,1,40,477066790,123795516,
831,513244,7988,1,1,1,30,477017016,123655619,
832,513244,7988,2,1,1,30,477017016,123655619,
833,513244,7996,1,1,1,30,477294738,123878915,
834,513244,7997,2,1,1,50,477435562,123815385,
835,513244,8017,1,1,1,30,477210997,123784971,
836,513244,8038,1,1,1,40,477021450,123646331,
837,513244,8038,2,2,1,40,477021164,123645113,
838,513244,8038,2,2,2,40,477020381,123641052,
839,513244,8039,1,1,1,30,477063172,123621854,
840,513244,8056,1,1,1,40,477035972,123628802,
841,513244,8056,2,1,1,40,477035376,123628595,
842,513244,8097,1,1,1,50,477182711,123755368,
843,513244,8097,2,1,1,50,477182234,123755104,
844,513244,8105,2,1,1,40,477243520,123807444,
845,513244,8114,1,1,1,50,477185113,123750598,
846,513244,8126,2,1,1,20,477205002,123801503,
847,513244,8151,1,1,1,30,477064007,123871634,
848,513244,8170,2,1,1,30,477063394,123873269,
849,513244,8198,1,1,1,30,477125706,123721169,
850,513244,8232,2,1,1,40,477028350,123884184,
851,513244,8236,2,1,1,40,477129383,123616718,
852,513244,8241,1,1,1,40,477129765,123616921,
853,513244,8242,1,1,1,40,477019202,123618949,
854,513244,8293,1,1,1,40,477026064,123842045,
855,513244,8293,2,1,1,40,477026498,123842249,
856,513244,8298,1,1,1,40,477249808,123806592,
857,513244,8298,2,1,1,40,477249886,123806281,
858,513244,8306,1,2,1,40,476994457,123710613,
859,513244,8306,1,2,2,40,476994292,123708944,
860,513244,8306,2,1,1,40,476994031,123708476,
861,513244,8314,2,1,1,40,477031790,123825283,
862,513244,8346,2,1,1,40,477160522,123750432,
863,513244,8360,1,1,1,40,477037630,123800965,
864,513244,8360,2,1,1,40,477038866,123802831,
865,513244,8368,2,1,1,50,477184998,123750075,
866,513244,8421,2,1,1,20,477219686,123806099,
867,513244,8431,1,2,1,40,477011198,123769804,
868,513244,8431,1,2,2,40,477007772,123775118,
869,513244,8431,2,1,1,40,477010203,123770495,
870,513244,8473,2,1,1,30,476995316,123876414,
871,513244,8502,1,1,1,40,477242047,123810409,
872,513244,8519,1,1,1,40,477239156,123812474,
873,513244,8519,2,1,1,40,477239119,123812090,
874,513244,8537,1,1,1,40,477058151,123742076,
875,513244,8537,2,1,1,40,477058328,123741857,
876,513244,8551,1,1,1,50,476994943,123708061,
877,513244,8551,2,1,1,50,476994943,123708061,
878,513244,8570,1,2,1,50,477122539,123712672,
879,513244,8570,1,2,2,50,477131917,123717544,
880,513244,8570,2,2,1,50,477131720,123717765,
881,513244,8570,2,2,2,50,477122550,123713100,
882,513244,8588,1,1,1,30,477122272,123716552,
883,513244,8637,1,1,1,30,477163906,123818146,
884,513244,8640,1,2,1,40,477070382,123723938,
885,513244,8640,1,2,2,40,477064439,123723540,
886,513244,8640,2,1,1,40,477065250,123723955,
887,513244,8645,1,1,1,50,477146984,123724008,
888,513244,8657,1,1,1,30,477146762,123743269,
889,513244,8666,1,1,1,40,477061461,123748461,
890,513244,8666,2,1,1,40,477057282,123748997,
891,513244,8669,1,1,1,40,477328585,123620749,
892,513244,8672,2,1,1,30,477112000,123740330,
893,513244,8681,1,1,1,40,477033269,123633880,
894,513244,8682,2,1,1,30,477054869,123856613,
895,513244,8686,1,1,1,30,477057042,123860625,
896,513244,8686,2,1,1,30,477056751,123860153,
897,513244,8689,1,1,1,40,477015871,123810673,
898,513244,8689,2,1,1,40,477015632,123810878,
899,513244,8691,1,1,1,30,477137469,123741175,
900,513244,8697,1,1,1,30,477019684,123738316,
901,513244,8697,2,1,1,30,477019960,123738318,
902,513244,8701,2,1,1,50,477039408,123621008,
903,513244,8711,1,2,1,30,477017825,123727626,
904,513244,8711,1,2,2,30,477017517,123724982,
905,513244,8711,2,1,1,30,477017310,123725567,
906,513244,8713,2,1,1,30,477004180,123807623,
907,513244,8725,1,1,1,30,477106063,123727500,
908,513244,8725,2,1,1,30,477107434,123726404,
909,513244,8732,1,1,1,30,477215573,123786662,
910,513244,8732,2,1,1,30,477216968,123790041,
911,513244,8740,1,1,1,50,476996395,123726327,
912,513244,8740,2,1,1,50,476996395,123726327,
913,513244,8745,1,1,1,30,477100429,123746471,
914,513244,8750,2,2,1,15,477039007,123759078,
915,513244,8750,2,2,2,15,477040578,123757428,
916,513244,8753,2,1,1,40,477054847,123856307,
917,513244,8766,1,1,1,40,477306020,123673693,
918,513244,8776,1,1,1,30,477203233,123781378,
919,513244,8776,2,1,1,30,477203545,123781345,
920,513244,8778,1,1,1,30,477053719,123752419,
921,513244,8790,1,1,1,40,477170584,123736387,
922,513244,8793,2,1,1,30,476999126,123871761,
923,513244,8812,1,2,1,40,477054827,123735918,
924,513244,8812,1,2,2,40,477056121,123731165,
925,513244,8812,2,1,1,40,477056345,123731327,
926,513244,8816,1,1,1,40,477059456,123726343,
927,513244,8816,2,1,1,40,477061154,123725098,
928,513244,8822,1,1,1,30,477108463,123718000,
929,513244,8841,1,1,1,70,477202158,123761350,
930,513244,8841,2,1,1,70,477202158,123761350,
931,513244,8853,1,2,1,40,477001443,123749152,
932,513244,8853,1,2,2,40,477009355,123750367,
933,513244,8853,2,1,1,40,477011044,123751110,
934,513244,8879,1,1,1,20,477178760,123838440,
935,513244,8879,2,1,1,20,477178566,123838538,
936,513244,8887,1,1,1,50,476994685,123707127,
937,513244,8887,2,1,1,50,476994685,123707127,
938,513244,8899,1,1,1,20,477214401,123802120,
939,513244,8906,1,1,1,20,477180288,123821829,
940,513244,8906,2,1,1,20,477180599,123821895,
941,513244,8912,2,1,1,30,477032543,123693102,
942,513244,8917,1,1,1,20,477182781,123818949,
943,513244,8994,2,1,1,30,477121988,123700359,
944,513244,8997,1,1,1,30,477122253,123699684,
945,513244,9005,1,1,1,40,477092872,123826343,
946,513244,9005,2,1,1,40,477092203,123826431,
947,513244,9007,1,1,1,40,477089256,123828770,
948,513244,9043,1,1,1,40,477331516,123656185,
949,513244,9043,2,1,1,40,477331210,123656323,
950,513244,9051,1,1,1,40,477323132,123637792,
951,513244,9051,2,1,1,40,477323480,123639062,
952,513244,9052,2,1,1,40,477325875,123644615,
953,513244,9081,1,1,1,30,477325957,123666740,
954,513244,9139,1,1,1,40,477068986,123683154,
955,513244,9141,1,1,1,40,477069585,123682335,
956,513244,9144,1,1,1,50,477070822,123684194,
957,513244,9148,1,1,1,50,477071968,123683747,
958,513244,9165,2,1,1,30,477057691,123626178,
959,513244,9177,2,1,1,20,477084438,123638574,
960,513244,9190,1,1,1,50,477091821,123659848,
961,513244,9202,1,1,1,30,477107670,123741716,
962,513244,9208,1,2,1,40,477107494,123708145,
963,513244,9208,1,2,2,40,477103561,123713784,
964,513244,9208,2,1,1,40,477106177,123710715,
965,513244,9217,1,1,1,40,477104735,123630309,
966,513244,9217,2,1,1,40,477104647,123629892,
967,513244,9263,1,1,1,40,476991696,123765532,
968,513244,9263,2,1,1,40,476992221,123765522,
969,513244,9292,1,1,1,40,477046859,123824811,
970,513244,9292,2,1,1,40,477046574,123824812,
971,513244,9298,1,1,1,40,477031457,123868913,
972,513244,9298,2,1,1,40,477030718,123868707,
973,513244,9317,1,1,1,30,477035659,123804224,
974,513244,9320,2,1,1,30,477036185,123804382,
975,513244,9362,1,1,1,70,477309867,123834098,
976,513244,9362,2,1,1,70,477309171,123834156,
977,513244,9401,2,1,1,50,477063041,123644701,
978,513244,9411,1,1,1,50,477434293,123639763,
979,513244,9411,2,1,1,50,477433548,123639793,
980,513244,9413,1,1,1,30,476998255,123655118,
981,513244,9435,1,2,1,40,477086657,123690771,
982,513244,9435,1,2,2,40,477081139,123689536,
983,513244,9438,2,1,1,50,477123364,123698357,
984,513244,9439,1,1,1,40,477104622,123704956,
985,513244,9449,2,1,1,40,477101134,123718024,
986,513244,9452,1,2,1,40,477121690,123711405,
987,513244,9452,1,2,2,40,477120447,123717923,
988,513244,9453,1,1,1,40,477132405,123716773,
989,513244,9457,1,1,1,40,477127612,123717136,
990,513244,9458,1,1,1,40,477153102,123712232,
991,513244,9470,2,1,1,40,477083598,123742288,
992,513244,9484,1,1,1,40,477065102,123747129,
993,513244,9484,2,1,1,40,477065831,123746738,
994,513244,9519,1,1,1,40,477272479,123807582,
995,513244,9553,1,1,1,50,477298242,123851451,
996,513244,9553,2,1,1,50,477298242,123851451,
997,513244,9581,2,1,1,40,477137436,123619675,
998,513244,9605,1,1,1,50,477084055,123660837,
999,513244,9605,2,1,1,50,477084704,123661009,
1000,513244,9627,1,1,1,50,477081369,123690272,
1001,513244,9630,1,1,1,50,477123310,123697299,
1002,513244,9632,1,1,1,30,477136865,123700520,
1003,513244,9632,2,1,1,30,477136674,123700237,
1004,513244,9642,1,1,1,40,477101262,123717144,
1005,513244,9650,1,1,1,40,477153102,123712232,
1006,513244,9650,2,1,1,40,477152847,123711678,
1007,513244,9662,1,1,1,40,477074113,123729451,
1008,513244,9662,2,2,1,40,477073784,123729606,
1009,513244,9662,2,2,2,40,477073540,123725268,
1010,513244,9671,1,1,1,40,477183400,123744321,
1011,513244,9719,1,1,1,30,477171730,123817074,
1012,513244,9727,2,1,1,70,477269418,123805310,
1013,513244,9740,2,1,1,20,477260208,123828808,
1014,513244,9747,2,1,1,50,477296197,123847638,
1015,513244,9753,1,1,1,40,477011836,123862914,
1016,513244,9753,2,1,1,40,477011927,123863518,
1017,513244,9771,1,1,1,40,476991292,123902090,
1018,513244,9771,2,1,1,40,476991415,123901277,
1019,513244,9783,1,1,1,40,477136070,123620632,
1020,513244,9815,2,1,1,20,477089554,123698039,
1021,513244,9818,1,1,1,50,477124679,123689176,
1022,513244,9818,2,1,1,50,477124136,123688878,
1023,513244,9819,1,1,1,40,477137925,123699486,
1024,513244,9819,2,1,1,40,477138488,123699779,
1025,513244,9827,1,1,1,40,477100874,123710234,
1026,513244,9827,2,1,1,40,477101477,123709967,
1027,513244,9846,1,1,1,30,477103036,123723746,
1028,513244,9846,2,1,1,30,477103021,123723738,
1029,513244,9860,1,1,1,50,477182249,123744422,
1030,513244,9903,1,1,1,40,477020285,123860246,
1031,513244,9911,1,1,1,70,477333533,123862787,
1032,513244,9911,2,1,1,70,477332763,123863086,
1033,513244,9912,1,1,1,40,477330767,123857234,
1034,513244,9937,1,1,1,40,477129223,123677395,
1035,513244,9937,2,1,1,40,477129294,123676563,
1036,513244,9941,1,1,1,50,477103025,123702499,
1037,513244,9952,1,1,1,30,477113150,123720711,
1038,513244,9963,1,1,1,30,477103563,123726528,
1039,513244,9978,1,1,1,30,477067802,123776191,
1040,513244,9979,2,1,1,40,477206346,123781012,
1041,513244,9983,1,2,1,70,477229901,123782947,
1042,513244,9983,1,2,2,70,477229361,123781837,
1043,513244,9983,2,1,1,70,477229901,123782947,
1044,513244,9994,1,1,1,40,477255993,123800926,
1045,513244,10009,1,1,1,50,477295958,123846942,
1046,513244,10013,1,1,1,40,477328783,123855810,
1047,513244,10027,1,1,1,50,477054599,123629355,
1048,513244,10027,2,1,1,50,477054599,123629355,
1049,513244,10034,1,1,1,40,477104549,123643606,
1050,513244,10034,2,1,1,40,477103937,123643314,
1051,513244,10057,1,1,1,30,477100514,123722487,
1052,513244,10057,2,1,1,30,477100804,123722474,
1053,513244,10086,1,1,1,30,477067217,123778998,
1054,513244,10108,1,1,1,20,477256541,123827200,
1055,513244,10118,1,1,1,40,477318050,123842144,
1056,513244,10118,2,1,1,40,477318396,123842521,
1057,513244,10147,1,1,1,40,477097402,123722831,
1058,513244,10147,2,1,1,40,477097650,123723133,
1059,513244,10173,1,1,1,40,477256411,123800270,
1060,513244,10183,1,1,1,30,477295723,123847209,
1061,513244,10183,2,1,1,30,477295918,123847601,
1062,513244,10188,2,1,1,40,477010325,123871186,
1063,513244,10212,1,1,1,30,477120683,123712528,
1064,513244,10215,1,1,1,30,477103563,123726528,
1065,513244,10221,2,1,1,40,477016471,123755378,
1066,513244,10252,2,1,1,40,477010325,123871186,
1067,513244,10261,1,1,1,70,477358457,123896223,
1068,513244,10282,2,1,1,40,477016471,123755378,
1069,513244,10292,1,1,1,40,477013122,123805283,
1070,513244,10293,1,1,1,40,477069635,123804677,
1071,513244,10293,2,1,1,40,477069399,123804966,
1072,513244,10296,1,1,1,40,477273451,123807889,
1073,513244,10306,1,1,1,40,477046247,123848636,
1074,513244,10306,2,1,1,40,477045921,123848302,
1075,513244,10321,1,1,1,40,477115736,123665342,
1076,513244,10329,1,2,1,40,477115059,123720567,
1077,513244,10329,1,2,2,40,477123596,123717187,
1078,513244,10331,1,1,1,50,477119915,123721599,
1079,513244,10331,2,1,1,50,477119915,123721599,
1080,513244,10369,1,1,1,40,477120024,123668323,
1081,513244,10370,1,1,1,50,477375474,123651720,
1082,513244,10370,2,1,1,50,477375748,123651677,
1083,513244,10375,1,1,1,30,477113548,123722118,
1084,513244,10390,2,1,1,40,477012865,123808456,
1085,513244,10408,1,1,1,40,477361612,123899707,
1086,513244,10412,1,1,1,40,477126420,123671967,
1087,513244,10412,2,1,1,40,477125441,123671562,
1088,513244,10455,1,1,1,30,477012212,123770288,
1089,513244,10455,2,1,1,30,477012084,123770128,
1090,513244,10473,1,1,1,50,477171508,123735694,
1091,513244,10481,1,1,1,40,477255828,123802927,
1092,513244,10481,2,1,1,40,477256103,123803415,
1093,513244,10496,1,1,1,30,477109214,123732359,
1094,513244,10496,2,1,1,30,477109953,123732278,
1095,513244,10499,2,1,1,40,477005818,123777882,
1096,513244,10502,1,1,1,50,477005237,123843727,
1097,513244,10523,1,1,1,40,477268229,123806291,
1098,513244,10529,2,1,1,20,477109631,123667940,
1099,513244,10546,2,1,1,40,477000316,123871749,
1100,513244,10574,1,1,1,40,477134690,123690335,
1101,513244,10574,2,1,1,40,477135050,123690081,
1102,513244,10613,2,1,1,40,477013692,123843350,
1103,513244,10614,2,1,1,40,477011635,123849264,
1104,513244,10615,2,1,1,40,477137529,123697065,
1105,513244,10632,1,1,1,15,477038593,123754611,
1106,513244,10649,1,1,1,40,477260553,123804165,
1107,513244,10649,2,1,1,40,477260383,123804335,
1108,513244,10650,1,1,1,40,477002583,123831041,
1109,513244,10650,2,1,1,40,476998463,123829432,
1110,513244,10665,1,1,1,50,477009878,123848090,
1111,513244,10752,2,1,1,30,476990962,123731980,
1112,513244,10758,1,1,1,30,476992257,123746879,
1113,513244,10758,2,1,1,30,476992136,123746548,
