,meshcode,zuflg,tnodeno,snodeno,slinkno,susno,stype,ichikeido,ichiido,signx,signy,geometry
0,513244,0,116,5330,3900,1,0,477134579,123732856,477134543,123732858,
1,513244,0,122,1340,5397,1,0,477038780,123728555,477038672,123728632,
2,513244,0,129,4043,1198,1,0,477229887,123803517,477229885,123803492,
3,513244,0,130,7174,8586,1,0,477226166,123799550,477226171,123799523,
4,513244,0,134,7152,8500,1,0,477258766,123824784,477258786,123824775,
5,513244,0,150,3518,6247,1,0,477059155,123637302,477059212,123637333,
6,513244,0,155,1373,5396,1,0,477037185,123729755,477036898,123729737,
7,513244,0,159,4068,1200,1,0,477220888,123790651,477221077,123790556,
8,513244,0,162,4971,6999,1,0,477208617,123775086,477208922,123775132,
9,513244,0,171,1633,997,1,0,477266743,123828149,477266851,123828128,
10,513244,0,178,904,4528,1,0,477067700,123722624,477067807,123722670,
11,513244,0,181,3620,6328,1,0,477124150,123678231,477124096,123678240,
12,513244,0,183,3619,6325,1,0,477119242,123672064,477119252,123672065,
13,513244,0,183,3619,6325,2,0,477119242,123672064,477119075,123671775,
14,513244,0,194,7149,8536,1,0,477033947,123901938,477033953,123901960,
15,513244,0,195,3709,6381,1,0,477035788,123903672,477035820,123903659,
16,513244,0,197,7246,8877,1,0,477036034,123884107,477036001,123884577,
17,513244,0,208,5949,7358,1,0,477350561,123625343,477350151,123625248,
18,513244,0,208,5958,7363,1,0,477350766,123625010,477350861,123625009,
19,513244,0,209,5953,7360,1,0,477341890,123622076,477341887,123622076,
20,513244,0,220,3715,6383,1,0,477036075,123882974,477036056,123882977,
21,513244,0,227,5975,9409,1,0,477372773,123645142,477372722,123645179,
22,513244,0,227,7858,9602,1,0,477373427,123644575,477373427,123644554,
23,513244,0,231,1259,5896,1,0,477138836,123650568,477138814,123650517,
24,513244,0,241,247,1610,1,0,477090035,123685796,477089831,123685604,
25,513244,0,241,247,1610,2,0,477090035,123685796,477090576,123685843,
26,513244,0,243,246,1609,1,0,477060013,123654932,477060115,123654812,
27,513244,0,244,245,1608,1,0,477050932,123650500,477051066,123650152,
28,513244,0,249,248,1611,1,0,477065412,123673630,477065331,123673815,
29,513244,0,249,255,1634,1,0,477065453,123672963,477065513,123672793,
30,513244,0,254,255,1612,1,0,477058131,123665398,477058285,123665492,
31,513244,0,255,254,1612,1,0,477067212,123670398,477067057,123670222,
32,513244,0,258,946,1693,1,0,477040621,123717257,477040543,123717157,
33,513244,0,258,953,4786,1,0,477041153,123717591,477041325,123717817,
34,513244,0,264,265,874,1,0,477139938,123736356,477139914,123736294,
35,513244,0,275,1063,4588,1,0,477037019,123792016,477037246,123792027,
36,513244,0,275,7717,9707,1,0,477036569,123792449,477036574,123792213,
37,513244,0,277,3321,3129,1,0,477025443,123795949,477025587,123795988,
38,513244,0,279,4524,2402,1,0,477071542,123816482,477071472,123816529,
39,513244,0,281,7388,8959,1,0,477026016,123800348,477025853,123800186,
40,513244,0,286,287,1617,1,0,477016893,123814847,477016915,123814808,
41,513244,0,287,1111,4606,1,0,477017711,123813814,477017975,123813835,
42,513244,0,290,1498,5461,1,0,477018365,123837678,477018472,123837588,
43,513244,0,292,4424,539,1,0,477026014,123844244,477025995,123844264,
44,513244,0,302,255,1635,1,0,477069747,123667598,477069666,123667728,
45,513244,0,309,949,979,1,0,477045407,123714924,477044825,123714157,
46,513244,0,309,947,5342,1,0,477045898,123715091,477045969,123715257,
47,513244,0,313,2113,1042,1,0,476995052,123733089,476995551,123733272,
48,513244,0,323,5876,1487,1,0,477335058,123674937,477335056,123674956,
49,513244,0,324,6275,7465,1,0,477333462,123662771,477333460,123662773,
50,513244,0,324,6281,7472,1,0,477333912,123662606,477333873,123662606,
51,513244,0,326,2334,2791,1,0,477023356,123787249,477023240,123787215,
52,513244,0,328,3278,3109,1,0,477037060,123798183,477037081,123798096,
53,513244,0,328,1128,4613,1,0,477036733,123798883,477036511,123798904,
54,513244,0,331,1246,4884,1,0,477023846,123814847,477024198,123814905,
55,513244,0,340,5701,7283,1,0,477284253,123617542,477284223,123617568,
56,513244,0,350,1155,4629,1,0,477065774,123817282,477065702,123817184,
57,513244,0,356,3299,6117,1,0,477062013,123784417,477061978,123784402,
58,513244,0,364,1545,986,1,0,477439406,123739800,477439386,123739791,
59,513244,0,366,6324,7505,1,0,477362587,123698902,477362593,123698950,
60,513244,0,367,5847,7326,1,0,477319636,123634441,477319583,123634479,
61,513244,0,373,1347,1695,1,0,477027409,123707025,477027833,123707237,
62,513244,0,373,1358,4787,1,0,477026837,123706958,477026679,123706873,
63,513244,0,374,6236,7451,1,0,477328595,123623243,477328577,123623083,
64,513244,0,374,7842,9786,1,0,477329004,123623343,477328597,123623083,
65,513244,0,375,1062,4587,1,0,477038246,123795083,477038240,123795140,
66,513244,0,376,1436,4871,1,0,477036651,123789983,477036496,123789722,
67,513244,0,378,1437,4856,1,0,477036774,123787117,477036466,123787032,
68,513244,0,380,1064,8805,1,0,477037919,123775651,477038318,123775595,
69,513244,0,381,3350,6166,1,0,477037265,123772118,477037468,123772229,
70,513244,0,390,1498,5460,1,0,477020655,123838611,477021106,123838659,
71,513244,0,391,1494,4935,1,0,477025033,123840411,477025050,123840380,
72,513244,0,392,1507,5372,1,0,477024091,123851410,477023829,123850897,
73,513244,0,392,1507,5372,2,0,477024091,123851410,477024099,123851634,
74,513244,0,394,1397,4822,1,0,477291653,123850182,477291624,123850168,
75,513244,0,395,1396,4997,1,0,477290303,123851148,477290600,123851355,
76,513244,0,396,2029,5260,1,0,477289076,123852048,477289066,123851808,
77,513244,0,408,76,3037,1,0,476993539,123738588,476993396,123738484,
78,513244,0,409,8065,10215,1,0,477103124,123726724,477103086,123726719,
79,513244,0,411,6491,1495,1,0,477326836,123646840,477327243,123646707,
80,513244,0,414,1089,4599,1,0,477023111,123785450,477023082,123785399,
81,513244,0,415,1089,1773,1,0,477021476,123781784,477021367,123781759,
82,513244,0,416,1457,5338,1,0,477020412,123780784,477020360,123780809,
83,513244,0,419,1450,4873,1,0,477022785,123771551,477022710,123771501,
84,513244,0,420,1897,5162,1,0,477026507,123768818,477026710,123769005,
85,513244,0,425,3225,6069,1,0,477053299,123815047,477053604,123814829,
86,513244,0,425,3234,6076,1,0,477053135,123815314,477053259,123815298,
87,513244,0,433,3229,6072,1,0,477024951,123819013,477024882,123818956,
88,513244,0,440,5702,7284,1,0,477281881,123615909,477281970,123615995,
89,513244,0,441,1534,4974,1,0,476999136,123910937,476999172,123910939,
90,513244,0,441,1233,5345,1,0,476998400,123910771,476998361,123910811,
91,513244,0,442,1533,4976,1,0,477001918,123906604,477001922,123906611,
92,513244,0,442,1536,5346,1,0,477001100,123906471,477001073,123906453,
93,513244,0,448,4239,3451,1,0,477018650,123879707,477018404,123879786,
94,513244,0,448,1202,4647,1,0,477018732,123879407,477018936,123879529,
95,513244,0,451,1956,5219,1,0,477068270,123816015,477068242,123816029,
96,513244,0,453,1483,4921,1,0,477063730,123812482,477063842,123812710,
97,513244,0,454,3287,6104,1,0,477056203,123811682,477056052,123812022,
98,513244,0,456,3290,1124,1,0,477054240,123806015,477054358,123806049,
99,513244,0,457,1313,454,1,0,477119895,123733290,477119775,123732907,
100,513244,0,457,5418,583,1,0,477119854,123732923,477119930,123732806,
101,513244,0,458,1121,4611,1,0,477059353,123786350,477059513,123786365,
102,513244,0,458,1120,4895,1,0,477059026,123786584,477059033,123786582,
103,513244,0,468,3521,6249,1,0,477371627,123703502,477371552,123703568,
104,513244,0,469,6381,1568,1,0,477364632,123699402,477364701,123699407,
105,513244,0,471,6325,7506,1,0,477357024,123696135,477356974,123696155,
106,513244,0,472,7631,9947,1,0,477348434,123684436,477348460,123684437,
107,513244,0,475,5759,7310,1,0,477312805,123629275,477312699,123629467,
108,513244,0,486,3222,3075,1,0,477058330,123817581,477058234,123817619,
109,513244,0,486,3224,6067,1,0,477058330,123817281,477058357,123817189,
110,513244,0,488,5473,1401,1,0,477293290,123849148,477292579,123848779,
111,513244,0,491,4882,3673,1,0,477051507,123622369,477051506,123622347,
112,513244,0,497,498,902,1,0,477136994,123689129,477137366,123688906,
113,513244,0,497,498,902,2,0,477136994,123689129,477136978,123688848,
114,513244,0,498,3588,6304,1,0,477134417,123689596,477134421,123689604,
115,513244,0,499,605,1225,1,0,477174953,123739590,477174996,123739620,
116,513244,0,504,5189,903,1,0,477184483,123741423,477184161,123741095,
117,513244,0,507,841,4702,1,0,477295297,123618175,477295285,123618265,
118,513244,0,509,8030,9795,1,0,477295993,123633841,477295991,123633833,
119,513244,0,513,7462,9059,1,0,477310964,123650706,477310933,123650706,
120,513244,0,524,5043,1338,1,0,477179371,123747355,477179479,123747371,
121,513244,0,524,5080,1349,1,0,477179207,123747722,477179234,123747725,
122,513244,0,526,525,906,1,0,477149673,123747188,477149558,123747140,
123,513244,0,530,972,4551,1,0,477020208,123734722,477020212,123734695,
124,513244,0,534,3810,6412,1,0,477026590,123738788,477026631,123738777,
125,513244,0,545,1014,4569,1,0,477217902,123805516,477217892,123805554,
126,513244,0,545,4034,6545,1,0,477217984,123805249,477217958,123805245,
127,513244,0,549,4374,1240,1,0,477020289,123763486,477020294,123763494,
128,513244,0,550,2342,1776,1,0,477022294,123765452,477022211,123765506,
129,513244,0,552,1462,5159,1,0,477024830,123759619,477024588,123759589,
130,513244,0,563,4770,1295,1,0,477040413,123831645,477040425,123831621,
131,513244,0,588,783,4486,1,0,477124682,123664365,477124958,123664453,
132,513244,0,589,3589,6305,1,0,477136217,123681597,477136181,123681570,
133,513244,0,591,793,4490,1,0,477138385,123692362,477138345,123692465,
134,513244,0,593,5233,1372,1,0,477144602,123705394,477144573,123705433,
135,513244,0,595,5276,8357,1,0,477157814,123716059,477157436,123715977,
136,513244,0,599,800,990,1,0,477149387,123733390,477149457,123732850,
137,513244,0,600,806,4689,1,0,477155073,123734123,477155084,123734156,
138,513244,0,600,5315,7132,1,0,477154786,123733890,477154711,123733749,
139,513244,0,601,600,927,1,0,477157855,123734390,477157647,123734363,
140,513244,0,601,602,928,1,0,477158141,123734223,477158228,123734203,
141,513244,0,605,499,1225,1,0,477177121,123743122,477177069,123743126,
142,513244,0,607,806,4494,1,0,477157445,123737423,477157364,123737350,
143,513244,0,607,6926,4690,1,0,477157773,123737323,477157737,123737302,
144,513244,0,609,6146,7419,1,0,477184524,123724092,477184935,123724120,
145,513244,0,616,3450,6227,1,0,477291494,123629074,477291459,123629120,
146,513244,0,617,842,4502,1,0,477286012,123623174,477285964,123623192,
147,513244,0,621,5870,1485,1,0,477331540,123692368,477331308,123692272,
148,513244,0,622,6267,7463,1,0,477316200,123655672,477316082,123655715,
149,513244,0,624,7480,9085,1,0,477326427,123666805,477326411,123666794,
150,513244,0,625,852,4509,1,0,477327041,123667505,477327135,123667282,
151,513244,0,630,3069,5976,1,0,477074163,123730956,477074218,123730941,
152,513244,0,632,1315,585,1,0,477121653,123744855,477121479,123744721,
153,513244,0,634,5436,3936,1,0,477108073,123748021,477108028,123748009,
154,513244,0,634,1317,9201,1,0,477107705,123747821,477107718,123747658,
155,513244,0,646,6083,7405,1,0,477149019,123747121,477148993,123747144,
156,513244,0,647,6099,7414,1,0,477165381,123755053,477165351,123755041,
157,513244,0,656,1333,4769,1,0,477078702,123752921,477078711,123752969,
158,513244,0,656,939,5661,1,0,477078989,123752921,477078994,123753310,
159,513244,0,657,1033,5665,1,0,477079848,123752088,477079814,123752038,
160,513244,0,665,664,944,1,0,477018409,123729655,477018406,123729477,
161,513244,0,666,3856,6448,1,0,477046878,123748820,477046884,123748465,
162,513244,0,666,8414,10668,1,0,477047246,123749353,477046954,123749310,
163,513244,0,667,4218,3432,1,0,477044546,123755420,477044239,123755471,
164,513244,0,671,3531,6258,1,0,477220070,123795250,477220092,123795232,
165,513244,0,671,3531,6258,2,0,477220070,123795250,477219982,123795595,
166,513244,0,674,2475,5547,1,0,477291489,123871080,477291246,123870816,
167,513244,0,679,1252,4669,1,0,477282450,123854547,477282465,123854521,
168,513244,0,685,686,949,1,0,477192664,123805848,477192648,123805850,
169,513244,0,685,2721,5626,1,0,477192664,123806015,477192454,123806132,
170,513244,0,687,1017,4571,1,0,477203259,123802416,477203251,123802425,
171,513244,0,698,1431,4846,1,0,477061767,123778118,477061967,123778138,
172,513244,0,698,1432,4847,1,0,477062626,123778051,477062565,123778022,
173,513244,0,701,706,4479,1,0,477060090,123773285,477059989,123773425,
174,513244,0,708,4397,6716,1,0,477024421,123766785,477024577,123766770,
175,513244,0,709,2345,5482,1,0,477024707,123767451,477024794,123767302,
176,513244,0,710,421,1787,1,0,477024912,123767385,477024807,123767529,
177,513244,0,722,721,7962,1,0,477070847,123803016,477070856,123802870,
178,513244,0,723,7964,10233,1,0,477073956,123799149,477073866,123799256,
179,513244,0,726,1947,5202,1,0,477079642,123800816,477079551,123800891,
180,513244,0,729,695,1294,1,0,477083814,123801049,477083765,123801120,
181,513244,0,738,4441,6777,1,0,477030023,123833612,477030235,123833763,
182,513244,0,739,3230,8760,1,0,477029982,123832612,477029875,123832596,
183,513244,0,740,3522,1151,1,0,477032109,123826713,477032071,123826667,
184,513244,0,746,7384,8948,1,0,477035260,123807548,477035244,123807550,
185,513244,0,749,1172,3081,1,0,477008793,123831679,477008368,123831605,
186,513244,0,754,1561,2700,1,0,476994760,123892738,476994981,123892713,
187,513244,0,756,1563,2699,1,0,476996805,123894972,476997196,123894934,
188,513244,0,756,6829,7952,1,0,476997092,123895705,476996832,123895713,
189,513244,0,757,1229,4661,1,0,476997828,123896105,476998019,123896075,
190,513244,0,762,5591,7235,1,0,477139653,123693596,477139603,123693531,
191,513244,0,763,793,5943,1,0,477138630,123694429,477138738,123694220,
192,513244,0,771,5228,7081,1,0,477131839,123709459,477131799,123709148,
193,513244,0,771,1865,7187,1,0,477132289,123709493,477132526,123709795,
194,513244,0,772,5229,2046,1,0,477135521,123703260,477135574,123703306,
195,513244,0,772,5228,3847,1,0,477135030,123703194,477135100,123703062,
196,513244,0,792,3589,6306,1,1,477131677,123682763,477131741,123682911,
197,513244,0,792,3601,6317,1,0,477131513,123683030,477131483,123682999,
198,513244,0,797,5476,7199,1,1,477145010,123718458,477144887,123718548,
199,513244,0,798,5293,1380,1,0,477140511,123723158,477140536,123723163,
200,513244,0,798,3513,6243,1,0,477140511,123722892,477140622,123722985,
201,513244,0,800,799,4491,1,0,477150083,123730057,477150054,123730003,
202,513244,0,800,799,4491,2,0,477150083,123730057,477149616,123730088,
203,513244,0,800,5309,7127,1,0,477149633,123730124,477149616,123730088,
204,513244,0,815,819,4693,1,0,477161494,123743755,477161506,123743768,
205,513244,0,815,5181,7046,1,0,477161863,123744089,477161703,123743693,
206,513244,0,906,907,4530,1,0,477079317,123724791,477078881,123725100,
207,513244,0,906,1302,4996,1,0,477079399,123725124,477079291,123725162,
208,513244,0,908,907,4531,1,0,477077640,123722057,477077614,123722245,
209,513244,0,910,1308,6706,1,0,477077313,123727256,477077494,123727364,
210,513244,0,912,7668,9962,1,0,477092079,123735956,477092119,123735898,
211,513244,0,913,914,4533,1,0,477085902,123737755,477085874,123737722,
212,513244,0,914,3509,6239,1,0,477089052,123734156,477089023,123734155,
213,513244,0,916,1299,4999,1,0,477089584,123728956,477089526,123728990,
214,513244,0,916,915,9194,1,0,477089502,123728690,477089073,123728937,
215,513244,0,917,3957,6481,1,0,477079808,123734390,477079782,123734354,
216,513244,0,918,3968,9197,1,0,477083162,123730590,477083407,123730317,
217,513244,0,919,1300,5709,1,0,477086189,123727691,477086137,123727689,
218,513244,0,922,1301,4759,1,0,477082753,123726391,477082630,123726432,
219,513244,0,922,3961,6486,1,0,477082590,123726057,477082313,123726349,
220,513244,0,923,1874,5290,1,0,477099647,123740855,477099819,123740788,
221,513244,0,946,258,1693,1,0,477038289,123713791,477038378,123713938,
222,513244,0,946,1357,1694,1,0,477037799,123713524,477037752,123713096,
223,513244,0,949,260,5145,1,0,477042707,123711358,477042674,123711376,
224,513244,0,949,1854,5147,1,0,477042994,123710958,477043017,123710925,
225,513244,0,958,369,1679,1,0,477039394,123713157,477039502,123713255,
226,513244,0,958,1360,1696,1,0,477038944,123712924,477039019,123712637,
227,513244,0,969,968,1680,1,0,477016692,123702326,477016699,123702299,
228,513244,0,973,974,4552,1,0,477037144,123733922,477037047,123733862,
229,513244,0,978,3819,6421,1,0,477025812,123742588,477025844,123742592,
230,513244,0,978,4213,6626,1,0,477025607,123742554,477025524,123742528,
231,513244,0,980,3831,6435,1,0,477035425,123743688,477035196,123744172,
232,513244,0,1022,1023,4573,1,0,477173683,123822481,477174032,123822584,
233,513244,0,1030,7183,8562,1,0,477177938,123838346,477177989,123838118,
234,513244,0,1032,1031,1682,1,0,477125416,123777451,477125455,123777466,
235,513244,0,1050,3314,6133,1,0,477053177,123787417,477053155,123787242,
236,513244,0,1051,1940,5194,1,0,477053136,123784850,477053599,123784779,
237,513244,0,1057,1056,4584,1,0,477067822,123774318,477067376,123774091,
238,513244,0,1058,1059,4585,1,0,477058209,123771751,477058415,123771786,
239,513244,0,1062,4394,6711,1,0,477039351,123793916,477039387,123793716,
240,513244,0,1063,4702,3631,1,0,477039351,123791383,477039149,123791421,
241,513244,0,1063,275,4588,1,0,477039105,123791649,477039044,123791656,
242,513244,0,1069,1440,4859,1,0,477050436,123776218,477050407,123776208,
243,513244,0,1083,1076,4597,1,0,477047492,123765486,477047288,123765646,
244,513244,0,1087,3328,6143,1,0,477031946,123792749,477032269,123792789,
245,513244,0,1091,4484,6820,1,0,477016445,123766018,477016578,123766116,
246,513244,0,1095,1096,4601,1,0,477016280,123789616,477016313,123789821,
247,513244,0,1109,1084,4883,1,0,477017956,123805148,477017961,123805057,
248,513244,0,1110,4474,6808,1,0,477019388,123805282,477019327,123805062,
249,513244,0,1124,4556,3526,1,0,477041804,123799083,477041800,123799314,
250,513244,0,1124,3280,6099,1,0,477042050,123799283,477042115,123799385,
251,513244,0,1126,573,4896,1,0,477049250,123796583,477049312,123796567,
252,513244,0,1126,3423,6210,1,0,477048923,123796883,477048707,123796939,
253,513244,0,1128,4429,543,1,0,477035260,123799083,477035273,123799120,
254,513244,0,1130,1131,4615,1,0,477066675,123811882,477066754,123811957,
255,513244,0,1132,1133,4616,1,0,477069701,123811848,477069961,123811855,
256,513244,0,1150,1151,4626,1,0,477060702,123819947,477060612,123819955,
257,513244,0,1154,1151,4628,1,0,477057716,123820347,477057790,123820292,
258,513244,0,1169,1170,4636,1,0,477000653,123825345,477000669,123825380,
259,513244,0,1189,1631,5377,1,0,477032886,123848478,477032692,123848664,
260,513244,0,1190,4676,6925,1,0,477040331,123853810,477040318,123853800,
261,513244,0,1201,2170,2702,1,0,476995987,123883873,476995901,123883985,
262,513244,0,1202,2192,5366,1,0,477021350,123876241,477021347,123876193,
263,513244,0,1202,3757,6398,1,0,477020736,123876341,477020543,123876234,
264,513244,0,1206,1521,5360,1,0,477039471,123886040,477039498,123886047,
265,513244,0,1208,1209,4651,1,0,477039062,123883774,477039219,123883814,
266,513244,0,1213,1217,5361,1,0,477044256,123885574,477044255,123885548,
267,513244,0,1214,1213,7208,1,0,477040943,123881241,477040936,123881232,
268,513244,0,1215,1523,4963,1,0,477043234,123878175,477043235,123878188,
269,513244,0,1215,7604,9279,1,0,477043316,123878841,477043305,123878858,
270,513244,0,1217,1522,2711,1,0,477044583,123883240,477044662,123883279,
271,513244,0,1217,7610,9273,1,0,477044297,123883374,477044187,123883307,
272,513244,0,1226,3723,1877,1,0,477037547,123894573,477037528,123894598,
273,513244,0,1226,6937,8195,1,0,477037997,123894406,477038272,123894629,
274,513244,0,1227,3716,6385,1,0,477037916,123890674,477037904,123890674,
275,513244,0,1229,757,4661,1,0,477000324,123891406,477000106,123891669,
276,513244,0,1243,2225,2742,1,0,477010880,123814980,477010695,123814784,
277,513244,0,1298,1249,4757,1,0,477092039,123730823,477092093,123730783,
278,513244,0,1298,3509,6240,1,0,477091998,123731123,477092420,123730785,
279,513244,0,1299,916,4999,1,0,477088602,123729523,477088760,123729447,
280,513244,0,1299,3967,6491,1,0,477088643,123729856,477089073,123729543,
281,513244,0,1300,919,5709,1,0,477085289,123728256,477085411,123728178,
282,513244,0,1300,3968,6492,1,0,477085207,123728523,477085659,123728275,
283,513244,0,1301,922,4759,1,0,477081813,123726991,477081954,123726905,
284,513244,0,1301,1308,9196,1,0,477081813,123727257,477081762,123727231,
285,513244,0,1302,910,2807,1,0,477078458,123725991,477078835,123725687,
286,513244,0,1302,906,4996,1,0,477078376,123725691,477078535,123725622,
287,513244,0,1304,912,4756,1,0,477088930,123739555,477088912,123739535,
288,513244,0,1304,1620,5693,1,0,477088848,123739789,477088728,123739701,
289,513244,0,1306,3972,6498,1,0,477092365,123741789,477092333,123741690,
290,513244,0,1308,3966,6490,1,0,477080135,123729156,477080092,123729190,
291,513244,0,1308,1301,9196,1,0,477080053,123728890,477080282,123728876,
292,513244,0,1309,3967,9195,1,0,477086148,123732390,477086235,123732274,
293,513244,0,1311,1309,4758,1,0,477082916,123736056,477083062,123736157,
294,513244,0,1312,3958,6482,1,0,477076863,123732556,477076813,123732554,
295,513244,0,1313,457,454,1,0,477118586,123735356,477118582,123735349,
296,513244,0,1313,5424,584,1,0,477118586,123735856,477118602,123735873,
297,513244,0,1315,5439,7178,1,0,477118831,123742255,477118562,123742338,
298,513244,0,1315,6067,7404,1,0,477118954,123741922,477118960,123741873,
299,513244,0,1322,4219,6634,1,0,477084225,123746121,477083682,123746604,
300,513244,0,1334,1040,4770,1,0,477078212,123750121,477078194,123749908,
301,513244,0,1334,1335,4771,1,0,477077966,123749854,477078194,123749887,
302,513244,0,1338,2363,5505,1,0,477041888,123744021,477041854,123744015,
303,513244,0,1339,7589,8926,1,0,477044424,123748420,477044377,123748393,
304,513244,0,1344,1343,5405,1,0,477034936,123715124,477034961,123715177,
305,513244,0,1346,944,4776,1,0,477031458,123712324,477031174,123712168,
306,513244,0,1346,1345,5520,1,0,477032113,123712424,477032470,123712549,
307,513244,0,1347,373,1695,1,0,477033177,123709958,477033089,123709693,
308,513244,0,1347,1357,1752,1,0,477033668,123709858,477033662,123709929,
309,513244,0,1348,372,1697,1,0,477033872,123709092,477033840,123708778,
310,513244,0,1348,1360,1753,1,0,477034322,123708958,477034561,123709131,
311,513244,0,1369,664,4800,1,0,477018082,123728155,477018104,123728131,
312,513244,0,1369,3896,6452,1,0,477017919,123728022,477017903,123728022,
313,513244,0,1370,2274,5437,1,0,477021191,123720523,477021252,123720366,
314,513244,0,1372,2250,2754,1,0,477026549,123738321,477026534,123738342,
315,513244,0,1392,2470,2838,1,0,477284495,123852315,477284718,123852164,
316,513244,0,1393,4271,6655,1,0,477284495,123849482,477284316,123849608,
317,513244,0,1394,1395,4820,1,0,477285968,123848515,477285620,123848698,
318,513244,0,1394,2469,5564,1,0,477285804,123848882,477285739,123848914,
319,513244,0,1396,395,4997,1,0,477287195,123848082,477287306,123848199,
320,513244,0,1397,394,4822,1,0,477288299,123847415,477288397,123847505,
321,513244,0,1398,2495,5563,1,0,477284413,123846948,477284099,123846856,
322,513244,0,1403,4034,6546,1,0,477221093,123803350,477220859,123803458,
323,513244,0,1404,1606,994,1,0,477164725,123819914,477164747,123819886,
324,513244,0,1408,1407,184,1,0,477183911,123816881,477183874,123816940,
325,513244,0,1408,1409,4827,1,0,477184237,123816981,477183893,123816948,
326,513244,0,1410,4091,6566,1,0,477175606,123815714,477175685,123815939,
327,513244,0,1419,3993,6519,1,0,477062954,123752887,477062922,123753006,
328,513244,0,1421,1432,5674,1,0,477066472,123779618,477066484,123779619,
329,513244,0,1423,1429,4841,1,0,477058535,123772485,477058722,123772274,
330,513244,0,1424,3339,7845,1,0,477057554,123771385,477057463,123771416,
331,513244,0,1426,1441,4860,1,0,477054814,123768119,477054707,123768175,
332,513244,0,1428,1941,5196,1,0,477053341,123783650,477053497,123783690,
333,513244,0,1430,1071,4843,1,0,477054814,123777151,477054891,123777177,
334,513244,0,1430,1054,4844,1,0,477055550,123777051,477055344,123777025,
335,513244,0,1439,7404,8981,1,0,477054568,123779585,477054548,123779619,
336,513244,0,1440,1069,4859,1,0,477051050,123775218,477050967,123775364,
337,513244,0,1440,3349,6165,1,0,477051009,123775018,477051056,123774888,
338,513244,0,1442,1930,5185,1,0,477046183,123773785,477046448,123773660,
339,513244,0,1443,1074,4864,1,0,477047205,123764452,477047332,123764488,
340,513244,0,1450,1453,4875,1,0,477021435,123770151,477021529,123770165,
341,513244,0,1451,2351,5487,1,0,477019021,123768085,477019273,123767858,
342,513244,0,1455,3432,6217,1,0,477010553,123791783,477010552,123791778,
343,513244,0,1459,2336,5478,1,0,477020656,123790449,477020734,123790678,
344,513244,0,1460,2334,2792,1,0,477022211,123790449,477022262,123790416,
345,513244,0,1460,7956,9982,1,0,477022538,123790749,477022584,123790536,
346,513244,0,1461,2333,2790,1,0,477019635,123790616,477019706,123790666,
347,513244,0,1465,1103,5392,1,0,476998568,123805681,476998685,123805840,
348,513244,0,1467,7553,9252,1,0,476993782,123807614,476993967,123807720,
349,513244,0,1489,4537,1265,1,0,477011125,123823545,477011106,123823622,
350,513244,0,1491,4651,6921,1,0,477019020,123829379,477019102,123829433,
351,513244,0,1509,2204,2729,1,0,477039308,123851043,477039320,123851043,
352,513244,0,1510,4675,3561,1,0,477041763,123857143,477041685,123857139,
353,513244,0,1518,2193,2716,1,0,477023395,123873308,477023414,123873323,
354,513244,0,1519,7396,8970,1,0,477038775,123881241,477038918,123881234,
355,513244,0,1521,1209,5358,1,0,477040412,123886107,477040413,123886094,
356,513244,0,1522,1217,2711,1,0,477045688,123883474,477045924,123883435,
357,513244,0,1544,3330,6147,1,0,477032151,123789649,477032438,123789656,
358,513244,0,1547,6660,7650,1,0,476991330,123732155,476991381,123732281,
359,513244,0,1547,8487,10752,1,0,476991043,123732122,476990962,123731980,
360,513244,0,1550,1551,4990,1,0,477126687,123674131,477126713,123674101,
361,513244,0,1556,3606,1159,1,0,477129099,123671199,477129084,123671205,
362,513244,0,1561,754,2700,1,0,476995742,123889706,476995457,123889798,
363,513244,0,1561,2170,2701,1,0,476995415,123889273,476995470,123889063,
364,513244,0,1562,566,5001,1,0,476997255,123890273,476997139,123890325,
365,513244,0,1563,756,2699,1,0,476998646,123890873,476998588,123891149,
366,513244,0,1575,5285,7118,1,0,477136338,123720592,477136311,123720437,
367,513244,0,1576,4881,6965,1,0,477051260,123624936,477051641,123625022,
368,513244,0,1579,3360,493,1,0,477016404,123756219,477016493,123756221,
369,513244,0,1588,6830,7959,1,0,477206368,123782918,477206329,123782915,
370,513244,0,1603,7341,8906,1,0,477180802,123822281,477180769,123822245,
371,513244,0,1610,776,1375,1,0,477149756,123722692,477150037,123722388,
372,513244,0,1618,1310,5708,1,0,477095433,123738189,477095323,123738130,
373,513244,0,1619,1310,2968,1,0,477094451,123738489,477094524,123738357,
374,513244,0,1620,1304,5693,1,0,477088193,123740355,477088503,123739982,
375,513244,0,1620,3970,6495,1,0,477087948,123740989,477087680,123741124,
376,513244,0,1629,1371,2766,1,0,477017387,123722790,477017423,123722759,
377,513244,0,1673,1672,5018,1,0,477087869,123655700,477087838,123655449,
378,513244,0,1675,2889,5880,1,0,477088155,123652566,477087936,123652577,
379,513244,0,1687,1686,5025,1,0,477094455,123647567,477094432,123647581,
380,513244,0,1691,1694,5029,1,0,477096459,123646001,477096268,123645898,
381,513244,0,1691,1713,5043,1,0,477096050,123646001,477096088,123645817,
382,513244,0,1693,1692,5028,1,0,477100059,123641802,477100102,123641803,
383,513244,0,1693,2154,5333,1,0,477099732,123641835,477099665,123641770,
384,513244,0,1696,1694,5032,1,0,477097523,123645001,477097658,123645117,
385,513244,0,1707,1708,5037,1,0,477089874,123643634,477089859,123643626,
386,513244,0,1708,2882,5859,1,0,477086397,123644034,477086302,123643745,
387,513244,0,1709,2860,5813,1,0,477085211,123639935,477085200,123639936,
388,513244,0,1709,2885,5866,1,0,477084925,123640168,477084881,123640170,
389,513244,0,1711,1710,5041,1,0,477089424,123640902,477089448,123640898,
390,513244,0,1711,3685,6365,1,0,477089833,123640735,477089965,123640688,
391,513244,0,1714,2154,5332,1,0,477100591,123640602,477100441,123640535,
392,513244,0,1714,2869,5838,1,0,477100877,123640602,477100966,123640652,
393,513244,0,1716,2859,5808,1,0,477088934,123636935,477088950,123636940,
394,513244,0,1717,1715,5811,1,0,477089056,123638302,477089077,123638260,
395,513244,0,1849,1366,5141,1,0,477012766,123700659,477012781,123700623,
396,513244,0,1849,3918,6462,1,0,477012398,123700893,477012379,123700960,
397,513244,0,1868,1870,5153,1,0,477146892,123719958,477146850,123719922,
398,513244,0,1869,5578,7229,1,0,477154583,123713526,477154565,123713519,
399,513244,0,1871,5275,7108,1,0,477155932,123722692,477156115,123722685,
400,513244,0,1900,1901,5479,1,0,477013907,123789749,477013954,123789575,
401,513244,0,1909,2358,5499,1,0,477052318,123756287,477052305,123756282,
402,513244,0,1917,1622,5688,1,0,477067822,123748454,477067653,123748458,
403,513244,0,1922,3991,6517,1,0,477069785,123764386,477069604,123764421,
404,513244,0,1932,2122,5313,1,0,477054977,123778385,477055048,123778399,
405,513244,0,1934,1939,5669,1,0,477061726,123779418,477061633,123779395,
406,513244,0,1934,2796,5678,1,0,477062094,123779351,477062237,123779374,
407,513244,0,1953,3292,3117,1,0,477069783,123807482,477069778,123807477,
408,513244,0,1953,1952,5213,1,0,477069292,123807648,477069192,123807642,
409,513244,0,1964,1966,5224,1,0,476998363,123829844,476998402,123829842,
410,513244,0,1964,4668,6924,1,0,476997790,123829344,476997759,123829323,
411,513244,0,1977,4466,6799,1,0,477047858,123838479,477047846,123838490,
412,513244,0,1978,1512,5230,1,0,477044503,123837679,477044272,123837645,
413,513244,0,1978,4467,6801,1,0,477045076,123837812,477045274,123837869,
414,513244,0,1985,2169,5352,1,0,476995455,123894538,476995267,123894486,
415,513244,0,2001,2000,5240,1,0,477061561,123849211,477061532,123849231,
416,513244,0,2001,2002,5241,1,0,477061888,123849378,477061936,123849519,
417,513244,0,2002,2001,5241,1,0,477063647,123854078,477064180,123854395,
418,513244,0,2003,2006,5244,1,0,477065611,123850611,477065570,123850554,
419,513244,0,2014,7426,9012,1,0,477056038,123850911,477055926,123850915,
420,513244,0,2023,2646,1801,1,0,477195201,123776218,477195251,123776081,
421,513244,0,2024,2646,1802,1,0,477197819,123772319,477197798,123772342,
422,513244,0,2025,2644,5608,1,0,477202604,123775818,477202521,123776037,
423,513244,0,2029,2030,5544,1,0,477288421,123851515,477288601,123851305,
424,513244,0,2030,2470,2837,1,0,477287194,123851948,477287069,123851807,
425,513244,0,2053,6357,7527,1,0,477397520,123713402,477397494,123713465,
426,513244,0,2068,5940,4172,1,0,477325527,123630209,477325686,123630300,
427,513244,0,2068,4310,5277,1,0,477324995,123630175,477325004,123630178,
428,513244,0,2081,7614,9256,1,0,477065285,123752887,477065290,123752871,
429,513244,0,2101,2857,5802,1,0,477088729,123635635,477088720,123635629,
430,513244,0,2117,3010,3024,1,0,477292103,123843583,477292074,123843550,
431,513244,0,2135,2070,1015,1,0,477288384,123626108,477288384,123626184,
432,513244,0,2165,3534,3181,1,0,477002900,123894405,477002896,123894412,
433,513244,0,2185,1523,2712,1,0,477045320,123880441,477045437,123880424,
434,513244,0,2219,2217,2739,1,0,476994476,123847876,476994700,123847646,
435,513244,0,2236,2330,2216,1,0,476997340,123808347,476997622,123808240,
436,513244,0,2237,1465,2747,1,0,476999181,123806814,476999151,123806727,
437,513244,0,2238,7069,8456,1,0,477000163,123798315,477000154,123798317,
438,513244,0,2261,3891,6451,1,0,477037839,123727523,477037792,123727559,
439,513244,0,2265,371,5418,1,0,477035999,123706292,477035821,123706643,
440,513244,0,2265,4352,6702,1,0,477036163,123705692,477036102,123705708,
441,513244,0,2273,3893,3306,1,0,477017223,123721356,477017227,123721359,
442,513244,0,2311,2310,2780,1,0,477009038,123830912,477009038,123830885,
443,513244,0,2318,2321,2786,1,0,477009938,123827945,477009943,123827920,
444,513244,0,2324,4479,3505,1,0,477013293,123822246,477013167,123822363,
445,513244,0,2329,3077,5982,1,0,477000122,123807447,477000166,123807507,
446,513244,0,2330,71,1770,1,0,476994436,123809381,476994370,123809445,
447,513244,0,2366,2369,1789,1,0,477074081,123741722,477073840,123741645,
448,513244,0,2367,2369,2804,1,0,477077190,123743755,477077075,123743673,
449,513244,0,2367,6691,7701,1,0,477077966,123744089,477077967,123744064,
450,513244,0,2368,2369,1790,1,0,477076331,123744022,477076316,123743955,
451,513244,0,2443,6739,7787,1,0,477289403,123846615,477289577,123846399,
452,513244,0,2470,1392,2838,1,0,477286336,123851282,477286589,123851069,
453,513244,0,2495,1398,5563,1,0,477282777,123847448,477282912,123847393,
454,513244,0,2501,1006,5578,1,0,477282736,123842948,477282844,123842846,
455,513244,0,2502,2501,5579,1,0,477282368,123842516,477282199,123842256,
456,513244,0,2556,2571,2237,1,0,477271897,123830416,477271916,123830405,
457,513244,0,2570,2572,2874,1,0,477269933,123829549,477269920,123829540,
458,513244,0,2802,3970,6494,1,0,477085821,123743655,477085482,123744066,
459,513244,0,2835,3674,3235,1,0,477139163,123643568,477139130,123643596,
460,513244,0,2839,2840,2978,1,0,477141699,123636169,477141690,123636212,
461,513244,0,2855,2856,5800,1,0,477088197,123633136,477088114,123633099,
462,513244,0,2860,1709,5813,1,0,477089261,123639602,477088923,123639485,
463,513244,0,2889,2890,5873,1,0,477084516,123651933,477084530,123651768,
464,513244,0,2896,2148,5884,1,0,477098914,123657766,477098894,123657825,
465,513244,0,2925,3673,3233,1,0,477138509,123646335,477138456,123646263,
466,513244,0,2928,2929,7590,1,0,477141413,123655367,477141446,123655343,
467,513244,0,2936,2948,3003,1,0,477131186,123670065,477131349,123670112,
468,513244,0,2952,2951,2285,1,0,477139776,123666033,477139484,123666160,
469,513244,0,2952,2955,3007,1,0,477140021,123665733,477140382,123665590,
470,513244,0,2953,2954,2286,1,0,477140103,123669199,477140431,123669191,
471,513244,0,2953,5582,4014,1,0,477140430,123669065,477140444,123669190,
472,513244,0,2999,2990,5941,1,0,477137648,123693029,477137689,123693218,
473,513244,0,3061,4304,6667,1,0,476994152,123736188,476994593,123736402,
474,513244,0,3071,3791,1171,1,0,477023685,123751953,477023696,123751951,
475,513244,0,3077,2329,5982,1,0,477000899,123808547,477000797,123808463,
476,513244,0,3078,4491,6826,1,0,477006789,123805947,477006786,123805983,
477,513244,0,3109,2371,2805,1,0,477080748,123742622,477080775,123742529,
478,513244,0,3190,2007,6055,1,0,477067000,123850178,477067163,123850567,
479,513244,0,3192,2078,6059,1,0,477062992,123848778,477062980,123848730,
480,513244,0,3193,3194,3061,1,0,477034399,123848444,477034393,123848451,
481,513244,0,3199,4606,6895,1,0,477024010,123839444,477023967,123839402,
482,513244,0,3201,1161,4633,1,0,477025564,123846078,477025705,123846105,
483,513244,0,3223,3224,3076,1,0,477062339,123817947,477062220,123817891,
484,513244,0,3226,3227,1840,1,0,477067124,123816848,477067060,123816743,
485,513244,0,3226,3228,1841,1,0,477067533,123817115,477067592,123817139,
486,513244,0,3232,4662,1287,1,0,477033704,123827513,477033689,123827515,
487,513244,0,3233,3234,3078,1,0,477051008,123819781,477051049,123819631,
488,513244,0,3250,3251,3090,1,0,477025360,123811847,477025351,123811837,
489,513244,0,3255,1167,3093,1,0,477032233,123810514,477032012,123810500,
490,513244,0,3255,1961,6093,1,0,477032437,123810414,477032210,123810369,
491,513244,0,3262,3265,3099,1,0,477043032,123810815,477042861,123810976,
492,513244,0,3276,3277,3108,1,0,477045282,123806448,477045272,123806504,
493,513244,0,3278,3282,3110,1,0,477039227,123799783,477039290,123799841,
494,513244,0,3323,4571,3532,1,0,477034033,123798416,477033892,123798449,
495,513244,0,3324,4572,1981,1,0,477036978,123797349,477037047,123797279,
496,513244,0,3340,3341,3140,1,0,477053750,123781784,477053775,123781795,
497,513244,0,3350,3352,3144,1,0,477039924,123771685,477040117,123771705,
498,513244,0,3351,3352,3145,1,0,477042501,123773118,477042546,123773381,
499,513244,0,3407,3406,6195,1,0,477021801,123838478,477021767,123838484,
500,513244,0,3484,5446,7181,1,0,477109300,123723924,477109188,123724083,
501,513244,0,3510,688,1149,1,0,477090974,123750088,477091018,123750111,
502,513244,0,3510,1413,6241,1,0,477090811,123749654,477090793,123749515,
503,513244,0,3525,2670,6252,1,0,477174665,123836280,477174685,123836292,
504,513244,0,3584,4238,3447,1,0,477029121,123902538,477029129,123902595,
505,513244,0,3593,2959,6308,1,0,477140348,123673199,477140143,123672899,
506,513244,0,3715,6946,8201,1,0,477038162,123883040,477038160,123882880,
507,513244,0,3730,3731,3254,1,0,477030594,123877141,477030495,123877253,
508,513244,0,3788,343,6407,1,0,476995827,123811680,476995813,123811646,
509,513244,0,3792,5508,2532,1,0,477023889,123750220,477023882,123750248,
510,513244,0,3858,8077,9975,1,0,477054733,123748688,477054721,123748681,
511,513244,0,3960,920,6484,1,0,477086271,123727157,477086089,123727237,
512,513244,0,4068,159,1200,1,0,477222607,123790085,477222569,123790121,
513,513244,0,4068,4073,1201,1,0,477222770,123789785,477222770,123789769,
514,513244,0,4187,765,208,1,0,477221826,123897308,477221800,123897315,
515,513244,0,4222,4223,1217,1,0,477135522,123652167,477135431,123652138,
516,513244,0,4301,29,3495,1,0,477150454,123612239,477150376,123612598,
517,513244,0,4308,875,4519,1,0,477343730,123622411,477343729,123622415,
518,513244,0,4308,5955,7361,1,0,477343526,123621944,477343531,123621880,
519,513244,0,4312,6273,7464,1,0,477307773,123645607,477307866,123645607,
520,513244,0,4326,7365,8927,1,0,477151842,123710794,477151918,123710693,
521,513244,0,4327,1866,1229,1,0,477141657,123710493,477141748,123710271,
522,513244,0,4385,4722,3585,1,0,477031004,123830679,477031023,123830790,
523,513244,0,4584,4583,544,1,0,477019718,123756152,477019687,123756167,
524,513244,0,4734,690,7819,1,0,477090032,123808948,477090009,123808909,
525,513244,0,4817,4818,3653,1,0,477019601,123616170,477019627,123616150,
526,513244,0,4822,33,2480,1,0,477055556,123614605,477055514,123614837,
527,513244,0,4825,4822,1308,1,0,477056579,123615304,477056519,123615273,
528,513244,0,4919,6636,7623,1,0,477114782,123722991,477114750,123722960,
529,513244,0,4922,4924,3689,1,0,477125498,123721492,477125477,123721332,
530,513244,0,4924,4921,7596,1,0,477121449,123719925,477121441,123719937,
531,513244,0,4925,6977,3690,1,0,477122227,123719192,477122242,123719186,
532,513244,0,4925,6977,3690,2,0,477122227,123719192,477122854,123719461,
533,513244,0,4957,7533,9257,1,0,477207472,123719460,477207587,123719509,
534,513244,0,4960,5054,3763,1,0,477190211,123728892,477190288,123728969,
535,513244,0,4974,4978,3715,1,0,477196632,123766619,477196769,123766689,
536,513244,0,4979,7951,10088,1,0,477197573,123778185,477198047,123778100,
537,513244,0,4981,3136,3717,1,0,477207554,123782985,477207561,123782997,
538,513244,0,5189,5047,2492,1,0,477186120,123743522,477186220,123743458,
539,513244,0,5234,5235,3852,1,0,477134989,123704360,477134947,123704319,
540,513244,0,5292,5290,3878,1,0,477135725,123722325,477135727,123722302,
541,513244,0,5330,116,3900,1,0,477128935,123732123,477129106,123732276,
542,513244,0,5378,4896,2017,1,0,477104965,123716425,477104881,123716533,
543,513244,0,5445,5446,7182,1,0,477109096,123724357,477109092,123724364,
544,513244,0,5499,5500,3970,1,0,477017428,123723723,477017656,123723712,
545,513244,0,5530,6439,4363,1,0,477435439,123738433,477435422,123738404,
546,513244,0,5695,6206,4297,1,0,477287075,123623908,477287089,123623897,
547,513244,0,5791,5793,4091,1,0,477298897,123636673,477298908,123636635,
548,513244,0,5851,5859,4125,1,0,477323686,123664838,477323474,123664838,
549,513244,0,6000,7869,9609,1,0,477105499,123662599,477105472,123662580,
550,513244,0,6011,7649,9648,1,0,477133885,123718858,477133868,123718876,
551,513244,0,6047,6515,4422,1,0,477127094,123719525,477127114,123719525,
552,513244,0,6361,6363,4389,1,1,477394124,123711535,477393927,123711200,
553,513244,0,6671,4668,7690,1,0,476996522,123827145,476996551,123827090,
554,513244,0,6683,2814,5712,1,0,477098747,123733190,477098697,123733189,
555,513244,0,6825,2026,5257,1,0,477204281,123781651,477204139,123781291,
556,513244,0,6900,4816,1303,1,0,477018169,123615004,477018351,123615052,
557,513244,0,7171,6706,8574,1,0,477004744,123819713,477004770,123819663,
558,513244,0,7216,1105,8693,1,0,476993946,123801681,476993944,123801641,
559,513244,0,7216,1105,8693,2,0,476993946,123801681,476993741,123801324,
560,513244,0,7726,3294,9878,1,0,477071051,123803383,477070859,123803496,
561,513244,0,7787,8121,10015,1,0,477011083,123866841,477011152,123866849,
562,513244,0,7952,2026,10165,1,0,477203995,123777385,477203841,123777401,
563,513244,0,8238,2229,10623,1,0,477002413,123812580,477002538,123812668,
564,513244,0,8253,8194,10118,1,0,477317997,123842183,477318046,123842139,
565,513244,0,8423,6713,7754,1,0,476993863,123815613,476993902,123815637,
566,513244,0,8423,7218,8638,1,0,476993781,123814813,476993857,123815138,
