,meshcode,recordid,areano,elcode,citycode,ooazacd,koazacd,gaikuno,level,attrnmno,objectid,robjectid,geometry
0,513244,1,1,22F300,,,,,0,0,4-32-11-5-1838925,,"POLYGON ((477003069 123777450, 477003069 123777484, 477003273 123777550, 477003314 123777484, 477004172 123777650, 477004131 123777750, 477004377 123777784, 477004377 123777717, 477005481 123777950, 477005522 123777750, 477005481 123777750, 477005522 123777584, 477005604 123777584, 477005686 123777417, 477005604 123777417, 477005727 123776917, 477005808 123776950, 477005849 123776817, 477005808 123776817, 477005849 123776684, 477005890 123776717, 477005972 123776484, 477005931 123776450, 477005972 123776317, 477006054 123776350, 477006095 123776184, 477006013 123776184, 477006054 123776117, 477004254 123775750, 477004213 123775917, 477003969 123775884, 477004009 123775784, 477003519 123775684, 477003519 123775750, 477003069 123775684, 477003109 123775417, 477002905 123775350, 477002782 123775750, 477002741 123775750, 477002291 123777250, 477003069 123777450))"
1,513244,1,2,22F300,,,,,0,0,4-32-11-5-1838930,,"POLYGON ((477007773 123755519, 477005114 123755119, 477004091 123760052, 477005482 123760286, 477005523 123760119, 477005646 123759719, 477006791 123759919, 477007773 123755519))"
2,513244,1,3,22F300,,,,,0,0,4-32-11-5-1838935,,"POLYGON ((477007323 123758852, 477006996 123760186, 477006914 123760186, 477006832 123760619, 477006873 123760686, 477007037 123760719, 477007159 123760519, 477007487 123760586, 477007446 123760752, 477007732 123760819, 477007937 123760686, 477008878 123760819, 477008837 123760919, 477009368 123761019, 477009368 123760952, 477011208 123761219, 477011658 123761286, 477011618 123761386, 477012149 123761486, 477012149 123761386, 477012313 123761419, 477013295 123756819, 477013049 123756752, 477014072 123752187, 477014113 123751620, 477013540 123751520, 477013540 123751653, 477013868 123751720, 477013786 123752120, 477012028 123751853, 477012109 123751420, 477012191 123751420, 477012804 123751453, 477012804 123751420, 477009491 123750920, 477009491 123751053, 477011087 123751287, 477011005 123751687, 477009369 123751420, 477008959 123753253, 477008837 123753253, 477008509 123754387, 477008346 123755186, 477008223 123755152, 477008059 123755852, 477008100 123755886, 477008019 123756252, 477007896 123756252, 477007323 123758852))"
3,513244,1,4,22F300,,,,,0,0,4-32-11-5-1838940,,"POLYGON ((477014932 123737121, 477013787 123736954, 477013787 123736888, 477013050 123736754, 477013009 123736854, 477012355 123736721, 477012273 123737021, 477012437 123737054, 477012069 123739088, 477011905 123739054, 477011619 123739921, 477011414 123739888, 477011332 123740221, 477011578 123740288, 477011455 123740654, 477011250 123740621, 477011169 123740954, 477011414 123740988, 477011332 123741354, 477011087 123741321, 477010964 123741821, 477011209 123741854, 477010800 123742088, 477010269 123741988, 477010187 123742388, 477010841 123742488, 477010882 123742188, 477011169 123742054, 477011373 123742054, 477011291 123742588, 477011087 123742554, 477010555 123744854, 477010432 123744888, 477010391 123745021, 477010309 123744988, 477010269 123745321, 477010391 123745354, 477010269 123745853, 477010146 123745820, 477010105 123746120, 477010228 123746153, 477010146 123746653, 477010269 123746687, 477010228 123746820, 477010105 123746787, 477010064 123747053, 477010269 123747087, 477010187 123747520, 477009778 123747587, 477009614 123748387, 477009450 123749753, 477009409 123749987, 477009614 123750253, 477010269 123750453, 477010678 123750520, 477011578 123750653, 477011905 123750687, 477012028 123750720, 477014932 123737121))"
4,513244,1,5,22F300,,,,,0,0,4-32-11-5-1838945,,"POLYGON ((477007855 123745887, 477007691 123745853, 477007487 123746853, 477007609 123746887, 477007528 123747320, 477007609 123747320, 477007528 123747787, 477007364 123747753, 477007323 123748053, 477007200 123748020, 477007159 123748320, 477007241 123748353, 477007200 123748587, 477007323 123748587, 477007200 123749220, 477007323 123749220, 477007323 123749353, 477007650 123749387, 477007609 123749553, 477008019 123749620, 477008100 123749353, 477008673 123749453, 477008714 123749053, 477008714 123748820, 477008796 123748820, 477008796 123748553, 477009000 123748553, 477009205 123747420, 477009082 123747420, 477009082 123747353, 477009164 123747120, 477009328 123747153, 477009491 123746253, 477009328 123746220, 477009369 123746087, 477009450 123745920, 477007896 123745720, 477007855 123745887))"
5,513244,1,6,22F300,,,,,0,0,4-32-11-5-1838950,,"POLYGON ((477004991 123767618, 477004950 123767651, 477004869 123767818, 477004909 123767851, 477004869 123767918, 477005032 123767985, 477004991 123768151, 477004869 123768118, 477004828 123768251, 477004869 123768285, 477004828 123768418, 477004705 123768385, 477004214 123769685, 477004419 123769751, 477004296 123770085, 477004746 123770218, 477004746 123770285, 477004950 123770318, 477004950 123770285, 477005278 123770351, 477005278 123770418, 477005646 123770518, 477005687 123770451, 477008058 123771085, 477008140 123770918, 477008468 123770985, 477009286 123768785, 477007199 123768218, 477007240 123768085, 477007077 123768018, 477007036 123768118, 477005605 123767751, 477005605 123767718, 477005278 123767618, 477005278 123767585, 477005073 123767518, 477005032 123767618, 477004991 123767618))"
6,513244,1,7,22F300,,,,,0,0,4-32-11-5-1838955,,"POLYGON ((477008631 123764818, 477008590 123764951, 477008631 123764985, 477008590 123765118, 477008468 123765085, 477008427 123765151, 477008345 123765118, 477008304 123765251, 477008345 123765285, 477008099 123765885, 477010104 123766418, 477010349 123766485, 477010554 123765951, 477010349 123765918, 477011045 123764119, 477010595 123763986, 477011045 123762786, 477010554 123762652, 477010513 123762752, 477010431 123762719, 477010349 123762852, 477010840 123762986, 477010799 123763052, 477010186 123762919, 477009818 123762852, 477009818 123762786, 477009204 123762619, 477009286 123762152, 477007650 123761919, 477007609 123762219, 477007405 123762186, 477007446 123762052, 477007037 123761986, 477006955 123762286, 477006587 123762219, 477006341 123763319, 477006259 123763319, 477006219 123763452, 477006300 123763486, 477006219 123763619, 477006096 123763952, 477005850 123763919, 477005523 123764651, 477006055 123764818, 477005891 123765251, 477007731 123765751, 477008099 123765018, 477008222 123765051, 477008345 123764718, 477008427 123764685, 477008468 123764585, 477008590 123764651, 477008795 123764651, 477008713 123764851, 477008631 123764818))"
7,513244,1,8,22F300,,,,,0,0,4-32-11-5-1838960,,"POLYGON ((477012969 123729689, 477013132 123729855, 477013419 123729889, 477016937 123729589, 477017019 123729555, 477016937 123728555, 477016773 123728255, 477016323 123728189, 477013050 123728389, 477013050 123728489, 477012805 123728522, 477012969 123729689))"
8,513244,1,9,22F300,,,,,0,0,4-32-11-5-1838965,,"POLYGON ((477012273 123728855, 477012109 123728889, 477012109 123728589, 477012232 123728589, 477012232 123728555, 477011496 123728589, 477011250 123728622, 477009697 123728722, 477009859 123730389, 477010473 123730322, 477010473 123730189, 477010514 123730189, 477011250 123730122, 477011250 123730055, 477011414 123730055, 477012232 123729989, 477012191 123729555, 477012314 123729555, 477012273 123729389, 477012150 123729389, 477012150 123729189, 477012273 123729189, 477012273 123728855))"
9,513244,1,10,22F300,,,,,0,0,4-32-11-5-1838970,,"POLYGON ((477012601 123724323, 477012479 123724356, 477012315 123724390, 477012396 123725256, 477012682 123725223, 477012682 123725356, 477012396 123725390, 477012437 123725890, 477012723 123725856, 477012723 123726023, 477012478 123726056, 477012519 123726423, 477012764 123726423, 477012805 123726990, 477012559 123726990, 477012559 123727256, 477012846 123727223, 477012846 123727290, 477012600 123727290, 477012641 123727889, 477012887 123727855, 477012887 123727922, 477014400 123727889, 477016200 123727755, 477016896 123727655, 477016937 123727389, 477016896 123727023, 477016732 123727023, 477016446 123724056, 477016037 123724056, 477016037 123723990, 477015137 123724023, 477014891 123724056, 477014237 123724123, 477013787 123724123, 477013050 123724190, 477013050 123724290, 477012601 123724323))"
10,513244,1,11,22F300,,,,,0,0,4-32-11-5-1838975,,"POLYGON ((477011824 123724490, 477011701 123724523, 477011701 123724423, 477011374 123724456, 477011374 123724356, 477009533 123724456, 477009574 123724556, 477008920 123724623, 477009042 123725790, 477009370 123725790, 477009410 123725990, 477009206 123726023, 477009451 123728155, 477009901 123728122, 477009942 123728222, 477011700 123728122, 477011700 123727989, 477012028 123727955, 477011864 123726523, 477012028 123726490, 477011824 123724490))"
11,513244,1,12,22F300,,,,,0,0,4-32-11-5-1838980,,"POLYGON ((477011579 123723190, 477012520 123723156, 477012560 123723790, 477013419 123723756, 477013419 123723823, 477015219 123723690, 477015219 123723623, 477015914 123723590, 477016405 123723523, 477016282 123722156, 477015832 123722190, 477015832 123722256, 477015505 123722290, 477015505 123722190, 477015137 123722090, 477013706 123722190, 477013705 123722356, 477013256 123722390, 477013297 123722456, 477013051 123722456, 477013010 123722290, 477012438 123722323, 477012479 123722956, 477011538 123723023, 477011456 123722456, 477011210 123722456, 477011251 123722623, 477010556 123722656, 477010556 123722423, 477009042 123722523, 477009083 123722656, 477008715 123722690, 477008715 123722790, 477008592 123722790, 477008756 123724023, 477011660 123723823, 477011579 123723190))"
12,513244,1,13,22F300,,,,,0,0,4-32-11-5-1838985,,"POLYGON ((477011579 123720023, 477011292 123720056, 477011292 123719756, 477011333 123719723, 477011292 123719291, 477008101 123719456, 477008101 123719756, 477007897 123719756, 477007938 123720123, 477008101 123720123, 477008101 123720490, 477008142 123721456, 477008265 123721423, 477008306 123721923, 477008592 123721923, 477008592 123721990, 477009042 123721956, 477009042 123722090, 477011497 123721923, 477011456 123721756, 477011742 123721723, 477011701 123721123, 477011374 123721156, 477011374 123720823, 477011456 123720823, 477011456 123720656, 477011620 123720623, 477011579 123720023))"
13,513244,1,14,22F300,,,,,0,0,4-32-11-5-1838990,,"POLYGON ((477010596 123731989, 477010350 123731922, 477010309 123732022, 477010555 123732089, 477010555 123732155, 477010555 123732255, 477010473 123732322, 477010309 123732989, 477010432 123733022, 477010350 123733289, 477010350 123733355, 477009941 123733289, 477009900 123733489, 477010023 123733522, 477010146 123733522, 477010309 123733555, 477010269 123733622, 477010064 123733589, 477009982 123733889, 477010228 123733922, 477010064 123734522, 477010146 123734555, 477010105 123734755, 477010719 123734855, 477010759 123734655, 477011128 123734722, 477011087 123734922, 477012846 123735222, 477012887 123735055, 477013050 123735055, 477013009 123735189, 477014196 123735355, 477014237 123735189, 477015014 123735322, 477015096 123735022, 477014646 123734955, 477014728 123734655, 477015055 123734689, 477015096 123734589, 477014891 123734555, 477014973 123734089, 477015096 123733789, 477016241 123733989, 477016609 123734022, 477017469 123734155, 477017550 123733855, 477017387 123733822, 477017591 123732855, 477017509 123732855, 477017550 123732622, 477016609 123732455, 477016609 123732355, 477015628 123732189, 477015587 123732322, 477015178 123732255, 477015219 123732089, 477011169 123731455, 477011005 123732222, 477010841 123732189, 477010882 123732055, 477010596 123731989))"
14,513244,1,15,22F300,,,,,0,0,4-32-11-884-3027148,,"POLYGON ((477027410 123692627, 477028106 123692627, 477030478 123692627, 477030478 123692394, 477030478 123692160, 477030355 123692160, 477030356 123688961, 477030479 123688961, 477030479 123688661, 477030356 123688661, 477030356 123687495, 477030356 123687161, 477028106 123687195, 477025774 123687195, 477022297 123687228, 477022338 123691160, 477025815 123691127, 477025815 123692627, 477027410 123692627))"
15,513244,1,16,22F300,,,,,0,0,4-32-11-884-3027151,,"POLYGON ((477067373 123732190, 477069418 123732323, 477069418 123732623, 477067291 123732456, 477067127 123734422, 477067414 123734455, 477067454 123734155, 477069132 123734255, 477069091 123734455, 477070154 123734522, 477070195 123734355, 477070603 123734389, 477070563 123734522, 477070890 123734555, 477070890 123734389, 477071626 123734455, 477071667 123734056, 477071422 123734023, 477071667 123731323, 477071667 123731256, 477071750 123730323, 477071791 123730023, 477071627 123730023, 477071627 123729856, 477071341 123729823, 477071300 123730023, 477071054 123729990, 477071095 123729423, 477070686 123729390, 477070604 123730223, 477070277 123730223, 477070236 123730323, 477067782 123730156, 477067782 123730090, 477067577 123730056, 477067454 123731256, 477067373 123732190))"
16,513244,1,17,22F300,,,,,0,0,4-32-11-884-3027154,,"POLYGON ((477056860 123733889, 477056778 123734589, 477056615 123736055, 477064345 123736489, 477064345 123736622, 477064632 123736622, 477064673 123736522, 477065491 123736555, 477065532 123735955, 477065286 123735955, 477065327 123735522, 477065532 123735555, 477065532 123735389, 477065573 123735155, 477065491 123735155, 477065573 123734022, 477063364 123733855, 477063241 123734989, 477063159 123734989, 477063241 123734289, 477056860 123733889))"
17,513244,1,18,21F300,,,,,0,0,4-32-17-5-1839090,,"POLYGON ((477089872 123686096, 477090485 123685129, 477092613 123682329, 477094249 123680163, 477094944 123679030, 477096335 123677097, 477098340 123674031, 477098749 123672998, 477099894 123671431, 477100672 123670398, 477101203 123669564, 477102390 123666999, 477102553 123666465, 477101285 123665999, 477100263 123665632, 477099485 123665332, 477098913 123665099, 477098217 123664765, 477096909 123664165, 477095354 123663432, 477094004 123662799, 477093227 123662432, 477092041 123661832, 477090977 123661232, 477090691 123661199, 477085824 123660799, 477084801 123660799, 477084760 123662299, 477084678 123663199, 477084637 123663465, 477084596 123663599, 477084555 123663732, 477084515 123663865, 477084474 123663999, 477084433 123664099, 477084392 123664232, 477084351 123664365, 477084310 123664465, 477084269 123664599, 477084187 123664732, 477084146 123664832, 477084065 123664965, 477084024 123665099, 477083942 123665199, 477083901 123665332, 477083819 123665432, 477083737 123665531, 477083655 123665664, 477083001 123666531, 477079319 123671531, 477078910 123672331, 477077724 123671664, 477073675 123669598, 477073020 123669264, 477069952 123667698, 477069217 123667298, 477065453 123665431, 477060299 123662864, 477059113 123662564, 477059686 123661699, 477059931 123661399, 477060136 123661099, 477060381 123660799, 477060668 123660399, 477060954 123660032, 477061240 123659665, 477061404 123659499, 477061568 123659332, 477061690 123659165, 477061936 123658899, 477062181 123658665, 477062427 123658432, 477062672 123658199, 477063368 123657599, 477063327 123657265, 477059277 123655265, 477057354 123654299, 477053019 123652133, 477049337 123650300, 477047170 123649233, 477046924 123649166, 477043324 123653765, 477043610 123653965, 477043324 123654432, 477043201 123654565, 477043038 123654632, 477042833 123654832, 477039192 123659898, 477038783 123660431, 477037965 123661564, 477037515 123662131, 477034201 123666631, 477035429 123666864, 477036738 123667130, 477038333 123667630, 477040460 123668397, 477041400 123668797, 477044182 123670197, 477044837 123670497, 477045982 123670697, 477047128 123670963, 477051422 123673097, 477051872 123672463, 477052895 123672997, 477053099 123673097, 477056372 123674763, 477059644 123676430, 477061812 123677530, 477062589 123677897, 477064021 123678596, 477064634 123679162, 477065125 123679429, 477065656 123679696, 477070238 123681929, 477071996 123682862, 477079524 123686662, 477082509 123688229, 477084227 123689095, 477085332 123689695, 477086354 123690261, 477086723 123690528, 477087582 123689328, 477088154 123688562, 477088644 123687829, 477089013 123687296, 477089872 123686096))"
18,513244,1,19,21F300,,,,,0,0,4-32-17-5-1839115,,"POLYGON ((477016649 123752620, 477016731 123752187, 477016527 123751987, 477015504 123751820, 477015381 123751787, 477014236 123751587, 477005564 123750287, 477004991 123751820, 477004541 123753020, 477003723 123755819, 477003232 123757819, 477002700 123760452, 477002455 123762219, 477002087 123768051, 477001923 123771018, 477001678 123777217, 477001719 123777384, 477001800 123777517, 477005645 123778284, 477006177 123777117, 477006340 123776784, 477006708 123776217, 477007322 123775150, 477007936 123774150, 477008508 123773185, 477009286 123771951, 477010840 123769451, 477011781 123768018, 477012231 123767285, 477012558 123766718, 477013213 123765751, 477013458 123765351, 477013704 123764886, 477013868 123764452, 477014236 123763486, 477014277 123763286, 477014318 123762519, 477014277 123762286, 477014604 123761919, 477015381 123758119, 477015545 123757052, 477015668 123756686, 477015913 123755619, 477016608 123752620, 477016649 123752620))"
19,513244,1,20,21F300,,,,,0,0,4-32-17-5-1839120,,"POLYGON ((477073794 123729723, 477073385 123729723, 477073386 123724857, 477073345 123724791, 477073223 123724691, 477072732 123724624, 477070400 123724391, 477067741 123724191, 477066923 123724224, 477065327 123724124, 477064591 123724091, 477064182 123724091, 477063528 123724124, 477062955 123724356, 477062710 123724956, 477062424 123724890, 477062015 123725023, 477061810 123725290, 477061319 123725656, 477060746 123726690, 477060296 123727090, 477059846 123726756, 477059151 123727423, 477058905 123727290, 477058087 123728090, 477057678 123728556, 477057433 123728923, 477057105 123729523, 477056124 123731922, 477055592 123733822, 477055387 123734722, 477055265 123735422, 477055265 123735789, 477055346 123736589, 477055346 123736889, 477055551 123737722, 477055755 123738489, 477055919 123738822, 477056328 123739489, 477056451 123739722, 477057024 123740389, 477057024 123740422, 477058454 123741921, 477058904 123742454, 477058986 123742154, 477059764 123742121, 477059682 123742721, 477059150 123742688, 477061318 123745088, 477061850 123745521, 477062095 123745688, 477062750 123745988, 477064345 123746521, 477066431 123746854, 477066717 123746854, 477067372 123746621, 477068149 123746354, 477068435 123746321, 477068681 123746321, 477073794 123744721, 477073876 123744688, 477073876 123741622, 477073876 123737055, 477073835 123735289, 477073835 123735089, 477073835 123733456, 477073876 123731656, 477073713 123731256, 477073713 123730356, 477073794 123730190, 477073794 123729723))"
20,513244,1,21,219161,,,,,0,0,4-32-17-5-1839165,,"POLYGON ((477246573 123911674, 477246614 123911374, 477246778 123911107, 477246737 123910840, 477246614 123910674, 477246451 123910607, 477246123 123910440, 477245632 123910174, 477245305 123909940, 477245387 123909340, 477245264 123909107, 477245101 123908541, 477245142 123908141, 477244773 123907341, 477244446 123906808, 477244242 123906575, 477243832 123906375, 477243464 123906275, 477242974 123906308, 477242156 123906441, 477240356 123906608, 477239374 123906708, 477238843 123906908, 477238270 123907208, 477236347 123908240, 477235570 123908507, 477235120 123908707, 477234588 123909007, 477234588 123909107, 477234547 123909174, 477234424 123909274, 477234015 123909574, 477233647 123909774, 477233483 123909874, 477233483 123910740, 477233565 123911074, 477233647 123911440, 477233729 123911574, 477233197 123911607, 477232747 123911574, 477232462 123911340, 477232012 123910940, 477231725 123910607, 477231644 123910407, 477231521 123910107, 477231316 123909507, 477230989 123908940, 477230784 123908640, 477230294 123908040, 477230007 123907607, 477229557 123906907, 477229312 123906408, 477229189 123905908, 477229107 123905675, 477228984 123905375, 477228534 123904241, 477228453 123903941, 477228412 123903775, 477228412 123903641, 477227798 123903508, 477226695 123903241, 477225590 123903141, 477225549 123903041, 477225508 123902775, 477225467 123902408, 477225508 123902275, 477225590 123901975, 477225754 123901608, 477225917 123901075, 477225876 123900808, 477225754 123900708, 477225549 123900641, 477225426 123900708, 477225385 123901008, 477224976 123900941, 477224485 123900908, 477223463 123900841, 477223217 123900775, 477223054 123900708, 477222645 123900441, 477222072 123899941, 477221990 123899808, 477221745 123899375, 477221540 123898875, 477221295 123898241, 477221254 123898041, 477221255 123897775, 477221296 123897541, 477221418 123897275, 477221377 123897008, 477221296 123896775, 477221214 123896575, 477221091 123896408, 477220927 123896209, 477220396 123895709, 477220109 123895376, 477219864 123895109, 477219455 123894742, 477218964 123894309, 477218718 123894042, 477218268 123893342, 477217409 123892142, 477216550 123892142, 477216427 123892009, 477216386 123891742, 477216305 123891342, 477216141 123891042, 477215977 123890876, 477215855 123890709, 477215691 123890542, 477215568 123890309, 477215365 123889776, 477215324 123889609, 477215242 123889242, 477215201 123888976, 477215160 123888742, 477215160 123888576, 477214956 123888409, 477214710 123888109, 477214424 123887209, 477213851 123886809, 477213197 123886576, 477212501 123886176, 477211887 123885842, 477211519 123885742, 477211069 123885676, 477210537 123885676, 477209760 123885776, 477208983 123886342, 477208328 123886776, 477207469 123886809, 477206366 123886709, 477205302 123886509, 477203338 123886509, 477202848 123886676, 477202152 123886842, 477201579 123886909, 477201007 123886942, 477200393 123887076, 477199452 123887142, 477199248 123887242, 477198961 123887609, 477198757 123887842, 477198593 123887876, 477198266 123887876, 477197857 123887742, 477197448 123888242, 477197325 123888309, 477197161 123888376, 477196425 123888342, 477196302 123888276, 477195689 123887609, 477195485 123887542, 477195076 123887476, 477194667 123887509, 477193603 123887476, 477192989 123887176, 477192499 123887076, 477190167 123887042, 477189144 123887142, 477187794 123887176, 477186771 123887308, 477185954 123887375, 477185259 123887841, 477185054 123888208, 477184972 123888641, 477185054 123889175, 477185381 123889708, 477186689 123890275, 477187017 123890608, 477187385 123891041, 477187876 123891208, 477189062 123891341, 477189758 123891375, 477190944 123891541, 477191476 123891741, 477191680 123891775, 477191926 123891908, 477192253 123892008, 477193971 123892408, 477194503 123892641, 477195075 123892808, 477195279 123892775, 477196629 123892441, 477196875 123892408, 477197448 123892441, 477198634 123892641, 477199575 123892908, 477199943 123893108, 477200148 123893275, 477201170 123895875, 477201416 123896175, 477201702 123896408, 477202152 123896508, 477202561 123896541, 477203052 123896475, 477205628 123895041, 477206447 123895775, 477207347 123895908, 477207592 123896741, 477207878 123897475, 477208206 123898041, 477208656 123898608, 477208901 123898941, 477209024 123899341, 477209310 123899841, 477209474 123900008, 477210128 123901141, 477210497 123901408, 477210946 123901608, 477213073 123902675, 477213318 123902975, 477214341 123903808, 477214996 123904175, 477215773 123904441, 477216305 123904941, 477216836 123906007, 477217000 123906174, 477218472 123907040, 477219290 123907407, 477219781 123907607, 477220476 123908174, 477220967 123908774, 477221826 123909540, 477222481 123910207, 477222808 123910674, 477223095 123910874, 477223545 123911040, 477225016 123911340, 477225712 123911674, 477246573 123911674))"
21,513244,1,22,21F281,,,,,0,0,4-32-17-5-1839170,,"POLYGON ((477094412 123699260, 477095271 123699660, 477096048 123699994, 477097152 123700460, 477097602 123700627, 477097766 123700694, 477097930 123700760, 477098012 123700794, 477098093 123700827, 477098216 123700860, 477098298 123700860, 477098380 123700894, 477098502 123700894, 477098871 123700860, 477099075 123700860, 477099280 123700860, 477099484 123700860, 477099689 123700894, 477099852 123700927, 477099934 123700960, 477099975 123700927, 477101243 123701527, 477102756 123702227, 477102715 123702294, 477102920 123702460, 477103042 123702594, 477103165 123702727, 477103288 123702927, 477103370 123703094, 477103451 123703194, 477103574 123703327, 477103615 123703360, 477103738 123703460, 477103861 123703560, 477103942 123703627, 477104147 123703727, 477104638 123703960, 477105006 123704027, 477105211 123703927, 477105292 123703927, 477105701 123704127, 477105742 123704127, 477105742 123704194, 477105742 123704394, 477105947 123704594, 477106192 123704794, 477106561 123704994, 477106929 123705194, 477107256 123705360, 477108320 123705860, 477109711 123706527, 477110773 123707026, 477112491 123707826, 477115437 123709159, 477115519 123709226, 477115641 123709259, 477116337 123709493, 477120019 123702794, 477122063 123698895, 477122595 123695428, 477123087 123692796, 477120387 123686729, 477119446 123686462, 477114170 123685130, 477113924 123685063, 477113229 123684863, 477111838 123684763, 477106807 123684429, 477106684 123684629, 477106071 123684396, 477104802 123684296, 477104721 123684262, 477103493 123683697, 477103493 123683663, 477103371 123683597, 477103043 123683430, 477102880 123683330, 477098176 123681097, 477090281 123692495, 477090035 123692961, 477089953 123693428, 477090035 123693795, 477088481 123696028, 477088931 123696328, 477089094 123696461, 477089340 123696628, 477089913 123696994, 477090444 123697327, 477090935 123697560, 477090935 123697594, 477091344 123697794, 477091713 123698027, 477092040 123698194, 477092449 123698394, 477092653 123698460, 477092776 123698494, 477093390 123698694, 477093675 123698894, 477094412 123699260))"
22,513244,1,23,21F300,,,,,0,0,4-32-17-5-1839220,,"POLYGON ((477019308 123736788, 477017713 123736554, 477017999 123735355, 477018081 123734655, 477018164 123730622, 477017305 123730689, 477009369 123731389, 477009409 123732222, 477007201 123732555, 477007447 123734689, 477007528 123737188, 477007405 123741421, 477007241 123743288, 477005687 123749787, 477015463 123751287, 477015668 123751287, 477016690 123746453, 477017836 123746620, 477017999 123745887, 477018449 123743688, 477017754 123743588, 477018204 123741588, 477018204 123741454, 477019308 123736788))"
23,513244,1,24,21F300,,,,,0,0,4-32-17-5-1839225,,"POLYGON ((477017714 123729955, 477017428 123727123, 477017182 123724423, 477016773 123719257, 477016528 123718791, 477012438 123716191, 477010392 123714891, 477009901 123714624, 477006016 123712124, 477005607 123712191, 477006548 123715424, 477006589 123715557, 477006793 123715824, 477006384 123716024, 477006425 123716291, 477006629 123716591, 477006915 123717691, 477006710 123717757, 477006956 123718591, 477007160 123719323, 477007283 123719990, 477008060 123723223, 477007856 123723356, 477007529 123723390, 477008101 123726756, 477008551 123728789, 477009042 123728789, 477009288 123730689, 477017714 123729955))"
24,513244,1,25,21F300,,,,,0,0,4-32-17-507-130614054,,"POLYGON ((477018942 123696093, 477019065 123696059, 477019679 123696193, 477019924 123695694, 477019965 123694727, 477020088 123694494, 477021192 123695060, 477021683 123695294, 477022010 123695427, 477022338 123695527, 477022910 123695760, 477024301 123696260, 477024506 123696327, 477024710 123696360, 477024833 123696394, 477024997 123696394, 477025160 123696360, 477025324 123696360, 477025529 123696294, 477025733 123696227, 477025938 123696094, 477026388 123695860, 477026838 123695594, 477027083 123695494, 477027819 123695160, 477028555 123694860, 477028800 123694827, 477029046 123694794, 477029700 123694727, 477030232 123694527, 477030641 123694327, 477031050 123694060, 477031337 123693794, 477031705 123693360, 477031828 123693194, 477032278 123692794, 477032850 123692694, 477033096 123692727, 477033423 123692527, 477030929 123685195, 477022052 123680861, 477009740 123680861, 477008553 123680861, 477007653 123680861, 477003236 123680861, 477003154 123682661, 477003194 123683461, 477003031 123686894, 477002622 123693760, 477002540 123695459, 477002990 123695493, 477003562 123695126, 477003931 123694893, 477004503 123694460, 477004667 123694194, 477004831 123693960, 477005076 123693727, 477005199 123693594, 477005526 123693427, 477005772 123693327, 477005894 123693327, 477006099 123693294, 477006590 123693394, 477007081 123693494, 477007326 123693494, 477008757 123693527, 477008839 123693494, 477009371 123693427, 477009657 123693427, 477009984 123693460, 477010516 123693494, 477010802 123693560, 477011293 123693594, 477011334 123695094, 477011498 123695526, 477012234 123697359, 477012930 123698193, 477014239 123698393, 477016283 123698359, 477016815 123698293, 477018901 123697893, 477019024 123697859, 477018329 123697259, 477018983 123696726, 477018942 123696093))"
25,513244,1,26,216120,,,,,0,0,4-32-17-507-130614112,,"POLYGON ((477021482 123648833, 477021931 123648933, 477022585 123648933, 477022994 123648900, 477023281 123648833, 477023526 123648733, 477023812 123648566, 477024876 123647733, 477025653 123647133, 477026553 123646433, 477026799 123646066, 477026799 123645900, 477026553 123645666, 477026390 123645366, 477026267 123645166, 477026103 123644766, 477025981 123644333, 477025940 123643966, 477025940 123643600, 477025981 123643066, 477026103 123642733, 477026308 123642334, 477026390 123642167, 477026594 123641801, 477026840 123641434, 477027044 123641167, 477027412 123640701, 477027903 123640001, 477028517 123639201, 477028926 123638634, 477029090 123638401, 477029335 123638134, 477031831 123634768, 477031790 123634635, 477031626 123634468, 477031422 123634335, 477031094 123634135, 477030644 123633802, 477030358 123633535, 477030112 123633302, 477029949 123633102, 477029581 123632568, 477029253 123632235, 477028967 123632202, 477028518 123632402, 477027209 123633335, 477026677 123633702, 477025859 123634202, 477025286 123634502, 477024386 123634867, 477023609 123635167, 477022954 123635401, 477021768 123635867, 477021441 123636001, 477021032 123636234, 477020827 123636367, 477020663 123636534, 477020582 123636767, 477020418 123637167, 477020254 123637601, 477020213 123637867, 477020173 123638301, 477020213 123639034, 477020295 123639567, 477020418 123640001, 477020582 123640401, 477021645 123642866, 477021727 123643100, 477021359 123648166, 477021359 123648700, 477021482 123648833))"
26,513244,1,27,21A200,,,,,0,0,4-32-17-507-130614118,,"POLYGON ((477022463 123641434, 477022668 123641534, 477022913 123641567, 477023241 123641601, 477023486 123641567, 477023732 123641501, 477024018 123641367, 477024263 123641167, 477024386 123641034, 477024509 123640867, 477024591 123640634, 477024632 123640467, 477024877 123637601, 477024877 123637467, 477024795 123637267, 477024673 123637067, 477024468 123636901, 477024263 123636767, 477024018 123636667, 477023813 123636601, 477023486 123636534, 477023282 123636567, 477022873 123636701, 477022627 123636801, 477022504 123636867, 477022382 123636934, 477022218 123637134, 477022095 123637334, 477022013 123637567, 477021973 123637701, 477021932 123638167, 477021727 123640501, 477021768 123640701, 477021850 123640901, 477021973 123641067, 477022136 123641234, 477022218 123641301, 477022463 123641434))"
27,513244,1,28,21A200,,,,,0,0,4-32-17-717-1686112,,"POLYGON ((477089910 123809048, 477089910 123808915, 477089582 123808915, 477089337 123808815, 477089214 123808648, 477089173 123808482, 477089173 123808415, 477089173 123808282, 477089173 123808248, 477089132 123808182, 477089091 123808115, 477089010 123808048, 477088969 123808048, 477088887 123808015, 477088805 123808015, 477088682 123808015, 477088437 123808015, 477088396 123808015, 477088232 123807982, 477088110 123807948, 477088028 123807915, 477087946 123807882, 477087823 123807848, 477087741 123807815, 477087373 123807782, 477087291 123807815, 477087169 123807848, 477087046 123807915, 477086923 123808015, 477086678 123808115, 477086596 123808148, 477086391 123808182, 477086310 123808215, 477086228 123808215, 477086146 123808215, 477085941 123808148, 477085900 123808116, 477085778 123808049, 477085696 123807949, 477085573 123807883, 477085491 123807883, 477085410 123807916, 477085287 123807949, 477084919 123808049, 477084796 123808083, 477084550 123808149, 477084100 123808183, 477083364 123808183, 477083160 123808183, 477082546 123808216, 477082341 123808216, 477082219 123808183, 477082096 123808149, 477081973 123808083, 477081605 123807749, 477081523 123807683, 477081400 123807649, 477080828 123807583, 477080705 123807516, 477080419 123807383, 477080337 123807349, 477079805 123807183, 477079029 123806983, 477078906 123806949, 477078783 123806949, 477078579 123807016, 477078333 123807249, 477078129 123807449, 477077965 123807583, 477077761 123807683, 477077556 123807749, 477077433 123807749, 477077188 123807849, 477076861 123807983, 477076370 123808148, 477076329 123808182, 477076329 123808248, 477076656 123808715, 477076697 123808848, 477076697 123808982, 477076656 123809115, 477076533 123809248, 477076288 123809482, 477075838 123809782, 477075429 123810048, 477076656 123810682, 477076083 123811382, 477075183 123810915, 477075142 123810415, 477074938 123810315, 477075061 123810082, 477074938 123810082, 477074692 123810115, 477074570 123810182, 477074570 123810248, 477074815 123810682, 477074856 123810748, 477074856 123810815, 477074856 123810882, 477074856 123810948, 477074774 123811082, 477074692 123811182, 477074611 123811248, 477074365 123811415, 477074201 123811515, 477073629 123811715, 477073179 123812015, 477072647 123812282, 477072361 123812515, 477072074 123812782, 477072156 123813448, 477072197 123813482, 477072238 123813515, 477072156 123813582, 477072115 123813782, 477072115 123814315, 477072115 123814448, 477072033 123814548, 477071911 123814782, 477071829 123814948, 477071665 123815415, 477071624 123815582, 477071542 123815682, 477071338 123815848, 477071624 123816082, 477071747 123816048, 477073015 123815215, 477073506 123814915, 477073751 123814815, 477073915 123814748, 477074161 123814682, 477074651 123814615, 477074938 123814648, 477075592 123814782, 477075961 123814882, 477076042 123814915, 477077514 123815282, 477079314 123815682, 477081319 123816148, 477081523 123818915, 477082423 123820082, 477082464 123820548, 477082055 123821248, 477081932 123821515, 477081850 123821515, 477081769 123821515, 477081687 123821515, 477081605 123821548, 477081482 123821615, 477081319 123821715, 477081032 123822015, 477081891 123822615, 477080991 123823214, 477081073 123823381, 477081114 123823514, 477081482 123823647, 477081687 123823681, 477082219 123823647, 477082873 123824781, 477082628 123824881, 477082300 123825014, 477082055 123825114, 477081769 123825214, 477081237 123825447, 477081932 123826414, 477082300 123826814, 477082750 123827214, 477082996 123827347, 477083486 123827581, 477083690 123827647, 477084672 123827947, 477084959 123827847, 477086227 123828014, 477086472 123827514, 477087413 123826914, 477087822 123826881, 477088599 123826781, 477089009 123826647, 477089131 123826647, 477089459 123826714, 477089622 123826747, 477089786 123826781, 477089909 123826781, 477090195 123826781, 477090522 123826781, 477090849 123826781, 477091259 123826747, 477091463 123826747, 477091627 123826714, 477091790 123826714, 477091913 123826681, 477092159 123826681, 477092281 123826714, 477092404 123826747, 477092527 123826781, 477092854 123826914, 477092772 123826814, 477092690 123826747, 477092486 123826614, 477092363 123826581, 477092240 123826514, 477092118 123826481, 477091872 123826447, 477091586 123826414, 477090972 123826347, 477090359 123826247, 477089949 123826181, 477089786 123826114, 477089622 123826081, 477089499 123826014, 477089377 123825914, 477089254 123825814, 477089172 123825714, 477089049 123825614, 477089009 123825481, 477088968 123825347, 477088968 123825214, 477088968 123825081, 477088968 123824947, 477089009 123824814, 477089049 123824647, 477089131 123824514, 477089254 123824347, 477089377 123824181, 477089540 123824047, 477089663 123823914, 477089786 123823781, 477089909 123823681, 477090031 123823547, 477090031 123823481, 477090072 123823414, 477090072 123823281, 477090072 123822981, 477090072 123822847, 477089990 123822514, 477089786 123822114, 477089663 123821881, 477089295 123821181, 477088477 123819548, 477088190 123818982, 477088027 123818715, 477087904 123818515, 477087740 123818315, 477087454 123817948, 477087045 123817415, 477086800 123817115, 477086678 123816815, 477086637 123816582, 477086596 123816482, 477086596 123816248, 477086637 123815982, 477086678 123815815, 477086760 123815715, 477086841 123815582, 477086923 123815482, 477087046 123815315, 477087291 123815215, 477087496 123815082, 477087700 123815015, 477087905 123814948, 477088109 123814848, 477088313 123814782, 477088436 123814682, 477088559 123814615, 477088640 123814548, 477088681 123814515, 477088722 123814515, 477088845 123814515, 477089663 123814248, 477089786 123814282, 477089949 123814248, 477090277 123814148, 477090481 123814115, 477090849 123814015, 477091095 123813982, 477091218 123813982, 477091340 123813948, 477091504 123813915, 477091954 123813748, 477092486 123813515, 477092609 123813448, 477092731 123813382, 477092854 123813282, 477092936 123813182, 477093018 123813082, 477093099 123812982, 477093140 123812848, 477093140 123812682, 477093140 123812515, 477093099 123812348, 477093059 123812248, 477092936 123812148, 477092731 123811982, 477092240 123811515, 477091913 123811282, 477091381 123810815, 477090890 123810415, 477090399 123810015, 477090318 123809915, 477090236 123809848, 477090154 123809715, 477090073 123809582, 477090032 123809415, 477089950 123809148, 477089910 123809048))"
28,513244,1,29,21F300,,,,,0,0,4-32-17-717-1686156,,"POLYGON ((477045814 123782850, 477045895 123782850, 477045977 123782850, 477046018 123782884, 477046509 123783250, 477046918 123783050, 477046959 123783017, 477047041 123782950, 477047123 123782884, 477047123 123782817, 477047164 123782750, 477047164 123782650, 477047164 123782584, 477046795 123780850, 477046795 123780784, 477047000 123780384, 477046468 123780050, 477046632 123779651, 477045650 123779351, 477045568 123779285, 477045486 123779418, 477043278 123779550, 477043033 123779584, 477042869 123779584, 477042787 123779550, 477042624 123779484, 477042460 123779417, 477042337 123779384, 477042255 123779384, 477042092 123779384, 477041928 123779450, 477041642 123779584, 477041478 123779617, 477041315 123779650, 477040987 123779750, 477040701 123779817, 477040415 123779950, 477040046 123780150, 477039965 123780150, 477039883 123780150, 477039842 123780184, 477039801 123780184, 477039719 123780250, 477039678 123780284, 477039637 123780317, 477039596 123780317, 477039433 123780417, 477039351 123780450, 477039310 123780517, 477039146 123780650, 477039146 123780717, 477039105 123780784, 477039105 123780884, 477038983 123780884, 477038942 123780850, 477038860 123780817, 477038860 123780784, 477038533 123780650, 477038328 123780850, 477038287 123780884, 477038246 123780950, 477038246 123781017, 477038165 123781784, 477038165 123781950, 477038042 123782350, 477037960 123782417, 477038165 123782550, 477038369 123782584, 477038492 123782584, 477038574 123782584, 477038615 123782550, 477038778 123782450, 477038901 123782350, 477039065 123782250, 477039146 123782217, 477039269 123782150, 477039392 123782150, 477039474 123782150, 477039842 123782217, 477040496 123782350, 477040619 123782384, 477040824 123782417, 477040987 123782384, 477041110 123782384, 477041192 123782350, 477041233 123782317, 477041315 123782250, 477041315 123782217, 477041724 123781550, 477041805 123781417, 477041887 123781350, 477041969 123781250, 477042010 123781217, 477042092 123781217, 477042174 123781184, 477042255 123781184, 477042337 123781184, 477042419 123781217, 477042501 123781250, 477042583 123781284, 477042665 123781350, 477042746 123781417, 477042869 123781550, 477043524 123782417, 477043605 123782450, 477044015 123782584, 477044300 123783150, 477045814 123782850))"
29,513244,1,30,21A200,,,,,0,0,4-32-17-717-1699659,,"POLYGON ((477226738 123724193, 477226657 123724326, 477226411 123724626, 477226288 123724793, 477226248 123724793, 477226166 123724959, 477226657 123725159, 477226902 123725293, 477226943 123725359, 477226329 123725426, 477225470 123725826, 477225020 123725959, 477224898 123725993, 477224938 123726026, 477225020 123726126, 477225307 123726359, 477225266 123726426, 477225266 123726526, 477225266 123726626, 477225348 123726693, 477225348 123726726, 477225388 123726759, 477225961 123727026, 477226820 123727426, 477227148 123727593, 477227434 123727759, 477227638 123727993, 477227925 123728293, 477228457 123728859, 477228620 123728759, 477229152 123729359, 477229275 123729493, 477229479 123729659, 477230298 123730093, 477231361 123730626, 477231975 123730893, 477232629 123731159, 477233488 123731459, 477234510 123731759, 477234797 123731859, 477235083 123732026, 477235328 123732159, 477235451 123732292, 477235533 123732392, 477235860 123732592, 477236351 123732792, 477237456 123733158, 477238315 123733458, 477238847 123733692, 477239256 123734058, 477239747 123734492, 477239869 123734592, 477240156 123734892, 477240115 123735025, 477240074 123735192, 477240115 123735558, 477240115 123735825, 477239992 123736392, 477239378 123737458, 477238397 123738925, 477239215 123741557, 477239747 123742924, 477239706 123743257, 477239706 123743557, 477239787 123743757, 477239951 123743957, 477240197 123744124, 477240769 123744191, 477241465 123744257, 477241710 123744357, 477242897 123745291, 477243265 123745357, 477243919 123745457, 477243919 123745691, 477244042 123745957, 477244328 123746257, 477244900 123746691, 477245350 123746957, 477245800 123747024, 477246086 123746957, 477246496 123746757, 477246986 123746491, 477247600 123746957, 477247927 123747091, 477248336 123747124, 477248541 123747024, 477248664 123746824, 477248296 123746191, 477248009 123745624, 477247968 123745191, 477248255 123745024, 477248459 123744891, 477248582 123744724, 477248582 123744524, 477248500 123744257, 477248214 123743591, 477248173 123743491, 477248255 123743357, 477248377 123743257, 477248991 123743092, 477249196 123742992, 477249768 123742525, 477250382 123742225, 477250832 123742125, 477251323 123742058, 477251732 123741958, 477251896 123741758, 477252018 123741292, 477252100 123740525, 477251896 123740025, 477251650 123739692, 477251568 123739392, 477251691 123739192, 477252100 123738858, 477252223 123738158, 477252223 123737358, 477252100 123736993, 477252223 123736426, 477252264 123736059, 477252223 123735759, 477251936 123735526, 477251486 123735126, 477251077 123734793, 477250791 123734026, 477250586 123733926, 477250382 123733893, 477249564 123733826, 477249359 123733793, 477249032 123733726, 477248991 123733826, 477248827 123733659, 477248173 123733426, 477248091 123733459, 477247886 123733359, 477247559 123733326, 477246905 123733259, 477246905 123733359, 477246455 123733193, 477246455 123733293, 477246291 123733159, 477246086 123733093, 477246046 123733193, 477245923 123733059, 477245718 123732993, 477245677 123733126, 477245351 123732893, 477245310 123732993, 477245187 123732859, 477245024 123732859, 477245024 123732926, 477244287 123732859, 477244206 123732926, 477243837 123733093, 477243797 123732959, 477243837 123732893, 477243878 123732793, 477243919 123732726, 477243919 123732559, 477243878 123732326, 477243837 123732093, 477243756 123731759, 477243715 123731626, 477243592 123731493, 477243347 123731293, 477242815 123730959, 477242119 123730559, 477242037 123730493, 477241997 123730293, 477241997 123730193, 477241997 123730059, 477242078 123729926, 477242201 123729793, 477242365 123729659, 477242528 123729593, 477243019 123729326, 477243347 123729159, 477243592 123729026, 477244369 123728293, 477244697 123728093, 477245024 123727960, 477245719 123727994, 477246659 123727994, 477247232 123727860, 477247477 123727627, 477247559 123727360, 477247436 123727160, 477247314 123727060, 477246618 123726860, 477246414 123726727, 477245964 123726127, 477245678 123725927, 477245228 123725794, 477243674 123725760, 477243306 123725627, 477243019 123725427, 477242447 123724727, 477242242 123724427, 477242201 123724227, 477242201 123724127, 477238478 123724294, 477239951 123720261, 477241874 123718595, 477237865 123719695, 477237578 123719795, 477236433 123720294, 477236269 123720327, 477235410 123720460, 477234510 123720627, 477234020 123720760, 477233857 123720760, 477233857 123720894, 477233243 123720994, 477232916 123721194, 477232875 123721227, 477232507 123721260, 477232425 123721327, 477232179 123721394, 477232016 123721460, 477231525 123721727, 477231238 123721794, 477230420 123721827, 477230379 123721827, 477229684 123721627, 477229602 123721660, 477228825 123721994, 477228825 123722127, 477228620 123722227, 477228907 123722994, 477228457 123723194, 477228293 123723260, 477227966 123723460, 477226738 123724193))"
30,513244,1,31,21A200,,,,,0,0,4-32-17-884-3007769,,"POLYGON ((477057191 123642534, 477056659 123643301, 477054287 123646566, 477058214 123648500, 477060054 123649433, 477062877 123650866, 477063654 123649800, 477064349 123649200, 477062754 123645734, 477061895 123643934, 477062181 123643834, 477062140 123643767, 477061119 123644034, 477060300 123642267, 477058337 123642434, 477058132 123642467, 477057191 123642534))"
31,513244,1,32,21F300,,,,,0,0,4-32-17-884-3036759,,"POLYGON ((477076209 123703793, 477076045 123703693, 477074164 123702759, 477074000 123702693, 477072815 123702027, 477072528 123702393, 477071587 123701893, 477071710 123701727, 477071833 123701760, 477071955 123701627, 477068601 123699760, 477068478 123699927, 477068519 123699960, 477068355 123700160, 477067824 123699894, 477067660 123700127, 477067496 123700094, 477066719 123701060, 477066433 123700827, 477066842 123700327, 477067005 123700027, 477066924 123699794, 477066637 123699527, 477066228 123699360, 477065901 123699394, 477065574 123699327, 477064920 123699060, 477064838 123698960, 477064756 123698794, 477064838 123698560, 477064634 123698427, 477064429 123698460, 477063897 123698927, 477063816 123698994, 477063652 123699060, 477063611 123699294, 477063775 123699527, 477064061 123699694, 477064551 123700027, 477065001 123700360, 477065369 123700594, 477065655 123700794, 477066105 123701027, 477066515 123701326, 477066883 123701626, 477067169 123701426, 477069051 123702926, 477069092 123702993, 477069296 123703159, 477069419 123703159, 477069665 123703359, 477070442 123704059, 477071015 123704493, 477071792 123705093, 477071996 123705259, 477072200 123705426, 477072323 123705459, 477075309 123707759, 477075882 123708193, 477076127 123708393, 477076168 123708426, 477076291 123708493, 477077723 123709626, 477077886 123709759, 477081363 123712492, 477082631 123713492, 477084390 123714858, 477086558 123716558, 477086558 123716625, 477087130 123718425, 477089339 123719558, 477089502 123719658, 477089707 123719758, 477089952 123719925, 477091384 123720691, 477092939 123718392, 477093921 123716958, 477095721 123717792, 477098012 123714258, 477098911 123712959, 477098951 123712959, 477082222 123704993, 477081282 123706359, 477079727 123705593, 477078173 123704793, 477076209 123703793))"
32,513244,1,41,212040,,,,,0,0,4-56-17-407-12097946,,"POLYGON ((477029909 123624969, 477030563 123624736, 477031177 123624536, 477029500 123622669, 477028600 123621636, 477025163 123622836, 477026923 123626303, 477027332 123626136, 477029827 123625236, 477029909 123624969))"
33,513244,1,42,212040,,,,,0,0,4-56-17-484-9503987,,"POLYGON ((477168326 123744489, 477168981 123745122, 477169144 123745322, 477168899 123745522, 477169472 123746089, 477169594 123746089, 477170698 123744755, 477170821 123744655, 477171066 123744455, 477171475 123744089, 477171434 123744055, 477171884 123743855, 477171966 123743822, 477172375 123743755, 477171721 123742322, 477171312 123741822, 477170780 123742089, 477169513 123740822, 477169472 123740855, 477169226 123741022, 477168981 123741189, 477168531 123741489, 477168326 123741655, 477167958 123741889, 477167754 123742022, 477167508 123742189, 477167017 123742422, 477166526 123742622, 477167263 123743322, 477167794 123743889, 477167835 123743989, 477168326 123744489))"
34,513244,1,43,212040,,,,,0,0,4-56-17-484-9503990,,"POLYGON ((477168776 123749988, 477169022 123749988, 477170453 123750088, 477170616 123750121, 477170862 123750121, 477171803 123750121, 477172212 123750121, 477172784 123750121, 477174257 123750188, 477174543 123750188, 477174666 123750188, 477174830 123750154, 477175321 123749988, 477175443 123749954, 477175689 123749854, 477176057 123749654, 477176343 123749488, 477176262 123749388, 477176507 123749188, 477177080 123748721, 477177734 123748221, 477176343 123747055, 477176139 123746855, 477175975 123746722, 477175893 123746622, 477175730 123746422, 477175525 123746122, 477174707 123744689, 477174707 123744655, 477174789 123744555, 477173193 123744655, 477173071 123744689, 477172784 123744689, 477172580 123744722, 477172334 123744789, 477172212 123744855, 477172171 123744889, 477172048 123744955, 477171803 123745189, 477171680 123745289, 477171639 123745222, 477171516 123745122, 477171230 123745355, 477170821 123745755, 477170207 123746522, 477169675 123746955, 477169226 123747255, 477168899 123747488, 477168735 123747554, 477168449 123747688, 477168040 123747854, 477167590 123747988, 477167058 123748088, 477167099 123748154, 477166813 123748188, 477166813 123748154, 477166363 123748254, 477164890 123748654, 477164972 123748688, 477165013 123748721, 477165340 123748854, 477165504 123748921, 477166199 123749254, 477166199 123749221, 477166363 123749288, 477166567 123749421, 477167099 123749654, 477167140 123749688, 477167344 123749821, 477167385 123749821, 477167385 123749788, 477167385 123749754, 477167426 123749754, 477167876 123749954, 477168735 123749988, 477168776 123749988))"
35,513244,1,44,212040,,,,,0,0,4-56-17-484-9503997,,"POLYGON ((477100711 123722657, 477107541 123725824, 477107705 123725624, 477108114 123725024, 477110650 123720258, 477108278 123719058, 477104433 123717225, 477100711 123722657))"
36,513244,1,45,212040,,,,,0,0,4-56-17-484-9504004,,"POLYGON ((477077806 123660499, 477074493 123661565, 477073225 123663299, 477074493 123663932, 477075352 123664364, 477076293 123664864, 477076866 123665164, 477077929 123665698, 477078461 123665964, 477079646 123666598, 477079687 123666498, 477081365 123667331, 477082060 123666431, 477082224 123666164, 477082428 123665931, 477082674 123665531, 477083001 123665032, 477083328 123664465, 477083492 123664099, 477083615 123663899, 477083696 123663632, 477083778 123663165, 477083819 123662865, 477082387 123662165, 477079197 123660599, 477077806 123660499))"
37,513244,1,46,212040,,,,,0,0,4-56-17-484-9504011,,"POLYGON ((477159082 123727124, 477160350 123727224, 477160432 123727191, 477163867 123727457, 477163949 123726991, 477163908 123726924, 477163949 123726225, 477164031 123726225, 477164154 123725158, 477164358 123725158, 477164154 123724792, 477164317 123723658, 477160064 123723258, 477159941 123723258, 477156423 123722958, 477152701 123722625, 477152660 123722758, 477152292 123725425, 477152210 123725924, 477152169 123726324, 477152333 123726424, 477155564 123726724, 477159082 123727024, 477159082 123727124))"
38,513244,1,47,212040,,,,,0,0,4-56-17-484-9504018,,"POLYGON ((477105620 123711726, 477103983 123714092, 477106070 123715092, 477105374 123716125, 477108523 123717658, 477108891 123717792, 477109096 123717792, 477109219 123717725, 477109341 123717558, 477109464 123717292, 477109750 123716425, 477110446 123713959, 477105620 123711726))"
39,513244,1,48,212040,,,,,0,0,4-56-17-484-9504025,,"POLYGON ((477016533 123625136, 477016574 123625269, 477016655 123625402, 477016737 123625568, 477016860 123625768, 477016983 123626035, 477017146 123626368, 477017351 123626735, 477017596 123627168, 477017883 123627668, 477018128 123628168, 477023854 123626069, 477019928 123618869, 477018660 123619903, 477016369 123621803, 477016246 123621936, 477016205 123621936, 477016205 123622003, 477016124 123622069, 477016083 123622169, 477016083 123622236, 477016042 123622336, 477016083 123622436, 477016083 123622603, 477016164 123622736, 477016205 123622936, 477016287 123623069, 477016328 123623169, 477016328 123623236, 477016369 123623269, 477016369 123623336, 477016451 123623469, 477016492 123623636, 477016492 123623803, 477016533 123624003, 477016533 123624236, 477016533 123624436, 477016533 123624669, 477016533 123624969, 477016533 123625136))"
40,513244,1,49,212040,,,,,0,0,4-56-17-484-9504032,,"POLYGON ((477142270 123691729, 477142147 123691762, 477141820 123692529, 477141412 123692596, 477141370 123693196, 477141779 123693696, 477141943 123693762, 477142761 123693996, 477143579 123694396, 477144643 123695296, 477144888 123695296, 477145134 123694929, 477145747 123694662, 477146402 123693762, 477146647 123693396, 477146688 123693229, 477146688 123692896, 477146647 123692729, 477146484 123692862, 477146157 123692962, 477145911 123693029, 477145788 123693129, 477145666 123693229, 477145502 123693162, 477145666 123692996, 477145829 123692929, 477146443 123692696, 477146566 123692629, 477147261 123691729, 477147384 123691529, 477147220 123690429, 477145911 123689563, 477145011 123688930, 477144888 123688897, 477144766 123688863, 477144397 123688863, 477144316 123688897, 477143988 123689097, 477143866 123689230, 477143007 123690129, 477142966 123690196, 477142720 123690329, 477142516 123690396, 477142188 123690396, 477142188 123690429, 477142188 123691429, 477142270 123691729))"
41,513244,1,50,212040,,,,,0,0,4-56-17-484-9504039,,"POLYGON ((477130858 123729391, 477130898 123729524, 477130980 123729724, 477131021 123729891, 477132534 123730691, 477134661 123730857, 477135888 123730957, 477135888 123730924, 477135847 123730891, 477136788 123728791, 477137238 123727724, 477137566 123726957, 477136911 123726624, 477137157 123726391, 477134907 123725157, 477134416 123725791, 477134334 123725891, 477134047 123725757, 477133802 123726091, 477133189 123725791, 477132167 123727324, 477132003 123727491, 477132003 123727524, 477131880 123727757, 477131839 123727791, 477130858 123729391))"
42,513244,1,51,212040,,,,,0,0,4-56-17-484-9504046,,"POLYGON ((477111264 123712426, 477111264 123712493, 477111223 123712659, 477111223 123712726, 477111182 123712993, 477111100 123713226, 477111019 123713593, 477110978 123713659, 477110896 123713926, 477111100 123714059, 477111878 123714393, 477112328 123714693, 477113310 123715092, 477113391 123715092, 477115969 123710226, 477112491 123708559, 477112410 123708559, 477112246 123708793, 477111960 123709759, 477111428 123711926, 477111591 123711993, 477112000 123712159, 477111796 123712493, 477111755 123712593, 477111510 123712493, 477111264 123712426))"
43,513244,1,52,212040,,,,,0,0,4-56-17-484-9504053,,"POLYGON ((477172416 123743722, 477173725 123743722, 477173603 123743789, 477173807 123743789, 477173848 123743722, 477174421 123743689, 477174830 123743655, 477175198 123743589, 477175525 123743522, 477176712 123743255, 477176916 123743022, 477176425 123742222, 477176343 123742055, 477176180 123741889, 477176098 123741789, 477175975 123741522, 477175239 123740556, 477175157 123740423, 477175116 123740256, 477173603 123740956, 477173275 123740456, 477173193 123740323, 477172989 123740023, 477171803 123740556, 477171721 123740523, 477171107 123740822, 477170534 123740156, 477170534 123740123, 477170493 123740156, 477170371 123740256, 477169635 123740755, 477169594 123740789, 477170780 123742022, 477171312 123741755, 477171393 123741822, 477171762 123742322, 477172416 123743722))"
44,513244,1,53,212040,,,,,0,0,4-56-17-484-9504060,,"POLYGON ((477163336 123715526, 477164441 123714726, 477164768 123714526, 477164808 123714526, 477165381 123714659, 477165749 123714793, 477165749 123714859, 477165708 123714926, 477165626 123715193, 477165463 123715893, 477165749 123716226, 477167590 123716693, 477167999 123716826, 477168367 123716993, 477168613 123717126, 477168817 123717093, 477169554 123717126, 477169635 123717026, 477169594 123716926, 477169554 123716759, 477169513 123716659, 477169472 123716559, 477169472 123716426, 477169513 123716326, 477169594 123716093, 477169717 123715859, 477169104 123714893, 477168981 123714826, 477169022 123714726, 477168981 123714626, 477168940 123714259, 477168776 123713693, 477167304 123713293, 477166444 123713926, 477166322 123714093, 477166035 123714693, 477165790 123714593, 477165585 123714526, 477165299 123714426, 477164890 123714259, 477164359 123713759, 477164318 123713693, 477164114 123713559, 477163868 123713293, 477163745 123713226, 477163582 123713126, 477163418 123712993, 477163173 123712793, 477163009 123712659, 477162723 123712427, 477162518 123712260, 477162273 123712094, 477162109 123712160, 477162027 123712394, 477161945 123712593, 477161905 123712826, 477161905 123712959, 477161905 123713193, 477161945 123713426, 477161945 123713526, 477161905 123713593, 477161782 123713759, 477161209 123714426, 477161618 123714859, 477162682 123716026, 477162927 123715859, 477163336 123715526))"
45,513244,1,54,212040,,,,,0,0,4-56-17-484-9504067,,"POLYGON ((477062224 123618137, 477062265 123617937, 477062265 123617737, 477062265 123617604, 477062183 123617404, 477062142 123617304, 477062060 123617237, 477062020 123617237, 477061897 123617170, 477061692 123617104, 477061447 123617004, 477061160 123616870, 477060874 123616737, 477060588 123616637, 477060383 123616537, 477060260 123616470, 477060138 123616404, 477060097 123616270, 477060097 123616237, 477060015 123616104, 477060015 123616037, 477059974 123615937, 477059933 123615770, 477059851 123615537, 477059770 123615270, 477059688 123614971, 477058747 123615170, 477058706 123614871, 477058010 123615170, 477057274 123615504, 477057642 123615904, 477057642 123615937, 477057274 123616704, 477059238 123617304, 477059524 123617470, 477059442 123617670, 477059524 123617670, 477059033 123618737, 477058624 123619570, 477058542 123619704, 477058379 123620104, 477058747 123620237, 477058788 123620237, 477061528 123621070, 477061609 123620937, 477061691 123620737, 477061978 123620204, 477061978 123620004, 477061978 123619770, 477061979 123619570, 477061979 123619404, 477061979 123619204, 477062020 123618770, 477062020 123618737, 477062224 123618137))"
46,513244,1,55,212040,,,,,0,0,4-56-17-484-9504074,,"POLYGON ((477024013 123742188, 477024545 123742288, 477024913 123740588, 477025363 123740654, 477025731 123738788, 477025363 123738721, 477024381 123738588, 477024340 123738554, 477024177 123738521, 477024136 123738521, 477024013 123738488, 477021068 123738021, 477020495 123740588, 477020249 123741721, 477022131 123741988, 477022622 123742021, 477024013 123742188))"
47,513244,1,56,212040,,,,,0,0,4-56-17-484-9504081,,"POLYGON ((477094083 123746754, 477092488 123745988, 477091670 123747788, 477093551 123748621, 477094165 123748554, 477094370 123749988, 477094370 123750121, 477095474 123749988, 477095515 123749988, 477100955 123749354, 477101405 123749321, 477101119 123748721, 477100996 123748454, 477101364 123748354, 477101364 123748288, 477101037 123747621, 477100914 123747354, 477100832 123747188, 477100669 123746888, 477100464 123746621, 477100300 123746354, 477100219 123746254, 477100178 123746221, 477100137 123746154, 477100055 123746054, 477099810 123745921, 477099441 123745688, 477098869 123745389, 477097970 123744889, 477097929 123744822, 477097151 123744422, 477096170 123743855, 477095106 123745189, 477095188 123745222, 477094083 123746754))"
48,513244,1,57,212040,,,,,0,0,4-56-17-484-9504088,,"POLYGON ((477028227 123718757, 477028227 123719257, 477028349 123719691, 477028349 123719923, 477028431 123720556, 477028636 123720590, 477028758 123720590, 477028922 123720656, 477029004 123720690, 477029168 123720756, 477029249 123720823, 477029331 123720890, 477029372 123720890, 477029454 123720923, 477029495 123720923, 477029577 123720923, 477029618 123720923, 477029658 123720923, 477029699 123720923, 477029740 123720890, 477029822 123720890, 477029904 123720923, 477030027 123720956, 477030068 123720956, 477030149 123720990, 477030190 123720990, 477030845 123720890, 477031008 123720890, 477031172 123720890, 477031254 123720890, 477031377 123720890, 477031499 123720856, 477031581 123720823, 477031663 123720790, 477031786 123720756, 477031868 123720723, 477031949 123720723, 477032031 123720690, 477032154 123720723, 477032277 123720723, 477032358 123720756, 477032481 123720790, 477032604 123720790, 477032727 123720856, 477032890 123720890, 477033095 123720923, 477033258 123720990, 477033668 123721123, 477033872 123721190, 477034077 123721223, 477034280 123721290, 477034362 123721723, 477034689 123721690, 477034935 123721656, 477035098 123721523, 477035426 123721156, 477035385 123721156, 477035344 123721090, 477035262 123721023, 477035180 123720956, 477035139 123720923, 477035057 123720856, 477035017 123720790, 477034976 123720723, 477034935 123720656, 477034853 123720490, 477034812 123720323, 477034812 123720256, 477034772 123719257, 477034772 123718791, 477034772 123718191, 477034322 123718157, 477034118 123718157, 477034240 123716824, 477034281 123716124, 477033790 123716124, 477033831 123715291, 477033749 123715291, 477033422 123715291, 477033177 123715357, 477033177 123715391, 477032318 123715757, 477031786 123715791, 477031868 123716157, 477031458 123716391, 477031131 123716857, 477030927 123716924, 477030804 123717057, 477030722 123717157, 477030640 123717224, 477030518 123717324, 477030395 123717457, 477030272 123717557, 477030149 123717657, 477030027 123717791, 477029904 123717857, 477029822 123717924, 477029740 123717991, 477029658 123718024, 477029577 123718091, 477029536 123718124, 477029454 123718157, 477029372 123718191, 477028718 123718457, 477028554 123718691, 477028227 123718757))"
49,513244,1,58,212040,,,,,0,0,4-56-17-484-9504095,,"POLYGON ((477124806 123652167, 477124888 123652267, 477124929 123652301, 477125011 123652334, 477125870 123652534, 477125992 123652567, 477126156 123652601, 477126400 123652667, 477126891 123652867, 477127178 123653001, 477127464 123653101, 477129428 123653801, 477129632 123653867, 477130205 123653367, 477130369 123653501, 477130982 123653034, 477131187 123652867, 477131310 123652701, 477131514 123652234, 477131596 123652101, 477132005 123651267, 477130900 123650967, 477131105 123650467, 477129510 123650401, 477129469 123650401, 477129428 123650401, 477129428 123650367, 477129428 123650334, 477129428 123650267, 477128405 123649967, 477128446 123649867, 477128569 123649601, 477128691 123649068, 477128732 123648935, 477126483 123648202, 477126279 123648435, 477126197 123648601, 477126197 123648667, 477126156 123648801, 477126115 123648867, 477126074 123648967, 477125992 123649234, 477125011 123651334, 477125133 123651467, 477125051 123651701, 477124888 123651801, 477124847 123651834, 477124765 123652001, 477124765 123652101, 477124806 123652167))"
50,513244,1,59,212040,,,,,0,0,4-56-17-484-9504102,,"POLYGON ((477116706 123661300, 477116788 123661600, 477116911 123661800, 477117033 123661966, 477117361 123662233, 477118997 123663365, 477119324 123663599, 477119856 123663932, 477120265 123664132, 477120470 123664265, 477120551 123664132, 477121042 123663333, 477121083 123663333, 477121738 123663000, 477121942 123662833, 477122147 123662666, 477122351 123662433, 477123414 123662300, 477123414 123662066, 477123415 123661966, 477123374 123661866, 477123129 123661566, 477122965 123661233, 477122801 123660966, 477122679 123660766, 477122556 123660600, 477122433 123660500, 477122188 123659866, 477122106 123659733, 477121942 123659633, 477121042 123659100, 477120838 123659000, 477120470 123658766, 477119938 123658300, 477119856 123658266, 477119733 123658266, 477119447 123658333, 477119365 123658300, 477119161 123658400, 477119201 123658466, 477119242 123658733, 477119406 123658866, 477118301 123659666, 477117688 123660166, 477117647 123660200, 477117361 123660400, 477117197 123660500, 477117033 123660633, 477116911 123660766, 477116870 123660800, 477116829 123660866, 477116829 123660900, 477116747 123661000, 477116706 123661200, 477116706 123661300))"
51,513244,1,60,212040,,,,,0,0,4-56-17-643-15626899,,"POLYGON ((477149265 123739590, 477149715 123739855, 477150001 123739523, 477150124 123739590, 477150410 123739290, 477151800 123739323, 477151718 123739756, 477151555 123741022, 477151718 123741122, 477152005 123741155, 477152168 123739790, 477152250 123739023, 477152291 123738956, 477151718 123738890, 477151759 123738623, 477151800 123738290, 477151841 123737923, 477152005 123736556, 477151555 123736523, 477147710 123736390, 477147669 123736456, 477147669 123736923, 477147751 123738890, 477147751 123739722, 477147546 123739955, 477148569 123740455, 477149265 123739590))"
52,513244,1,61,212040,,,,,0,0,4-56-17-643-15626906,,"POLYGON ((477064796 123722657, 477065082 123722657, 477065614 123720924, 477066882 123721157, 477067168 123719157, 477067250 123718724, 477066024 123717991, 477064919 123717291, 477064469 123716991, 477064019 123717657, 477063937 123717991, 477063896 123718257, 477063692 123719191, 477062874 123722657, 477063487 123722657, 477063774 123722657, 477064796 123722657))"
53,513244,1,62,212040,,,,,0,0,4-56-17-643-15626913,,"POLYGON ((477366883 123642942, 477366883 123642975, 477367619 123644775, 477367742 123644842, 477367783 123644875, 477368110 123645075, 477368192 123645109, 477368233 123645109, 477368356 123645142, 477368683 123645075, 477369092 123645042, 477369174 123645009, 477369992 123644709, 477370197 123644742, 477371137 123644309, 477371259 123644342, 477371300 123644275, 477371382 123644109, 477372077 123643675, 477372159 123643609, 477371668 123642909, 477371587 123642775, 477371382 123642475, 477371055 123642009, 477370401 123641042, 477368519 123638110, 477368478 123638043, 477368397 123637943, 477368274 123637810, 477368151 123637676, 477368069 123637676, 477368069 123637710, 477367865 123637610, 477367333 123637843, 477367210 123637876, 477367210 123637910, 477367210 123637942, 477367210 123637975, 477367169 123638009, 477367169 123638075, 477367169 123638109, 477367128 123638142, 477367088 123638175, 477367047 123638209, 477367006 123638242, 477366842 123638342, 477366719 123638509, 477366678 123638742, 477366597 123638975, 477366228 123639275, 477366433 123639342, 477366147 123640942, 477365615 123640842, 477365124 123640709, 477365165 123642075, 477365165 123642409, 477365574 123642409, 477365615 123642442, 477365697 123642442, 477365778 123642475, 477366269 123642742, 477366351 123642809, 477366474 123642809, 477366719 123642775, 477366760 123642775, 477366801 123642775, 477366883 123642942))"
54,513244,1,63,212040,,,,,0,0,4-56-17-692-34111783,,"POLYGON ((477027332 123626369, 477027291 123626436, 477027004 123626503, 477028354 123629168, 477029091 123630568, 477035226 123628303, 477035185 123628236, 477035185 123628203, 477035144 123628169, 477035062 123628103, 477035022 123628069, 477034981 123628069, 477034858 123628003, 477034694 123627936, 477034449 123627803, 477034203 123627636, 477033958 123627469, 477033712 123627336, 477033508 123627169, 477033303 123626936, 477033017 123626636, 477032649 123626203, 477032158 123625669, 477031585 123625003, 477030809 123625269, 477029909 123625603, 477029663 123625536, 477027332 123626369))"
55,513244,1,64,212040,,,,,0,0,4-56-17-694-18212140,,"POLYGON ((477073915 123817748, 477074201 123818682, 477074038 123818782, 477074038 123819015, 477074038 123819215, 477073956 123819482, 477074120 123819648, 477073179 123820715, 477073015 123820715, 477072851 123820914, 477072688 123821147, 477072524 123821347, 477072442 123821647, 477072442 123822047, 477072442 123822147, 477072524 123822347, 477072647 123822514, 477072892 123822814, 477073015 123822914, 477073261 123823014, 477073628 123823147, 477073996 123823247, 477074773 123823347, 477075469 123823381, 477075878 123823347, 477076328 123823281, 477076982 123823147, 477076941 123822981, 477078537 123822681, 477079069 123822781, 477079069 123822914, 477079232 123822981, 477079437 123823081, 477079600 123823214, 477079641 123823247, 477079928 123823081, 477080050 123823014, 477080255 123822881, 477080296 123822815, 477080337 123822715, 477080419 123822482, 477080460 123822382, 477080500 123822282, 477080623 123822148, 477080869 123821915, 477081196 123821648, 477081319 123821515, 477081441 123821415, 477081564 123821348, 477081728 123821315, 477081932 123821315, 477082014 123821248, 477082300 123820615, 477082300 123820582, 477082300 123820082, 477081523 123819148, 477081564 123819782, 477081319 123819782, 477081237 123818982, 477081073 123816382, 477075183 123814882, 477074120 123814915, 477074120 123814982, 477074201 123815015, 477074201 123815082, 477074161 123815148, 477074038 123815348, 477073997 123815415, 477073997 123815515, 477074038 123815648, 477074201 123815982, 477074242 123815982, 477074570 123815948, 477074651 123816115, 477074611 123816182, 477074447 123816215, 477074324 123816215, 477074692 123817515, 477073915 123817748))"
56,513244,1,65,212040,,,,,0,0,4-56-17-694-18212147,,"POLYGON ((477048346 123899973, 477048346 123899939, 477048305 123899873, 477048305 123899839, 477048223 123899773, 477048141 123899673, 477048060 123899606, 477047896 123899506, 477047650 123899439, 477047364 123899339, 477047078 123899273, 477046914 123899239, 477046751 123899206, 477046588 123899173, 477046342 123899073, 477046097 123899039, 477045974 123899006, 477045933 123898973, 477045851 123898973, 477045770 123899006, 477045688 123899039, 477045606 123899073, 477045524 123899173, 477045361 123899306, 477045115 123899539, 477044665 123900006, 477044624 123900006, 477044338 123900073, 477044297 123900073, 477044256 123900073, 477044215 123900073, 477044215 123900106, 477044051 123900206, 477042374 123901573, 477042415 123901806, 477042333 123902039, 477042333 123902172, 477041883 123902838, 477041924 123902972, 477042006 123903072, 477042538 123903372, 477042497 123903405, 477042742 123903605, 477043356 123903772, 477043642 123903872, 477043724 123903872, 477043970 123903972, 477044092 123903805, 477044133 123903738, 477045769 123903805, 477046669 123903805, 477047200 123903672, 477047282 123902739, 477048060 123902773, 477048141 123901939, 477048141 123901906, 477047814 123901673, 477047078 123901006, 477046873 123900906, 477047569 123900406, 477047732 123900273, 477047773 123900239, 477047855 123900239, 477047896 123900206, 477047937 123900206, 477048019 123900173, 477048060 123900173, 477048100 123900173, 477048141 123900173, 477048182 123900173, 477048223 123900139, 477048223 123900106, 477048264 123900073, 477048305 123900039, 477048346 123900006, 477048346 123899973))"
57,513244,1,66,212040,,,,,0,0,4-56-17-694-18212154,,"POLYGON ((477127216 123784250, 477127625 123784284, 477128238 123783917, 477128320 123783684, 477128443 123783484, 477128566 123783350, 477128934 123783050, 477128116 123781950, 477126602 123782684, 477126561 123782617, 477128607 123781584, 477128607 123781417, 477127543 123779917, 477127584 123779884, 477127625 123779884, 477127134 123779185, 477126602 123778518, 477125988 123777751, 477125825 123777385, 477125457 123777451, 477123125 123779418, 477122471 123778651, 477122144 123778485, 477121694 123778151, 477121735 123778085, 477121776 123778051, 477121898 123777918, 477121571 123777685, 477121448 123777785, 477121408 123777851, 477121367 123777885, 477120958 123777618, 477120589 123777518, 477120098 123777285, 477119976 123777251, 477119935 123777251, 477119771 123777218, 477119689 123777251, 477119608 123777251, 477119485 123777285, 477118871 123777518, 477118176 123777518, 477117930 123777685, 477117889 123778085, 477120630 123780517, 477120671 123780550, 477125170 123782150, 477125416 123782417, 477125579 123782584, 477125661 123782617, 477126111 123782750, 477126520 123782950, 477126766 123783084, 477126888 123783184, 477127011 123783350, 477127216 123783617, 477127297 123783750, 477127216 123784250))"
58,513244,1,67,212040,,,,,0,0,4-56-17-694-18212161,,"POLYGON ((477054485 123809782, 477054117 123809548, 477053667 123809315, 477053258 123809082, 477052972 123808848, 477052726 123808582, 477052644 123808348, 477052644 123808215, 477052726 123808048, 477052931 123807748, 477053626 123806848, 477053094 123806282, 477053053 123806248, 477051622 123804915, 477051376 123805182, 477051090 123804848, 477050885 123804648, 477050763 123804648, 477049290 123805148, 477048881 123805115, 477048553 123805148, 477048472 123805182, 477048103 123805182, 477047204 123804848, 477046714 123805415, 477046591 123805582, 477046714 123806248, 477046959 123807248, 477047082 123807315, 477046713 123808615, 477046753 123808748, 477046426 123810015, 477046508 123810448, 477047694 123811048, 477047940 123810548, 477049167 123810815, 477050517 123811415, 477052276 123812215, 477052522 123811815, 477051908 123811548, 477052317 123810848, 477051049 123810315, 477051703 123809148, 477054485 123810815, 477054485 123810715, 477054526 123810515, 477054526 123810448, 477054526 123810348, 477054526 123810282, 477054526 123810182, 477054526 123810115, 477054485 123810015, 477054485 123809948, 477054485 123809815, 477054485 123809782))"
59,513244,1,68,212040,,,,,0,0,4-56-17-694-18212168,,"POLYGON ((477017671 123795715, 477019267 123794449, 477020411 123795183, 477021638 123793983, 477020943 123793649, 477020411 123793416, 477020493 123793316, 477020043 123792516, 477020166 123792216, 477019798 123791883, 477018939 123791449, 477018407 123791449, 477017426 123790416, 477017344 123790049, 477017017 123790116, 477017017 123790149, 477017057 123790483, 477016894 123790683, 477016157 123791249, 477015830 123791283, 477015176 123791149, 477015135 123790783, 477015135 123790549, 477015421 123790383, 477015298 123790249, 477015298 123790049, 477015217 123789916, 477013539 123790016, 477012926 123790983, 477012885 123791183, 477012967 123791383, 477013212 123791649, 477013335 123791816, 477013580 123791983, 477014276 123792416, 477014685 123792649, 477014807 123792783, 477014889 123792916, 477014807 123793183, 477014807 123793483, 477014644 123793683, 477014235 123795048, 477014235 123795182, 477015298 123797115, 477015298 123797515, 477016485 123797615, 477017671 123795715))"
60,513244,1,69,212040,,,,,0,0,4-56-17-694-18212175,,"POLYGON ((476990919 123787149, 476992473 123785016, 476992105 123784816, 476991409 123784483, 476991369 123784449, 476991287 123784383, 476991000 123784249, 476990920 123784216, 476990919 123787149))"
61,513244,1,70,212040,,,,,0,0,4-56-17-694-18212175,,"POLYGON ((476990920 123784149, 476990960 123784116, 476990920 123784083, 476990920 123784149))"
62,513244,1,71,212040,,,,,0,0,4-56-17-694-18212182,,"POLYGON ((477000243 123874874, 477000325 123874940, 477000529 123875007, 477000774 123875107, 477000896 123875174, 477001142 123875274, 477001346 123875374, 477001551 123875474, 477001755 123875574, 477001960 123875674, 477002124 123875774, 477002328 123875840, 477002533 123875940, 477002737 123876040, 477002901 123876174, 477003105 123876274, 477003269 123876340, 477003392 123876407, 477003555 123876507, 477003678 123876574, 477004046 123876807, 477005724 123874307, 477005683 123874274, 477005601 123874240, 477005519 123874174, 477005355 123874074, 477005192 123873974, 477005028 123873874, 477004742 123873740, 477004333 123873540, 477003883 123873307, 477003474 123873107, 477003065 123872940, 477002737 123872774, 477002451 123872607, 477002166 123872474, 477001920 123872340, 477001879 123872307, 477001593 123872174, 477001388 123872074, 477001306 123872040, 477001061 123871940, 477000856 123871874, 477000775 123871840, 477000734 123871840, 477000570 123871840, 477000284 123871840, 477000161 123871874, 477000079 123871907, 476999997 123871907, 476999752 123871974, 476999752 123872007, 476999343 123872407, 476999097 123872207, 476998729 123872707, 476998647 123872674, 476997625 123873707, 476997625 123873774, 476998525 123874174, 476999997 123874774, 477000243 123874874))"
63,513244,1,72,212040,,,,,0,0,4-56-17-694-18212189,,"POLYGON ((477039388 123898873, 477039633 123898539, 477039470 123898273, 477039838 123897739, 477040124 123897273, 477040165 123897206, 477039429 123896573, 477039183 123896273, 477038979 123895973, 477038324 123896306, 477038120 123896073, 477037792 123896106, 477037506 123895406, 477037056 123895473, 477036565 123896239, 477036361 123896573, 477036197 123896706, 477036115 123896839, 477035911 123896973, 477035747 123897139, 477035747 123897773, 477035747 123898306, 477036483 123898639, 477037015 123898839, 477037506 123898973, 477038242 123899473, 477038201 123899506, 477039101 123899806, 477039142 123899639, 477039142 123899339, 477039101 123899173, 477039061 123898973, 477039020 123898873, 477039388 123898873))"
64,513244,1,73,212040,,,,,0,0,4-56-17-694-18212196,,"POLYGON ((477181211 123821747, 477182520 123819481, 477183092 123818381, 477183092 123818181, 477181702 123817714, 477180229 123817514, 477179656 123817447, 477179370 123817414, 477179247 123817414, 477178511 123817481, 477178347 123818814, 477178265 123819581, 477178633 123819614, 477178838 123819614, 477178879 123819681, 477178879 123819781, 477180720 123820714, 477180679 123820814, 477180433 123821147, 477180147 123821514, 477180392 123821681, 477180761 123821981, 477181047 123821981, 477181088 123821914, 477181211 123821747))"
65,513244,1,74,212040,,,,,0,0,4-56-17-694-18212203,,"POLYGON ((477053707 123843779, 477053134 123844744, 477053952 123844944, 477055589 123845378, 477055302 123846544, 477055139 123847244, 477055343 123847311, 477055262 123847644, 477055793 123847778, 477056242 123847944, 477056733 123848144, 477057306 123848144, 477058042 123848278, 477058861 123845212, 477058656 123845179, 477058697 123845079, 477058983 123844979, 477059351 123844979, 477059801 123845079, 477059883 123844945, 477061438 123845412, 477062215 123843879, 477062338 123843345, 477062256 123843179, 477061397 123842445, 477060620 123842579, 477060374 123842745, 477060251 123842879, 477059965 123843679, 477059761 123843612, 477059270 123843645, 477058901 123843312, 477058697 123843279, 477057102 123842445, 477055916 123842312, 477053871 123841745, 477053748 123841712, 477053584 123842012, 477053584 123842979, 477053584 123843412, 477053789 123843445, 477053707 123843745, 477053707 123843779))"
66,513244,1,75,212040,,,,,0,0,4-56-17-694-18212210,,"POLYGON ((477021187 123823480, 477023396 123825013, 477024542 123825780, 477025933 123825013, 477026751 123824546, 477027119 123824380, 477027978 123823880, 477028142 123823780, 477028674 123823480, 477028510 123823146, 477028224 123822813, 477028142 123822713, 477027815 123822446, 477026015 123821213, 477024337 123820146, 477024092 123820113, 477023765 123820080, 477022169 123821080, 477021842 123821313, 477022169 123821580, 477022169 123821613, 477022946 123822213, 477023028 123822313, 477021719 123822980, 477021555 123823146, 477021187 123823480))"
67,513244,1,76,212040,,,,,0,0,4-56-17-694-18212224,,"POLYGON ((477065079 123820881, 477066961 123821981, 477067165 123821914, 477067288 123821847, 477067492 123821714, 477067697 123821514, 477069211 123819947, 477069374 123819781, 477069415 123819681, 477069415 123819415, 477069456 123818915, 477069497 123818715, 477069620 123818348, 477069579 123818048, 477069538 123817882, 477069497 123817882, 477069333 123817848, 477068801 123818015, 477068638 123818015, 477067288 123817248, 477066183 123817682, 477065242 123817648, 477064712 123817682, 477064384 123817682, 477064016 123817747, 477063730 123817814, 477063484 123817881, 477063280 123817947, 477063034 123818047, 477062789 123818181, 477062625 123818247, 477062380 123818447, 477062175 123818647, 477061930 123818881, 477061725 123819114, 477061643 123819214, 477063443 123820247, 477063689 123820147, 477064956 123820914, 477065079 123820881))"
68,513244,1,77,212040,,,,,0,0,4-56-17-694-18212231,,"POLYGON ((477039392 123766152, 477039024 123766586, 477038615 123767019, 477038166 123767486, 477037838 123767886, 477037429 123768385, 477037143 123768751, 477036897 123769051, 477037225 123769151, 477037674 123769485, 477038124 123769851, 477038369 123769885, 477038533 123769918, 477039474 123769885, 477039555 123769851, 477040660 123770118, 477040742 123770218, 477042215 123770651, 477042296 123770685, 477042460 123770885, 477042501 123770985, 477042542 123770985, 477043074 123771118, 477044178 123771351, 477044260 123771385, 477044874 123770485, 477045774 123769351, 477046837 123769485, 477047042 123768952, 477046960 123768919, 477046633 123768786, 477046387 123768819, 477046142 123768752, 477044751 123768352, 477044833 123767919, 477044833 123767886, 477042174 123767252, 477043074 123765819, 477043115 123765786, 477043687 123764919, 477043115 123764619, 477042951 123764652, 477042542 123764452, 477041928 123764086, 477041765 123764019, 477041642 123763952, 477041519 123764119, 477041233 123764419, 477040905 123764719, 477040496 123765052, 477040333 123765219, 477040210 123765352, 477039760 123765752, 477039392 123766152))"
69,513244,1,78,212040,,,,,0,0,4-56-17-694-18212238,,"POLYGON ((477288789 123877112, 477288911 123876679, 477289361 123876112, 477289443 123876179, 477289852 123875779, 477289607 123875479, 477289525 123875345, 477289320 123874745, 477289239 123874612, 477289116 123874479, 477288870 123874345, 477288748 123874279, 477288748 123874245, 477288748 123874112, 477288911 123873879, 477289279 123873246, 477289566 123873046, 477289566 123872980, 477289566 123872880, 477289607 123872713, 477289607 123872546, 477289729 123872113, 477289770 123871980, 477289770 123871880, 477289770 123871813, 477289689 123871780, 477289239 123871780, 477288870 123871746, 477288502 123871813, 477288420 123871846, 477288176 123871946, 477287890 123872113, 477287440 123872413, 477287153 123872580, 477286908 123872680, 477286662 123872745, 477286417 123872346, 477286376 123872313, 477286376 123872280, 477286335 123872113, 477286621 123872013, 477286703 123872013, 477285803 123871346, 477285762 123871280, 477285680 123871146, 477285640 123871013, 477285680 123870913, 477285803 123870246, 477285803 123870113, 477285762 123869646, 477285680 123869646, 477285517 123869746, 477285476 123869813, 477285353 123869980, 477285271 123870046, 477285190 123870113, 477285108 123870146, 477285067 123870246, 477285067 123870346, 477285026 123870713, 477284985 123870880, 477284903 123871113, 477284699 123871380, 477284494 123871280, 477284412 123871313, 477284208 123871380, 477284126 123871413, 477284085 123871380, 477283799 123871046, 477283226 123870346, 477282653 123869546, 477282571 123869446, 477282571 123869413, 477282571 123869380, 477281794 123869413, 477281262 123869413, 477281140 123869413, 477281017 123869546, 477280730 123870013, 477281262 123870346, 477282694 123871380, 477282817 123871280, 477283962 123872145, 477283799 123872312, 477283185 123872779, 477283144 123872845, 477282817 123872679, 477282612 123873012, 477282408 123872879, 477281794 123873512, 477282612 123873979, 477282817 123874112, 477283021 123874279, 477283676 123875379, 477283635 123875479, 477283635 123875712, 477283635 123876212, 477283635 123876312, 477283635 123876479, 477283635 123876579, 477283635 123876612, 477283635 123876745, 477283676 123876845, 477283676 123876945, 477283676 123877079, 477283717 123877179, 477283717 123877279, 477283717 123877379, 477283676 123877479, 477283676 123877579, 477283635 123877679, 477283594 123877779, 477283512 123877945, 477283430 123878012, 477283390 123878112, 477283349 123878145, 477283267 123878212, 477283226 123878279, 477283226 123878312, 477283226 123878412, 477283226 123878479, 477283185 123878512, 477283144 123878879, 477283471 123879212, 477283962 123879412, 477284126 123879545, 477284944 123879945, 477284985 123879912, 477285516 123880245, 477285270 123880545, 477285189 123880679, 477285189 123880779, 477284984 123881245, 477284820 123881611, 477284943 123881644, 477285229 123881512, 477285679 123881245, 477285884 123881145, 477286170 123880945, 477286252 123880579, 477287684 123878945, 477287357 123878545, 477287684 123878179, 477288420 123877412, 477288461 123877379, 477288502 123877412, 477288584 123877479, 477288625 123877512, 477288666 123877612, 477288707 123877679, 477288707 123877745, 477288707 123877845, 477288748 123877912, 477288707 123877979, 477288666 123878079, 477288625 123878179, 477288625 123878245, 477288625 123878345, 477288584 123878412, 477288584 123878479, 477288584 123878512, 477288625 123878512, 477288666 123878512, 477288707 123878479, 477288829 123878412, 477289116 123878012, 477289157 123877979, 477289157 123877912, 477289157 123877812, 477289157 123877712, 477289157 123877645, 477289075 123877479, 477288952 123877279, 477288911 123877212, 477288789 123877112))"
70,513244,1,79,212040,,,,,0,0,4-56-17-694-18212245,,"POLYGON ((477264124 123838715, 477263879 123838515, 477259339 123838215, 477259053 123838215, 477258848 123838282, 477258766 123838315, 477258725 123838348, 477258684 123838382, 477258603 123838548, 477258234 123839115, 477258112 123839415, 477258030 123839548, 477257907 123839848, 477257703 123840582, 477257539 123841215, 477257457 123841415, 477257294 123842215, 477257212 123842615, 477257212 123842982, 477257253 123843115, 477257294 123843348, 477257334 123843548, 477257375 123843748, 477257416 123843982, 477257416 123844315, 477257416 123844615, 477257457 123844915, 477258316 123845148, 477259133 123845415, 477259870 123845548, 477260729 123845748, 477261588 123846048, 477262488 123846215, 477263020 123846182, 477263552 123846115, 477263879 123845982, 477264124 123845815, 477264411 123845515, 477265065 123844782, 477265065 123844682, 477265106 123844582, 477265720 123843748, 477265720 123843715, 477265802 123843448, 477266006 123843482, 477266047 123843482, 477266047 123843415, 477266088 123843248, 477266088 123843182, 477266170 123842915, 477266211 123842682, 477266211 123842648, 477266211 123842415, 477266211 123842248, 477266211 123842148, 477266252 123842115, 477266293 123842015, 477266333 123841948, 477266374 123841848, 477266415 123841782, 477266415 123841715, 477266415 123841648, 477266415 123841615, 477266374 123841582, 477266374 123841548, 477266129 123841315, 477266047 123841415, 477265843 123841248, 477265433 123840915, 477265515 123840748, 477265270 123840448, 477264943 123839715, 477264779 123839482, 477264124 123838715))"
71,513244,1,80,212040,,,,,0,0,4-56-17-694-18212252,,"POLYGON ((477261915 123833883, 477261752 123834316, 477261465 123835316, 477261424 123835616, 477261424 123835749, 477262038 123837348, 477262611 123837982, 477264288 123838182, 477264411 123838182, 477264779 123838048, 477265556 123837682, 477265720 123837615, 477266047 123837516, 477266947 123837449, 477267274 123837283, 477267111 123836016, 477267193 123835916, 477266211 123835416, 477266006 123835383, 477265147 123835883, 477264329 123834949, 477264452 123834449, 477264288 123834349, 477264574 123834016, 477264943 123833449, 477264574 123833449, 477262693 123832283, 477262529 123832449, 477262162 123832216, 477261344 123832983, 477261466 123833149, 477261303 123833449, 477261262 123833516, 477261344 123833583, 477261712 123833816, 477261915 123833883))"
72,513244,1,81,212040,,,,,0,0,4-56-17-694-18212259,,"POLYGON ((477291449 123854648, 477293412 123854982, 477293535 123854748, 477293944 123854815, 477294435 123853148, 477294558 123852715, 477294599 123852448, 477294680 123852148, 477294640 123851548, 477294558 123851115, 477294476 123850882, 477294353 123850448, 477294312 123850348, 477294394 123850315, 477294271 123850082, 477294230 123850015, 477294190 123849982, 477293494 123850515, 477293453 123850448, 477292840 123849882, 477291490 123850782, 477291285 123850948, 477289485 123852248, 477289321 123852348, 477289567 123852582, 477290058 123853115, 477290426 123854148, 477290794 123854448, 477291449 123854582, 477291449 123854648))"
73,513244,1,82,212040,,,,,0,0,4-56-17-694-18212266,,"POLYGON ((477272676 123624008, 477272799 123624308, 477272840 123624441, 477273004 123624641, 477273167 123624808, 477273126 123625008, 477273085 123625108, 477273004 123625108, 477271654 123625241, 477271981 123626341, 477272717 123626741, 477272799 123626708, 477272922 123626674, 477273045 123626708, 477273126 123626708, 477273781 123626741, 477273863 123626708, 477274067 123626674, 477274231 123626541, 477274313 123626474, 477274354 123626441, 477274435 123626374, 477274476 123626308, 477274517 123626241, 477274558 123626174, 477274599 123626074, 477274599 123625974, 477274640 123625874, 477274681 123625741, 477274681 123625641, 477274722 123625541, 477274804 123625441, 477274885 123625208, 477274804 123625108, 477274722 123624941, 477276031 123624541, 477276849 123624374, 477278404 123624108, 477278649 123624074, 477278690 123624008, 477278772 123623941, 477278854 123623841, 477278935 123623708, 477279140 123623008, 477279345 123622808, 477279835 123622608, 477279917 123622608, 477280981 123622708, 477281266 123622708, 477282044 123622808, 477282453 123622908, 477282821 123623008, 477283066 123623108, 477283271 123623208, 477283394 123623241, 477283516 123623308, 477283598 123623341, 477283721 123623408, 477283803 123623441, 477283925 123623474, 477283925 123623508, 477284007 123623541, 477284048 123623608, 477284089 123623674, 477284130 123623741, 477284130 123623808, 477284130 123623874, 477284089 123623941, 477284048 123624041, 477284048 123624074, 477284048 123624108, 477284089 123624141, 477284130 123624141, 477284171 123624141, 477284253 123624108, 477284294 123624074, 477284457 123623874, 477284539 123623808, 477284662 123623674, 477284744 123623541, 477284948 123623441, 477284989 123623341, 477285071 123623241, 477285153 123623174, 477285521 123622775, 477285603 123622675, 477285521 123622542, 477285562 123622509, 477285194 123622075, 477284907 123621809, 477284784 123621675, 477284825 123621609, 477284784 123621609, 477284539 123621642, 477284416 123621642, 477284048 123621709, 477283966 123621709, 477283884 123621709, 477283516 123621642, 477281839 123620909, 477281717 123620742, 477281595 123620509, 477281554 123620475, 477281595 123620475, 477281267 123619942, 477281022 123619542, 477280940 123619509, 477280858 123619509, 477280245 123619575, 477279795 123619642, 477279508 123619709, 477279304 123619809, 477278976 123619975, 477278976 123620042, 477278690 123620175, 477278445 123620375, 477278322 123620409, 477277872 123620841, 477277545 123621074, 477277463 123621008, 477277135 123620541, 477276849 123620674, 477275867 123620541, 477275745 123620541, 477275867 123620374, 477276685 123620042, 477277013 123619942, 477277135 123619709, 477277095 123619675, 477277054 123619609, 477276849 123619342, 477276808 123619309, 477276726 123619242, 477276767 123619209, 477276726 123619209, 477275131 123619242, 477274845 123619242, 477274599 123620008, 477274599 123620174, 477274435 123620074, 477273904 123619941, 477273740 123619941, 477273658 123619974, 477273535 123620008, 477273495 123620041, 477273454 123620108, 477273495 123620174, 477273904 123621174, 477274026 123621508, 477274026 123621608, 477274067 123621708, 477274026 123621841, 477273945 123621941, 477273863 123622041, 477273781 123622141, 477273413 123622508, 477272881 123622974, 477272758 123623108, 477272635 123623308, 477272635 123623408, 477272676 123624008))"
74,513244,1,83,212040,,,,,0,0,4-56-17-694-18212273,,"POLYGON ((477296770 123625675, 477297711 123625775, 477302415 123626275, 477302497 123626242, 477302988 123623309, 477301433 123623109, 477300615 123623042, 477300288 123623009, 477297956 123622709, 477297874 123622709, 477297179 123623075, 477297056 123623175, 477296729 123623109, 477296443 123623509, 477296074 123625542, 477295993 123625542, 477295665 123625675, 477295665 123625941, 477295543 123627074, 477296565 123627174, 477296770 123625675))"
75,513244,1,84,212040,,,,,0,0,4-56-17-694-18212280,,"POLYGON ((477359478 123704034, 477360133 123704501, 477360297 123704367, 477360501 123704101, 477360747 123703767, 477360910 123703601, 477361156 123703534, 477361197 123703601, 477361277 123703734, 477361687 123703934, 477361523 123704067, 477361809 123704234, 477361646 123704401, 477361646 123704434, 477362014 123704667, 477361809 123704967, 477361932 123705067, 477361441 123705801, 477362914 123706434, 477362955 123706434, 477363241 123706067, 477363650 123705867, 477363732 123705801, 477363732 123705701, 477363977 123705301, 477364059 123705167, 477363773 123705034, 477363405 123704901, 477363609 123704501, 477363527 123704467, 477364427 123703002, 477364427 123702802, 477365000 123701968, 477365082 123701868, 477364509 123701602, 477364100 123701502, 477363896 123701368, 477363773 123701302, 477363691 123701235, 477363650 123701202, 477363609 123701168, 477362709 123700168, 477362668 123700168, 477362218 123700502, 477361727 123700868, 477361441 123701135, 477360706 123701302, 477360542 123701368, 477360338 123701635, 477360297 123701735, 477360297 123701768, 477361237 123702902, 477361277 123703002, 477361318 123703068, 477361318 123703168, 477361115 123703501, 477360869 123703534, 477360706 123703701, 477359724 123702602, 477358619 123703101, 477358578 123703167, 477358906 123703367, 477359478 123704034))"
76,513244,1,85,212040,,,,,0,0,7-56-17-108-26130415,,"POLYGON ((477125748 123613171, 477125748 123613138, 477125625 123613071, 477125584 123613039, 477125543 123613006, 477125502 123613006, 477125462 123613006, 477125380 123613006, 477125257 123613006, 477125052 123613005, 477124807 123613038, 477124602 123613071, 477124439 123613105, 477124234 123613138, 477124112 123613171, 477124030 123613171, 477123867 123613238, 477123785 123613271, 477123663 123613305, 477123417 123613438, 477123090 123613571, 477122640 123613805, 477122149 123614038, 477121658 123614271, 477121208 123614471, 477120840 123614638, 477120513 123614805, 477120431 123614971, 477120840 123615605, 477121126 123616005, 477121535 123616605, 477121781 123616971, 477122312 123617738, 477122312 123617771, 477122557 123618138, 477122802 123618438, 477122802 123618471, 477122843 123618571, 477122884 123618571, 477123007 123618738, 477123007 123618771, 477123212 123618805, 477123334 123618738, 477123539 123618638, 477123784 123618538, 477124112 123618371, 477124480 123618205, 477124807 123618071, 477125093 123617971, 477125421 123617838, 477125748 123617738, 477126075 123617671, 477126362 123617571, 477126607 123617538, 477126607 123615638, 477125748 123613171))"
77,513244,1,86,212040,,,,,0,0,7-56-17-247-2769041,,"POLYGON ((477031416 123787350, 477030597 123787117, 477030025 123786984, 477029861 123787184, 477029779 123787284, 477029779 123787484, 477029738 123787784, 477029616 123787750, 477029206 123787584, 477029125 123787716, 477028675 123788383, 477028143 123788149, 477027979 123788083, 477027816 123788349, 477027447 123788749, 477027243 123788916, 477026916 123789083, 477026425 123789249, 477025361 123788983, 477025484 123790016, 477024747 123790083, 477024829 123790683, 477025606 123791216, 477025729 123791316, 477025934 123791516, 477026179 123791749, 477026343 123791849, 477026588 123791983, 477026670 123791983, 477026752 123791916, 477027161 123792083, 477027120 123792216, 477027734 123792483, 477027856 123792416, 477028143 123792516, 477028184 123792549, 477028143 123792683, 477028347 123792749, 477028961 123792983, 477030025 123793283, 477030433 123793416, 477030678 123793516, 477030801 123792816, 477030924 123792316, 477031210 123792049, 477031292 123790349, 477031375 123789149, 477031416 123788050, 477031416 123787484, 477031416 123787350))"
